INSERT INTO public.tblcourse (course_id, course) VALUES (1, 'суп');
INSERT INTO public.tblcourse (course_id, course) VALUES (2, 'основное блюдо');
INSERT INTO public.tblcourse (course_id, course) VALUES (3, 'салат');
INSERT INTO public.tblcourse (course_id, course) VALUES (4, 'гарнир');
INSERT INTO public.tblcourse (course_id, course) VALUES (5, 'десерт');
INSERT INTO public.tblcourse (course_id, course) VALUES (6, 'напиток');
SELECT setval('tblcourse_course_id_seq', (SELECT MAX(course_id) FROM public.tblcourse));

INSERT INTO public.tblcuisine (cuisine_id, cuisine) VALUES (1, 'европейская');
INSERT INTO public.tblcuisine (cuisine_id, cuisine) VALUES (2, 'средиземноморская');
INSERT INTO public.tblcuisine (cuisine_id, cuisine) VALUES (3, 'мексиканская');
INSERT INTO public.tblcuisine (cuisine_id, cuisine) VALUES (4, 'русская');
SELECT setval('tblcuisine_cuisine_id_seq', (SELECT MAX(cuisine_id) FROM public.tblcuisine));

INSERT INTO public.tblfoodcategory (food_category_id, food_category) VALUES (1, 'молочные продукты');
INSERT INTO public.tblfoodcategory (food_category_id, food_category) VALUES (2, 'овощи');
INSERT INTO public.tblfoodcategory (food_category_id, food_category) VALUES (3, 'злаковые');
INSERT INTO public.tblfoodcategory (food_category_id, food_category) VALUES (4, 'фрукты');
INSERT INTO public.tblfoodcategory (food_category_id, food_category) VALUES (5, 'птица');
INSERT INTO public.tblfoodcategory (food_category_id, food_category) VALUES (6, 'мясо');
SELECT setval('tblfoodcategory_food_category_id_seq', (SELECT MAX(food_category_id) FROM public.tblfoodcategory));

INSERT INTO public.tbllevel (level_id) VALUES (1);
INSERT INTO public.tbllevel (level_id) VALUES (2);
INSERT INTO public.tbllevel (level_id) VALUES (3);
SELECT setval('tbllevel_level_id_seq', (SELECT MAX(level_id) FROM public.tbllevel));

INSERT INTO public.tblmeal (meal_id, meal) VALUES (1, 'завтрак');
INSERT INTO public.tblmeal (meal_id, meal) VALUES (2, 'обед');
INSERT INTO public.tblmeal (meal_id, meal) VALUES (3, 'ужин');
SELECT setval('tblmeal_meal_id_seq', (SELECT MAX(meal_id) FROM public.tblmeal));

INSERT INTO public.tblmeasurement (measurement_id, name) VALUES (1, 'гр.');
INSERT INTO public.tblmeasurement (measurement_id, name) VALUES (2, 'мл.');
INSERT INTO public.tblmeasurement (measurement_id, name) VALUES (3, 'шт.');
INSERT INTO public.tblmeasurement (measurement_id, name) VALUES (4, 'ст.л.');
SELECT setval('tblmeasurement_measurement_id_seq', (SELECT MAX(measurement_id) FROM public.tblmeasurement));

INSERT INTO public.tblnutritionalinformation (nutrition_information_id, name) VALUES (1, 'жир');
INSERT INTO public.tblnutritionalinformation (nutrition_information_id, name) VALUES (2, 'белок');
INSERT INTO public.tblnutritionalinformation (nutrition_information_id, name) VALUES (3, 'углевод');
SELECT setval('tblnutritionalinformation_nutrition_information_id_seq', (SELECT MAX(nutrition_information_id) FROM public.tblnutritionalinformation));

INSERT INTO public.tblingredient (ingredient_id,name) VALUES (1,'Абрикос');
INSERT INTO public.tblingredientnutritionaninformation (amount, ingredient_id, ni_id) VALUES (0.1, 1, 1);
INSERT INTO public.tblingredientnutritionaninformation (amount, ingredient_id, ni_id) VALUES (0.9, 1, 2);
INSERT INTO public.tblingredientnutritionaninformation (amount, ingredient_id, ni_id) VALUES (9.0, 1, 3);
INSERT INTO public.tblingredient (ingredient_id,name) VALUES (2,'Абрикос консервированный');
INSERT INTO public.tblingredientnutritionaninformation (amount, ingredient_id, ni_id) VALUES (0.1, 2, 1);
INSERT INTO public.tblingredientnutritionaninformation (amount, ingredient_id, ni_id) VALUES (0.4, 2, 2);
INSERT INTO public.tblingredientnutritionaninformation (amount, ingredient_id, ni_id) VALUES (15.5, 2, 3);
INSERT INTO public.tblingredient (ingredient_id,name) VALUES (3,'Абрикосовая косточка');
INSERT INTO public.tblingredientnutritionaninformation (amount, ingredient_id, ni_id) VALUES (27.7, 3, 1);
INSERT INTO public.tblingredientnutritionaninformation (amount, ingredient_id, ni_id) VALUES (14.0, 3, 2);
INSERT INTO public.tblingredientnutritionaninformation (amount, ingredient_id, ni_id) VALUES (56.3, 3, 3);
INSERT INTO public.tblingredient (ingredient_id,name) VALUES (4,'Абрикосовый компот');
INSERT INTO public.tblingredientnutritionaninformation (amount, ingredient_id, ni_id) VALUES (0.0, 4, 1);
INSERT INTO public.tblingredientnutritionaninformation (amount, ingredient_id, ni_id) VALUES (0.5, 4, 2);
INSERT INTO public.tblingredientnutritionaninformation (amount, ingredient_id, ni_id) VALUES (21.0, 4, 3);
INSERT INTO public.tblingredient (ingredient_id,name) VALUES (5,'Абрикосовый сок');
INSERT INTO public.tblingredientnutritionaninformation (amount, ingredient_id, ni_id) VALUES (0.1, 5, 1);
INSERT INTO public.tblingredientnutritionaninformation (amount, ingredient_id, ni_id) VALUES (0.9, 5, 2);
INSERT INTO public.tblingredientnutritionaninformation (amount, ingredient_id, ni_id) VALUES (9.0, 5, 3);
INSERT INTO public.tblingredient (ingredient_id,name) VALUES (6,'Абсент');
INSERT INTO public.tblingredientnutritionaninformation (amount, ingredient_id, ni_id) VALUES (0.0, 6, 1);
INSERT INTO public.tblingredientnutritionaninformation (amount, ingredient_id, ni_id) VALUES (0.0, 6, 2);
INSERT INTO public.tblingredientnutritionaninformation (amount, ingredient_id, ni_id) VALUES (8.8, 6, 3);
INSERT INTO public.tblingredient (ingredient_id,name) VALUES (7,'Авокадо');
INSERT INTO public.tblingredientnutritionaninformation (amount, ingredient_id, ni_id) VALUES (20.0, 7, 1);
INSERT INTO public.tblingredientnutritionaninformation (amount, ingredient_id, ni_id) VALUES (2.0, 7, 2);
INSERT INTO public.tblingredientnutritionaninformation (amount, ingredient_id, ni_id) VALUES (6.0, 7, 3);
INSERT INTO public.tblingredient (ingredient_id,name) VALUES (8,'Агар пищевой');
INSERT INTO public.tblingredientnutritionaninformation (amount, ingredient_id, ni_id) VALUES (0.0, 8, 1);
INSERT INTO public.tblingredientnutritionaninformation (amount, ingredient_id, ni_id) VALUES (4.0, 8, 2);
INSERT INTO public.tblingredientnutritionaninformation (amount, ingredient_id, ni_id) VALUES (76.0, 8, 3);
INSERT INTO public.tblingredient (ingredient_id,name) VALUES (9,'Аджика');
INSERT INTO public.tblingredientnutritionaninformation (amount, ingredient_id, ni_id) VALUES (3.7, 9, 1);
INSERT INTO public.tblingredientnutritionaninformation (amount, ingredient_id, ni_id) VALUES (1.0, 9, 2);
INSERT INTO public.tblingredientnutritionaninformation (amount, ingredient_id, ni_id) VALUES (5.8, 9, 3);
INSERT INTO public.tblingredient (ingredient_id,name) VALUES (10,'Ажгон');
INSERT INTO public.tblingredientnutritionaninformation (amount, ingredient_id, ni_id) VALUES (14.5, 10, 1);
INSERT INTO public.tblingredientnutritionaninformation (amount, ingredient_id, ni_id) VALUES (19.7, 10, 2);
INSERT INTO public.tblingredientnutritionaninformation (amount, ingredient_id, ni_id) VALUES (11.9, 10, 3);
INSERT INTO public.tblingredient (ingredient_id,name) VALUES (11,'Азу');
INSERT INTO public.tblingredientnutritionaninformation (amount, ingredient_id, ni_id) VALUES (14.2, 11, 1);
INSERT INTO public.tblingredientnutritionaninformation (amount, ingredient_id, ni_id) VALUES (11.9, 11, 2);
INSERT INTO public.tblingredientnutritionaninformation (amount, ingredient_id, ni_id) VALUES (10.2, 11, 3);
INSERT INTO public.tblingredient (ingredient_id,name) VALUES (12,'Айва');
INSERT INTO public.tblingredientnutritionaninformation (amount, ingredient_id, ni_id) VALUES (0.5, 12, 1);
INSERT INTO public.tblingredientnutritionaninformation (amount, ingredient_id, ni_id) VALUES (0.6, 12, 2);
INSERT INTO public.tblingredientnutritionaninformation (amount, ingredient_id, ni_id) VALUES (9.8, 12, 3);
INSERT INTO public.tblingredient (ingredient_id,name) VALUES (13,'Айран (тан) газированный');
INSERT INTO public.tblingredientnutritionaninformation (amount, ingredient_id, ni_id) VALUES (1.5, 13, 1);
INSERT INTO public.tblingredientnutritionaninformation (amount, ingredient_id, ni_id) VALUES (1.1, 13, 2);
INSERT INTO public.tblingredientnutritionaninformation (amount, ingredient_id, ni_id) VALUES (1.4, 13, 3);
INSERT INTO public.tblingredient (ingredient_id,name) VALUES (14,'Айсинг');
INSERT INTO public.tblingredientnutritionaninformation (amount, ingredient_id, ni_id) VALUES (0.0, 14, 1);
INSERT INTO public.tblingredientnutritionaninformation (amount, ingredient_id, ni_id) VALUES (2.3, 14, 2);
INSERT INTO public.tblingredientnutritionaninformation (amount, ingredient_id, ni_id) VALUES (78.8, 14, 3);
INSERT INTO public.tblingredient (ingredient_id,name) VALUES (15,'Аки');
INSERT INTO public.tblingredientnutritionaninformation (amount, ingredient_id, ni_id) VALUES (15.0, 15, 1);
INSERT INTO public.tblingredientnutritionaninformation (amount, ingredient_id, ni_id) VALUES (1.0, 15, 2);
INSERT INTO public.tblingredientnutritionaninformation (amount, ingredient_id, ni_id) VALUES (8.0, 15, 3);
INSERT INTO public.tblingredient (ingredient_id,name) VALUES (16,'Акула катран');
INSERT INTO public.tblingredientnutritionaninformation (amount, ingredient_id, ni_id) VALUES (7.0, 16, 1);
INSERT INTO public.tblingredientnutritionaninformation (amount, ingredient_id, ni_id) VALUES (19.9, 16, 2);
INSERT INTO public.tblingredientnutritionaninformation (amount, ingredient_id, ni_id) VALUES (0.0, 16, 3);
INSERT INTO public.tblingredient (ingredient_id,name) VALUES (17,'Акульи плавники');
INSERT INTO public.tblingredientnutritionaninformation (amount, ingredient_id, ni_id) VALUES (4.8, 17, 1);
INSERT INTO public.tblingredientnutritionaninformation (amount, ingredient_id, ni_id) VALUES (21.0, 17, 2);
INSERT INTO public.tblingredientnutritionaninformation (amount, ingredient_id, ni_id) VALUES (0.0, 17, 3);
INSERT INTO public.tblingredient (ingredient_id,name) VALUES (18,'Алыча');
INSERT INTO public.tblingredientnutritionaninformation (amount, ingredient_id, ni_id) VALUES (0.0, 18, 1);
INSERT INTO public.tblingredientnutritionaninformation (amount, ingredient_id, ni_id) VALUES (0.2, 18, 2);
INSERT INTO public.tblingredientnutritionaninformation (amount, ingredient_id, ni_id) VALUES (6.9, 18, 3);
INSERT INTO public.tblingredient (ingredient_id,name) VALUES (19,'Амарант');
INSERT INTO public.tblingredientnutritionaninformation (amount, ingredient_id, ni_id) VALUES (7.0, 19, 1);
INSERT INTO public.tblingredientnutritionaninformation (amount, ingredient_id, ni_id) VALUES (13.6, 19, 2);
INSERT INTO public.tblingredientnutritionaninformation (amount, ingredient_id, ni_id) VALUES (69.0, 19, 3);
INSERT INTO public.tblingredient (ingredient_id,name) VALUES (20,'Амур белый');
INSERT INTO public.tblingredientnutritionaninformation (amount, ingredient_id, ni_id) VALUES (5.3, 20, 1);
INSERT INTO public.tblingredientnutritionaninformation (amount, ingredient_id, ni_id) VALUES (18.6, 20, 2);
INSERT INTO public.tblingredientnutritionaninformation (amount, ingredient_id, ni_id) VALUES (0.0, 20, 3);
INSERT INTO public.tblingredient (ingredient_id,name) VALUES (21,'Амур чёрный');
INSERT INTO public.tblingredientnutritionaninformation (amount, ingredient_id, ni_id) VALUES (2.0, 21, 1);
INSERT INTO public.tblingredientnutritionaninformation (amount, ingredient_id, ni_id) VALUES (17.5, 21, 2);
INSERT INTO public.tblingredientnutritionaninformation (amount, ingredient_id, ni_id) VALUES (0.0, 21, 3);
INSERT INTO public.tblingredient (ingredient_id,name) VALUES (22,'Ананас');
INSERT INTO public.tblingredientnutritionaninformation (amount, ingredient_id, ni_id) VALUES (0.2, 22, 1);
INSERT INTO public.tblingredientnutritionaninformation (amount, ingredient_id, ni_id) VALUES (0.4, 22, 2);
INSERT INTO public.tblingredientnutritionaninformation (amount, ingredient_id, ni_id) VALUES (10.6, 22, 3);
INSERT INTO public.tblingredient (ingredient_id,name) VALUES (23,'Ананас консервированный');
INSERT INTO public.tblingredientnutritionaninformation (amount, ingredient_id, ni_id) VALUES (0.1, 23, 1);
INSERT INTO public.tblingredientnutritionaninformation (amount, ingredient_id, ni_id) VALUES (0.1, 23, 2);
INSERT INTO public.tblingredientnutritionaninformation (amount, ingredient_id, ni_id) VALUES (14.0, 23, 3);
INSERT INTO public.tblingredient (ingredient_id,name) VALUES (24,'Ананасовый сок');
INSERT INTO public.tblingredientnutritionaninformation (amount, ingredient_id, ni_id) VALUES (0.1, 24, 1);
INSERT INTO public.tblingredientnutritionaninformation (amount, ingredient_id, ni_id) VALUES (0.3, 24, 2);
INSERT INTO public.tblingredientnutritionaninformation (amount, ingredient_id, ni_id) VALUES (11.4, 24, 3);
INSERT INTO public.tblingredient (ingredient_id,name) VALUES (25,'Ангурия (Антильский огурец)');
INSERT INTO public.tblingredientnutritionaninformation (amount, ingredient_id, ni_id) VALUES (1.3, 25, 1);
INSERT INTO public.tblingredientnutritionaninformation (amount, ingredient_id, ni_id) VALUES (1.8, 25, 2);
INSERT INTO public.tblingredientnutritionaninformation (amount, ingredient_id, ni_id) VALUES (7.6, 25, 3);
INSERT INTO public.tblingredient (ingredient_id,name) VALUES (26,'Анис');
INSERT INTO public.tblingredientnutritionaninformation (amount, ingredient_id, ni_id) VALUES (15.9, 26, 1);
INSERT INTO public.tblingredientnutritionaninformation (amount, ingredient_id, ni_id) VALUES (17.6, 26, 2);
INSERT INTO public.tblingredientnutritionaninformation (amount, ingredient_id, ni_id) VALUES (35.4, 26, 3);
INSERT INTO public.tblingredient (ingredient_id,name) VALUES (27,'Антрекот');
INSERT INTO public.tblingredientnutritionaninformation (amount, ingredient_id, ni_id) VALUES (31.2, 27, 1);
INSERT INTO public.tblingredientnutritionaninformation (amount, ingredient_id, ni_id) VALUES (27.3, 27, 2);
INSERT INTO public.tblingredientnutritionaninformation (amount, ingredient_id, ni_id) VALUES (1.7, 27, 3);
INSERT INTO public.tblingredient (ingredient_id,name) VALUES (28,'Анчоус атлантический');
INSERT INTO public.tblingredientnutritionaninformation (amount, ingredient_id, ni_id) VALUES (6.1, 28, 1);
INSERT INTO public.tblingredientnutritionaninformation (amount, ingredient_id, ni_id) VALUES (20.1, 28, 2);
INSERT INTO public.tblingredientnutritionaninformation (amount, ingredient_id, ni_id) VALUES (0.0, 28, 3);
INSERT INTO public.tblingredient (ingredient_id,name) VALUES (29,'Анчоусная паста');
INSERT INTO public.tblingredientnutritionaninformation (amount, ingredient_id, ni_id) VALUES (16.0, 29, 1);
INSERT INTO public.tblingredientnutritionaninformation (amount, ingredient_id, ni_id) VALUES (26.0, 29, 2);
INSERT INTO public.tblingredientnutritionaninformation (amount, ingredient_id, ni_id) VALUES (4.0, 29, 3);
INSERT INTO public.tblingredient (ingredient_id,name) VALUES (30,'Анчоусы консервированные');
INSERT INTO public.tblingredientnutritionaninformation (amount, ingredient_id, ni_id) VALUES (6.1, 30, 1);
INSERT INTO public.tblingredientnutritionaninformation (amount, ingredient_id, ni_id) VALUES (20.1, 30, 2);
INSERT INTO public.tblingredientnutritionaninformation (amount, ingredient_id, ni_id) VALUES (0.0, 30, 3);
INSERT INTO public.tblingredient (ingredient_id,name) VALUES (31,'Апельсин');
INSERT INTO public.tblingredientnutritionaninformation (amount, ingredient_id, ni_id) VALUES (0.2, 31, 1);
INSERT INTO public.tblingredientnutritionaninformation (amount, ingredient_id, ni_id) VALUES (0.9, 31, 2);
INSERT INTO public.tblingredientnutritionaninformation (amount, ingredient_id, ni_id) VALUES (8.1, 31, 3);
INSERT INTO public.tblingredient (ingredient_id,name) VALUES (32,'Апельсин маринованный');
INSERT INTO public.tblingredientnutritionaninformation (amount, ingredient_id, ni_id) VALUES (0.0, 32, 1);
INSERT INTO public.tblingredientnutritionaninformation (amount, ingredient_id, ni_id) VALUES (0.6, 32, 2);
INSERT INTO public.tblingredientnutritionaninformation (amount, ingredient_id, ni_id) VALUES (8.9, 32, 3);
INSERT INTO public.tblingredient (ingredient_id,name) VALUES (33,'Апельсиновый нектар');
INSERT INTO public.tblingredientnutritionaninformation (amount, ingredient_id, ni_id) VALUES (0.0, 33, 1);
INSERT INTO public.tblingredientnutritionaninformation (amount, ingredient_id, ni_id) VALUES (0.3, 33, 2);
INSERT INTO public.tblingredientnutritionaninformation (amount, ingredient_id, ni_id) VALUES (10.1, 33, 3);
INSERT INTO public.tblingredient (ingredient_id,name) VALUES (34,'Апельсиновый сок');
INSERT INTO public.tblingredientnutritionaninformation (amount, ingredient_id, ni_id) VALUES (0.2, 34, 1);
INSERT INTO public.tblingredientnutritionaninformation (amount, ingredient_id, ni_id) VALUES (0.9, 34, 2);
INSERT INTO public.tblingredientnutritionaninformation (amount, ingredient_id, ni_id) VALUES (8.1, 34, 3);
INSERT INTO public.tblingredient (ingredient_id,name) VALUES (35,'Арахис');
INSERT INTO public.tblingredientnutritionaninformation (amount, ingredient_id, ni_id) VALUES (45.2, 35, 1);
INSERT INTO public.tblingredientnutritionaninformation (amount, ingredient_id, ni_id) VALUES (26.3, 35, 2);
INSERT INTO public.tblingredientnutritionaninformation (amount, ingredient_id, ni_id) VALUES (9.9, 35, 3);
INSERT INTO public.tblingredient (ingredient_id,name) VALUES (36,'Арбуз');
INSERT INTO public.tblingredientnutritionaninformation (amount, ingredient_id, ni_id) VALUES (0.1, 36, 1);
INSERT INTO public.tblingredientnutritionaninformation (amount, ingredient_id, ni_id) VALUES (0.6, 36, 2);
INSERT INTO public.tblingredientnutritionaninformation (amount, ingredient_id, ni_id) VALUES (5.8, 36, 3);
INSERT INTO public.tblingredient (ingredient_id,name) VALUES (37,'Арбуз консервированный');
INSERT INTO public.tblingredientnutritionaninformation (amount, ingredient_id, ni_id) VALUES (0.1, 37, 1);
INSERT INTO public.tblingredientnutritionaninformation (amount, ingredient_id, ni_id) VALUES (0.5, 37, 2);
INSERT INTO public.tblingredientnutritionaninformation (amount, ingredient_id, ni_id) VALUES (9.0, 37, 3);
INSERT INTO public.tblingredient (ingredient_id,name) VALUES (38,'Арбузный сок');
INSERT INTO public.tblingredientnutritionaninformation (amount, ingredient_id, ni_id) VALUES (0.1, 38, 1);
INSERT INTO public.tblingredientnutritionaninformation (amount, ingredient_id, ni_id) VALUES (0.6, 38, 2);
INSERT INTO public.tblingredientnutritionaninformation (amount, ingredient_id, ni_id) VALUES (5.9, 38, 3);
INSERT INTO public.tblingredient (ingredient_id,name) VALUES (39,'Арракача');
INSERT INTO public.tblingredientnutritionaninformation (amount, ingredient_id, ni_id) VALUES (0.1, 39, 1);
INSERT INTO public.tblingredientnutritionaninformation (amount, ingredient_id, ni_id) VALUES (0.9, 39, 2);
INSERT INTO public.tblingredientnutritionaninformation (amount, ingredient_id, ni_id) VALUES (17.1, 39, 3);
INSERT INTO public.tblingredient (ingredient_id,name) VALUES (40,'Артишок');
INSERT INTO public.tblingredientnutritionaninformation (amount, ingredient_id, ni_id) VALUES (0.1, 40, 1);
INSERT INTO public.tblingredientnutritionaninformation (amount, ingredient_id, ni_id) VALUES (1.2, 40, 2);
INSERT INTO public.tblingredientnutritionaninformation (amount, ingredient_id, ni_id) VALUES (6.0, 40, 3);
INSERT INTO public.tblingredient (ingredient_id,name) VALUES (41,'Асафетида');
INSERT INTO public.tblingredientnutritionaninformation (amount, ingredient_id, ni_id) VALUES (0.1, 41, 1);
INSERT INTO public.tblingredientnutritionaninformation (amount, ingredient_id, ni_id) VALUES (0.1, 41, 2);
INSERT INTO public.tblingredientnutritionaninformation (amount, ingredient_id, ni_id) VALUES (0.1, 41, 3);
INSERT INTO public.tblingredient (ingredient_id,name) VALUES (42,'Ацерола');
INSERT INTO public.tblingredientnutritionaninformation (amount, ingredient_id, ni_id) VALUES (0.3, 42, 1);
INSERT INTO public.tblingredientnutritionaninformation (amount, ingredient_id, ni_id) VALUES (0.4, 42, 2);
INSERT INTO public.tblingredientnutritionaninformation (amount, ingredient_id, ni_id) VALUES (7.7, 42, 3);
INSERT INTO public.tblingredient (ingredient_id,name) VALUES (43,'Ацидофилин 0.1%');
INSERT INTO public.tblingredientnutritionaninformation (amount, ingredient_id, ni_id) VALUES (0.1, 43, 1);
INSERT INTO public.tblingredientnutritionaninformation (amount, ingredient_id, ni_id) VALUES (3.0, 43, 2);
INSERT INTO public.tblingredientnutritionaninformation (amount, ingredient_id, ni_id) VALUES (3.9, 43, 3);
INSERT INTO public.tblingredient (ingredient_id,name) VALUES (44,'Ацидофилин 1%');
INSERT INTO public.tblingredientnutritionaninformation (amount, ingredient_id, ni_id) VALUES (1.0, 44, 1);
INSERT INTO public.tblingredientnutritionaninformation (amount, ingredient_id, ni_id) VALUES (3.0, 44, 2);
INSERT INTO public.tblingredientnutritionaninformation (amount, ingredient_id, ni_id) VALUES (4.0, 44, 3);
INSERT INTO public.tblingredient (ingredient_id,name) VALUES (45,'Ацидофилин 3.2%');
INSERT INTO public.tblingredientnutritionaninformation (amount, ingredient_id, ni_id) VALUES (3.2, 45, 1);
INSERT INTO public.tblingredientnutritionaninformation (amount, ingredient_id, ni_id) VALUES (2.8, 45, 2);
INSERT INTO public.tblingredientnutritionaninformation (amount, ingredient_id, ni_id) VALUES (3.8, 45, 3);
INSERT INTO public.tblingredient (ingredient_id,name) VALUES (46,'Ацидофилин 3.2% сладкий');
INSERT INTO public.tblingredientnutritionaninformation (amount, ingredient_id, ni_id) VALUES (3.2, 46, 1);
INSERT INTO public.tblingredientnutritionaninformation (amount, ingredient_id, ni_id) VALUES (2.8, 46, 2);
INSERT INTO public.tblingredientnutritionaninformation (amount, ingredient_id, ni_id) VALUES (8.6, 46, 3);
INSERT INTO public.tblingredient (ingredient_id,name) VALUES (47,'Баветте');
INSERT INTO public.tblingredientnutritionaninformation (amount, ingredient_id, ni_id) VALUES (1.3, 47, 1);
INSERT INTO public.tblingredientnutritionaninformation (amount, ingredient_id, ni_id) VALUES (11.0, 47, 2);
INSERT INTO public.tblingredientnutritionaninformation (amount, ingredient_id, ni_id) VALUES (70.5, 47, 3);
INSERT INTO public.tblingredient (ingredient_id,name) VALUES (48,'Багель');
INSERT INTO public.tblingredientnutritionaninformation (amount, ingredient_id, ni_id) VALUES (9.4, 48, 1);
INSERT INTO public.tblingredientnutritionaninformation (amount, ingredient_id, ni_id) VALUES (7.9, 48, 2);
INSERT INTO public.tblingredientnutritionaninformation (amount, ingredient_id, ni_id) VALUES (55.5, 48, 3);
INSERT INTO public.tblingredient (ingredient_id,name) VALUES (49,'Багет');
INSERT INTO public.tblingredientnutritionaninformation (amount, ingredient_id, ni_id) VALUES (2.9, 49, 1);
INSERT INTO public.tblingredientnutritionaninformation (amount, ingredient_id, ni_id) VALUES (7.5, 49, 2);
INSERT INTO public.tblingredientnutritionaninformation (amount, ingredient_id, ni_id) VALUES (51.4, 49, 3);
INSERT INTO public.tblingredient (ingredient_id,name) VALUES (50,'Бадьян');
INSERT INTO public.tblingredientnutritionaninformation (amount, ingredient_id, ni_id) VALUES (16.0, 50, 1);
INSERT INTO public.tblingredientnutritionaninformation (amount, ingredient_id, ni_id) VALUES (18.0, 50, 2);
INSERT INTO public.tblingredientnutritionaninformation (amount, ingredient_id, ni_id) VALUES (50.0, 50, 3);
INSERT INTO public.tblingredient (ingredient_id,name) VALUES (51,'Базилик свежий');
INSERT INTO public.tblingredientnutritionaninformation (amount, ingredient_id, ni_id) VALUES (0.6, 51, 1);
INSERT INTO public.tblingredientnutritionaninformation (amount, ingredient_id, ni_id) VALUES (2.5, 51, 2);
INSERT INTO public.tblingredientnutritionaninformation (amount, ingredient_id, ni_id) VALUES (4.3, 51, 3);
INSERT INTO public.tblingredient (ingredient_id,name) VALUES (52,'Базилик сушеный');
INSERT INTO public.tblingredientnutritionaninformation (amount, ingredient_id, ni_id) VALUES (4.0, 52, 1);
INSERT INTO public.tblingredientnutritionaninformation (amount, ingredient_id, ni_id) VALUES (14.4, 52, 2);
INSERT INTO public.tblingredientnutritionaninformation (amount, ingredient_id, ni_id) VALUES (61.0, 52, 3);
INSERT INTO public.tblingredient (ingredient_id,name) VALUES (53,'Баклажан');
INSERT INTO public.tblingredientnutritionaninformation (amount, ingredient_id, ni_id) VALUES (0.1, 53, 1);
INSERT INTO public.tblingredientnutritionaninformation (amount, ingredient_id, ni_id) VALUES (1.2, 53, 2);
INSERT INTO public.tblingredientnutritionaninformation (amount, ingredient_id, ni_id) VALUES (4.5, 53, 3);
INSERT INTO public.tblingredient (ingredient_id,name) VALUES (54,'Баклажан замороженный');
INSERT INTO public.tblingredientnutritionaninformation (amount, ingredient_id, ni_id) VALUES (0.1, 54, 1);
INSERT INTO public.tblingredientnutritionaninformation (amount, ingredient_id, ni_id) VALUES (1.3, 54, 2);
INSERT INTO public.tblingredientnutritionaninformation (amount, ingredient_id, ni_id) VALUES (5.2, 54, 3);
INSERT INTO public.tblingredient (ingredient_id,name) VALUES (55,'Баклажан консервированный');
INSERT INTO public.tblingredientnutritionaninformation (amount, ingredient_id, ni_id) VALUES (0.7, 55, 1);
INSERT INTO public.tblingredientnutritionaninformation (amount, ingredient_id, ni_id) VALUES (0.9, 55, 2);
INSERT INTO public.tblingredientnutritionaninformation (amount, ingredient_id, ni_id) VALUES (7.3, 55, 3);
INSERT INTO public.tblingredient (ingredient_id,name) VALUES (56,'Баклажанная икра консервированная');
INSERT INTO public.tblingredientnutritionaninformation (amount, ingredient_id, ni_id) VALUES (13.3, 56, 1);
INSERT INTO public.tblingredientnutritionaninformation (amount, ingredient_id, ni_id) VALUES (1.7, 56, 2);
INSERT INTO public.tblingredientnutritionaninformation (amount, ingredient_id, ni_id) VALUES (5.1, 56, 3);
INSERT INTO public.tblingredient (ingredient_id,name) VALUES (57,'Баклажанная икра свежая');
INSERT INTO public.tblingredientnutritionaninformation (amount, ingredient_id, ni_id) VALUES (7.0, 57, 1);
INSERT INTO public.tblingredientnutritionaninformation (amount, ingredient_id, ni_id) VALUES (0.6, 57, 2);
INSERT INTO public.tblingredientnutritionaninformation (amount, ingredient_id, ni_id) VALUES (6.0, 57, 3);
INSERT INTO public.tblingredient (ingredient_id,name) VALUES (58,'Бамбук листья');
INSERT INTO public.tblingredientnutritionaninformation (amount, ingredient_id, ni_id) VALUES (0.0, 58, 1);
INSERT INTO public.tblingredientnutritionaninformation (amount, ingredient_id, ni_id) VALUES (2.0, 58, 2);
INSERT INTO public.tblingredientnutritionaninformation (amount, ingredient_id, ni_id) VALUES (4.0, 58, 3);
INSERT INTO public.tblingredient (ingredient_id,name) VALUES (59,'Бамбук побеги вареные');
INSERT INTO public.tblingredientnutritionaninformation (amount, ingredient_id, ni_id) VALUES (0.2, 59, 1);
INSERT INTO public.tblingredientnutritionaninformation (amount, ingredient_id, ni_id) VALUES (1.5, 59, 2);
INSERT INTO public.tblingredientnutritionaninformation (amount, ingredient_id, ni_id) VALUES (0.9, 59, 3);
INSERT INTO public.tblingredient (ingredient_id,name) VALUES (60,'Бамбук побеги консервированные');
INSERT INTO public.tblingredientnutritionaninformation (amount, ingredient_id, ni_id) VALUES (0.4, 60, 1);
INSERT INTO public.tblingredientnutritionaninformation (amount, ingredient_id, ni_id) VALUES (1.7, 60, 2);
INSERT INTO public.tblingredientnutritionaninformation (amount, ingredient_id, ni_id) VALUES (1.8, 60, 3);
INSERT INTO public.tblingredient (ingredient_id,name) VALUES (61,'Бамбук побеги сырые');
INSERT INTO public.tblingredientnutritionaninformation (amount, ingredient_id, ni_id) VALUES (0.3, 61, 1);
INSERT INTO public.tblingredientnutritionaninformation (amount, ingredient_id, ni_id) VALUES (2.6, 61, 2);
INSERT INTO public.tblingredientnutritionaninformation (amount, ingredient_id, ni_id) VALUES (3.0, 61, 3);
INSERT INTO public.tblingredient (ingredient_id,name) VALUES (62,'Бамия');
INSERT INTO public.tblingredientnutritionaninformation (amount, ingredient_id, ni_id) VALUES (0.1, 62, 1);
INSERT INTO public.tblingredientnutritionaninformation (amount, ingredient_id, ni_id) VALUES (2.0, 62, 2);
INSERT INTO public.tblingredientnutritionaninformation (amount, ingredient_id, ni_id) VALUES (3.8, 62, 3);
INSERT INTO public.tblingredient (ingredient_id,name) VALUES (63,'Банан');
INSERT INTO public.tblingredientnutritionaninformation (amount, ingredient_id, ni_id) VALUES (0.2, 63, 1);
INSERT INTO public.tblingredientnutritionaninformation (amount, ingredient_id, ni_id) VALUES (1.5, 63, 2);
INSERT INTO public.tblingredientnutritionaninformation (amount, ingredient_id, ni_id) VALUES (21.8, 63, 3);
INSERT INTO public.tblingredient (ingredient_id,name) VALUES (64,'Банановый сок');
INSERT INTO public.tblingredientnutritionaninformation (amount, ingredient_id, ni_id) VALUES (0.0, 64, 1);
INSERT INTO public.tblingredientnutritionaninformation (amount, ingredient_id, ni_id) VALUES (0.0, 64, 2);
INSERT INTO public.tblingredientnutritionaninformation (amount, ingredient_id, ni_id) VALUES (12.0, 64, 3);
INSERT INTO public.tblingredient (ingredient_id,name) VALUES (65,'Бананы сушёные');
INSERT INTO public.tblingredientnutritionaninformation (amount, ingredient_id, ni_id) VALUES (1.8, 65, 1);
INSERT INTO public.tblingredientnutritionaninformation (amount, ingredient_id, ni_id) VALUES (3.9, 65, 2);
INSERT INTO public.tblingredientnutritionaninformation (amount, ingredient_id, ni_id) VALUES (80.5, 65, 3);
INSERT INTO public.tblingredient (ingredient_id,name) VALUES (66,'Барабулька (султанка)');
INSERT INTO public.tblingredientnutritionaninformation (amount, ingredient_id, ni_id) VALUES (3.8, 66, 1);
INSERT INTO public.tblingredientnutritionaninformation (amount, ingredient_id, ni_id) VALUES (19.4, 66, 2);
INSERT INTO public.tblingredientnutritionaninformation (amount, ingredient_id, ni_id) VALUES (0.0, 66, 3);
INSERT INTO public.tblingredient (ingredient_id,name) VALUES (67,'Бараний язык');
INSERT INTO public.tblingredientnutritionaninformation (amount, ingredient_id, ni_id) VALUES (16.1, 67, 1);
INSERT INTO public.tblingredientnutritionaninformation (amount, ingredient_id, ni_id) VALUES (12.6, 67, 2);
INSERT INTO public.tblingredientnutritionaninformation (amount, ingredient_id, ni_id) VALUES (0.0, 67, 3);
INSERT INTO public.tblingredient (ingredient_id,name) VALUES (68,'Баранина');
INSERT INTO public.tblingredientnutritionaninformation (amount, ingredient_id, ni_id) VALUES (16.3, 68, 1);
INSERT INTO public.tblingredientnutritionaninformation (amount, ingredient_id, ni_id) VALUES (15.6, 68, 2);
INSERT INTO public.tblingredientnutritionaninformation (amount, ingredient_id, ni_id) VALUES (0.0, 68, 3);
INSERT INTO public.tblingredient (ingredient_id,name) VALUES (69,'Баранки');
INSERT INTO public.tblingredientnutritionaninformation (amount, ingredient_id, ni_id) VALUES (1.0, 69, 1);
INSERT INTO public.tblingredientnutritionaninformation (amount, ingredient_id, ni_id) VALUES (16.0, 69, 2);
INSERT INTO public.tblingredientnutritionaninformation (amount, ingredient_id, ni_id) VALUES (70.0, 69, 3);
INSERT INTO public.tblingredient (ingredient_id,name) VALUES (70,'Баранье сердце');
INSERT INTO public.tblingredientnutritionaninformation (amount, ingredient_id, ni_id) VALUES (2.5, 70, 1);
INSERT INTO public.tblingredientnutritionaninformation (amount, ingredient_id, ni_id) VALUES (13.5, 70, 2);
INSERT INTO public.tblingredientnutritionaninformation (amount, ingredient_id, ni_id) VALUES (0.0, 70, 3);
INSERT INTO public.tblingredient (ingredient_id,name) VALUES (71,'Бараньи почки');
INSERT INTO public.tblingredientnutritionaninformation (amount, ingredient_id, ni_id) VALUES (2.5, 71, 1);
INSERT INTO public.tblingredientnutritionaninformation (amount, ingredient_id, ni_id) VALUES (13.6, 71, 2);
INSERT INTO public.tblingredientnutritionaninformation (amount, ingredient_id, ni_id) VALUES (0.0, 71, 3);
INSERT INTO public.tblingredient (ingredient_id,name) VALUES (72,'Бараньи яйца');
INSERT INTO public.tblingredientnutritionaninformation (amount, ingredient_id, ni_id) VALUES (19.0, 72, 1);
INSERT INTO public.tblingredientnutritionaninformation (amount, ingredient_id, ni_id) VALUES (13.0, 72, 2);
INSERT INTO public.tblingredientnutritionaninformation (amount, ingredient_id, ni_id) VALUES (0.1, 72, 3);
INSERT INTO public.tblingredient (ingredient_id,name) VALUES (73,'Баранья лопатка');
INSERT INTO public.tblingredientnutritionaninformation (amount, ingredient_id, ni_id) VALUES (25.0, 73, 1);
INSERT INTO public.tblingredientnutritionaninformation (amount, ingredient_id, ni_id) VALUES (15.6, 73, 2);
INSERT INTO public.tblingredientnutritionaninformation (amount, ingredient_id, ni_id) VALUES (0.0, 73, 3);
INSERT INTO public.tblingredient (ingredient_id,name) VALUES (74,'Баранья печень');
INSERT INTO public.tblingredientnutritionaninformation (amount, ingredient_id, ni_id) VALUES (2.9, 74, 1);
INSERT INTO public.tblingredientnutritionaninformation (amount, ingredient_id, ni_id) VALUES (18.7, 74, 2);
INSERT INTO public.tblingredientnutritionaninformation (amount, ingredient_id, ni_id) VALUES (0.0, 74, 3);
INSERT INTO public.tblingredient (ingredient_id,name) VALUES (75,'Барбарис');
INSERT INTO public.tblingredientnutritionaninformation (amount, ingredient_id, ni_id) VALUES (0.0, 75, 1);
INSERT INTO public.tblingredientnutritionaninformation (amount, ingredient_id, ni_id) VALUES (0.0, 75, 2);
INSERT INTO public.tblingredientnutritionaninformation (amount, ingredient_id, ni_id) VALUES (7.9, 75, 3);
INSERT INTO public.tblingredient (ingredient_id,name) VALUES (76,'Барбарис сушеный');
INSERT INTO public.tblingredientnutritionaninformation (amount, ingredient_id, ni_id) VALUES (0.0, 76, 1);
INSERT INTO public.tblingredientnutritionaninformation (amount, ingredient_id, ni_id) VALUES (0.0, 76, 2);
INSERT INTO public.tblingredientnutritionaninformation (amount, ingredient_id, ni_id) VALUES (38.0, 76, 3);
INSERT INTO public.tblingredient (ingredient_id,name) VALUES (77,'Бастурма турецкая');
INSERT INTO public.tblingredientnutritionaninformation (amount, ingredient_id, ni_id) VALUES (20.1, 77, 1);
INSERT INTO public.tblingredientnutritionaninformation (amount, ingredient_id, ni_id) VALUES (14.8, 77, 2);
INSERT INTO public.tblingredientnutritionaninformation (amount, ingredient_id, ni_id) VALUES (0.0, 77, 3);
INSERT INTO public.tblingredient (ingredient_id,name) VALUES (78,'Батон');
INSERT INTO public.tblingredientnutritionaninformation (amount, ingredient_id, ni_id) VALUES (2.9, 78, 1);
INSERT INTO public.tblingredientnutritionaninformation (amount, ingredient_id, ni_id) VALUES (7.5, 78, 2);
INSERT INTO public.tblingredientnutritionaninformation (amount, ingredient_id, ni_id) VALUES (50.9, 78, 3);
INSERT INTO public.tblingredient (ingredient_id,name) VALUES (79,'Бахарат');
INSERT INTO public.tblingredientnutritionaninformation (amount, ingredient_id, ni_id) VALUES (3.2, 79, 1);
INSERT INTO public.tblingredientnutritionaninformation (amount, ingredient_id, ni_id) VALUES (10.9, 79, 2);
INSERT INTO public.tblingredientnutritionaninformation (amount, ingredient_id, ni_id) VALUES (38.3, 79, 3);
INSERT INTO public.tblingredient (ingredient_id,name) VALUES (80,'Бедренец камнеломка');
INSERT INTO public.tblingredientnutritionaninformation (amount, ingredient_id, ni_id) VALUES (0.0, 80, 1);
INSERT INTO public.tblingredientnutritionaninformation (amount, ingredient_id, ni_id) VALUES (0.0, 80, 2);
INSERT INTO public.tblingredientnutritionaninformation (amount, ingredient_id, ni_id) VALUES (0.0, 80, 3);
INSERT INTO public.tblingredient (ingredient_id,name) VALUES (81,'Бекон');
INSERT INTO public.tblingredientnutritionaninformation (amount, ingredient_id, ni_id) VALUES (45.0, 81, 1);
INSERT INTO public.tblingredientnutritionaninformation (amount, ingredient_id, ni_id) VALUES (23.0, 81, 2);
INSERT INTO public.tblingredientnutritionaninformation (amount, ingredient_id, ni_id) VALUES (0.0, 81, 3);
INSERT INTO public.tblingredient (ingredient_id,name) VALUES (82,'Белоглазка');
INSERT INTO public.tblingredientnutritionaninformation (amount, ingredient_id, ni_id) VALUES (2.0, 82, 1);
INSERT INTO public.tblingredientnutritionaninformation (amount, ingredient_id, ni_id) VALUES (17.5, 82, 2);
INSERT INTO public.tblingredientnutritionaninformation (amount, ingredient_id, ni_id) VALUES (0.0, 82, 3);
INSERT INTO public.tblingredient (ingredient_id,name) VALUES (83,'Белорыбица');
INSERT INTO public.tblingredientnutritionaninformation (amount, ingredient_id, ni_id) VALUES (2.0, 83, 1);
INSERT INTO public.tblingredientnutritionaninformation (amount, ingredient_id, ni_id) VALUES (17.5, 83, 2);
INSERT INTO public.tblingredientnutritionaninformation (amount, ingredient_id, ni_id) VALUES (0.0, 83, 3);
INSERT INTO public.tblingredient (ingredient_id,name) VALUES (84,'Белуга бланшированная');
INSERT INTO public.tblingredientnutritionaninformation (amount, ingredient_id, ni_id) VALUES (15.6, 84, 1);
INSERT INTO public.tblingredientnutritionaninformation (amount, ingredient_id, ni_id) VALUES (23.3, 84, 2);
INSERT INTO public.tblingredientnutritionaninformation (amount, ingredient_id, ni_id) VALUES (0.0, 84, 3);
INSERT INTO public.tblingredient (ingredient_id,name) VALUES (85,'Белуга свежая');
INSERT INTO public.tblingredientnutritionaninformation (amount, ingredient_id, ni_id) VALUES (0.7, 85, 1);
INSERT INTO public.tblingredientnutritionaninformation (amount, ingredient_id, ni_id) VALUES (21.0, 85, 2);
INSERT INTO public.tblingredientnutritionaninformation (amount, ingredient_id, ni_id) VALUES (0.0, 85, 3);
INSERT INTO public.tblingredient (ingredient_id,name) VALUES (86,'Белые свежие');
INSERT INTO public.tblingredientnutritionaninformation (amount, ingredient_id, ni_id) VALUES (1.7, 86, 1);
INSERT INTO public.tblingredientnutritionaninformation (amount, ingredient_id, ni_id) VALUES (3.7, 86, 2);
INSERT INTO public.tblingredientnutritionaninformation (amount, ingredient_id, ni_id) VALUES (1.1, 86, 3);
INSERT INTO public.tblingredient (ingredient_id,name) VALUES (87,'Белые сушёные');
INSERT INTO public.tblingredientnutritionaninformation (amount, ingredient_id, ni_id) VALUES (6.4, 87, 1);
INSERT INTO public.tblingredientnutritionaninformation (amount, ingredient_id, ni_id) VALUES (23.4, 87, 2);
INSERT INTO public.tblingredientnutritionaninformation (amount, ingredient_id, ni_id) VALUES (31.0, 87, 3);
INSERT INTO public.tblingredient (ingredient_id,name) VALUES (88,'Бельдюга');
INSERT INTO public.tblingredientnutritionaninformation (amount, ingredient_id, ni_id) VALUES (2.0, 88, 1);
INSERT INTO public.tblingredientnutritionaninformation (amount, ingredient_id, ni_id) VALUES (17.5, 88, 2);
INSERT INTO public.tblingredientnutritionaninformation (amount, ingredient_id, ni_id) VALUES (0.0, 88, 3);
INSERT INTO public.tblingredient (ingredient_id,name) VALUES (89,'Бербере');
INSERT INTO public.tblingredientnutritionaninformation (amount, ingredient_id, ni_id) VALUES (0.1, 89, 1);
INSERT INTO public.tblingredientnutritionaninformation (amount, ingredient_id, ni_id) VALUES (2.0, 89, 2);
INSERT INTO public.tblingredientnutritionaninformation (amount, ingredient_id, ni_id) VALUES (11.0, 89, 3);
INSERT INTO public.tblingredient (ingredient_id,name) VALUES (90,'Березовый сок');
INSERT INTO public.tblingredientnutritionaninformation (amount, ingredient_id, ni_id) VALUES (0.0, 90, 1);
INSERT INTO public.tblingredientnutritionaninformation (amount, ingredient_id, ni_id) VALUES (0.1, 90, 2);
INSERT INTO public.tblingredientnutritionaninformation (amount, ingredient_id, ni_id) VALUES (5.8, 90, 3);
INSERT INTO public.tblingredient (ingredient_id,name) VALUES (91,'Берикс');
INSERT INTO public.tblingredientnutritionaninformation (amount, ingredient_id, ni_id) VALUES (0.8, 91, 1);
INSERT INTO public.tblingredientnutritionaninformation (amount, ingredient_id, ni_id) VALUES (20.3, 91, 2);
INSERT INTO public.tblingredientnutritionaninformation (amount, ingredient_id, ni_id) VALUES (0.0, 91, 3);
INSERT INTO public.tblingredient (ingredient_id,name) VALUES (92,'Бессмертник');
INSERT INTO public.tblingredientnutritionaninformation (amount, ingredient_id, ni_id) VALUES (0.0, 92, 1);
INSERT INTO public.tblingredientnutritionaninformation (amount, ingredient_id, ni_id) VALUES (0.2, 92, 2);
INSERT INTO public.tblingredientnutritionaninformation (amount, ingredient_id, ni_id) VALUES (5.0, 92, 3);
INSERT INTO public.tblingredient (ingredient_id,name) VALUES (93,'Бестер');
INSERT INTO public.tblingredientnutritionaninformation (amount, ingredient_id, ni_id) VALUES (0.7, 93, 1);
INSERT INTO public.tblingredientnutritionaninformation (amount, ingredient_id, ni_id) VALUES (21.0, 93, 2);
INSERT INTO public.tblingredientnutritionaninformation (amount, ingredient_id, ni_id) VALUES (0.0, 93, 3);
INSERT INTO public.tblingredient (ingredient_id,name) VALUES (94,'Бизонье мясо');
INSERT INTO public.tblingredientnutritionaninformation (amount, ingredient_id, ni_id) VALUES (1.2, 94, 1);
INSERT INTO public.tblingredientnutritionaninformation (amount, ingredient_id, ni_id) VALUES (21.6, 94, 2);
INSERT INTO public.tblingredientnutritionaninformation (amount, ingredient_id, ni_id) VALUES (0.0, 94, 3);
INSERT INTO public.tblingredient (ingredient_id,name) VALUES (95,'Бифацил');
INSERT INTO public.tblingredientnutritionaninformation (amount, ingredient_id, ni_id) VALUES (2.5, 95, 1);
INSERT INTO public.tblingredientnutritionaninformation (amount, ingredient_id, ni_id) VALUES (2.9, 95, 2);
INSERT INTO public.tblingredientnutritionaninformation (amount, ingredient_id, ni_id) VALUES (7.9, 95, 3);
INSERT INTO public.tblingredient (ingredient_id,name) VALUES (96,'Бифитат');
INSERT INTO public.tblingredientnutritionaninformation (amount, ingredient_id, ni_id) VALUES (3.4, 96, 1);
INSERT INTO public.tblingredientnutritionaninformation (amount, ingredient_id, ni_id) VALUES (2.8, 96, 2);
INSERT INTO public.tblingredientnutritionaninformation (amount, ingredient_id, ni_id) VALUES (4.7, 96, 3);
INSERT INTO public.tblingredient (ingredient_id,name) VALUES (97,'Бобы');
INSERT INTO public.tblingredientnutritionaninformation (amount, ingredient_id, ni_id) VALUES (0.1, 97, 1);
INSERT INTO public.tblingredientnutritionaninformation (amount, ingredient_id, ni_id) VALUES (6.0, 97, 2);
INSERT INTO public.tblingredientnutritionaninformation (amount, ingredient_id, ni_id) VALUES (8.5, 97, 3);
INSERT INTO public.tblingredient (ingredient_id,name) VALUES (98,'Болдо');
INSERT INTO public.tblingredientnutritionaninformation (amount, ingredient_id, ni_id) VALUES (8.3, 98, 1);
INSERT INTO public.tblingredientnutritionaninformation (amount, ingredient_id, ni_id) VALUES (7.6, 98, 2);
INSERT INTO public.tblingredientnutritionaninformation (amount, ingredient_id, ni_id) VALUES (48.6, 98, 3);
INSERT INTO public.tblingredient (ingredient_id,name) VALUES (99,'Бопс (Полосатик)');
INSERT INTO public.tblingredientnutritionaninformation (amount, ingredient_id, ni_id) VALUES (1.5, 99, 1);
INSERT INTO public.tblingredientnutritionaninformation (amount, ingredient_id, ni_id) VALUES (15.3, 99, 2);
INSERT INTO public.tblingredientnutritionaninformation (amount, ingredient_id, ni_id) VALUES (0.0, 99, 3);
INSERT INTO public.tblingredient (ingredient_id,name) VALUES (100,'Боярышник');
INSERT INTO public.tblingredientnutritionaninformation (amount, ingredient_id, ni_id) VALUES (0.0, 100, 1);
INSERT INTO public.tblingredientnutritionaninformation (amount, ingredient_id, ni_id) VALUES (0.0, 100, 2);
INSERT INTO public.tblingredientnutritionaninformation (amount, ingredient_id, ni_id) VALUES (14.0, 100, 3);
INSERT INTO public.tblingredient (ingredient_id,name) VALUES (101,'Боярышник сушеный');
INSERT INTO public.tblingredientnutritionaninformation (amount, ingredient_id, ni_id) VALUES (0.0, 101, 1);
INSERT INTO public.tblingredientnutritionaninformation (amount, ingredient_id, ni_id) VALUES (0.0, 101, 2);
INSERT INTO public.tblingredientnutritionaninformation (amount, ingredient_id, ni_id) VALUES (38.0, 101, 3);
INSERT INTO public.tblingredient (ingredient_id,name) VALUES (102,'Бразильский орех');
INSERT INTO public.tblingredientnutritionaninformation (amount, ingredient_id, ni_id) VALUES (66.4, 102, 1);
INSERT INTO public.tblingredientnutritionaninformation (amount, ingredient_id, ni_id) VALUES (14.3, 102, 2);
INSERT INTO public.tblingredientnutritionaninformation (amount, ingredient_id, ni_id) VALUES (4.8, 102, 3);
INSERT INTO public.tblingredient (ingredient_id,name) VALUES (103,'Бренди');
INSERT INTO public.tblingredientnutritionaninformation (amount, ingredient_id, ni_id) VALUES (0.0, 103, 1);
INSERT INTO public.tblingredientnutritionaninformation (amount, ingredient_id, ni_id) VALUES (0.0, 103, 2);
INSERT INTO public.tblingredientnutritionaninformation (amount, ingredient_id, ni_id) VALUES (0.5, 103, 3);
INSERT INTO public.tblingredient (ingredient_id,name) VALUES (104,'Бротола');
INSERT INTO public.tblingredientnutritionaninformation (amount, ingredient_id, ni_id) VALUES (1.6, 104, 1);
INSERT INTO public.tblingredientnutritionaninformation (amount, ingredient_id, ni_id) VALUES (19.4, 104, 2);
INSERT INTO public.tblingredientnutritionaninformation (amount, ingredient_id, ni_id) VALUES (0.0, 104, 3);
INSERT INTO public.tblingredient (ingredient_id,name) VALUES (105,'Брусника');
INSERT INTO public.tblingredientnutritionaninformation (amount, ingredient_id, ni_id) VALUES (0.5, 105, 1);
INSERT INTO public.tblingredientnutritionaninformation (amount, ingredient_id, ni_id) VALUES (0.7, 105, 2);
INSERT INTO public.tblingredientnutritionaninformation (amount, ingredient_id, ni_id) VALUES (9.6, 105, 3);
INSERT INTO public.tblingredient (ingredient_id,name) VALUES (106,'Брюква');
INSERT INTO public.tblingredientnutritionaninformation (amount, ingredient_id, ni_id) VALUES (0.1, 106, 1);
INSERT INTO public.tblingredientnutritionaninformation (amount, ingredient_id, ni_id) VALUES (1.2, 106, 2);
INSERT INTO public.tblingredientnutritionaninformation (amount, ingredient_id, ni_id) VALUES (7.7, 106, 3);
INSERT INTO public.tblingredient (ingredient_id,name) VALUES (107,'Бублик');
INSERT INTO public.tblingredientnutritionaninformation (amount, ingredient_id, ni_id) VALUES (1.0, 107, 1);
INSERT INTO public.tblingredientnutritionaninformation (amount, ingredient_id, ni_id) VALUES (16.0, 107, 2);
INSERT INTO public.tblingredientnutritionaninformation (amount, ingredient_id, ni_id) VALUES (70.0, 107, 3);
INSERT INTO public.tblingredient (ingredient_id,name) VALUES (108,'Бузина');
INSERT INTO public.tblingredientnutritionaninformation (amount, ingredient_id, ni_id) VALUES (0.5, 108, 1);
INSERT INTO public.tblingredientnutritionaninformation (amount, ingredient_id, ni_id) VALUES (0.7, 108, 2);
INSERT INTO public.tblingredientnutritionaninformation (amount, ingredient_id, ni_id) VALUES (11.4, 108, 3);
INSERT INTO public.tblingredient (ingredient_id,name) VALUES (109,'Бузинный сок');
INSERT INTO public.tblingredientnutritionaninformation (amount, ingredient_id, ni_id) VALUES (0.2, 109, 1);
INSERT INTO public.tblingredientnutritionaninformation (amount, ingredient_id, ni_id) VALUES (1.1, 109, 2);
INSERT INTO public.tblingredientnutritionaninformation (amount, ingredient_id, ni_id) VALUES (5.1, 109, 3);
INSERT INTO public.tblingredient (ingredient_id,name) VALUES (110,'Буйволятина');
INSERT INTO public.tblingredientnutritionaninformation (amount, ingredient_id, ni_id) VALUES (13.2, 110, 1);
INSERT INTO public.tblingredientnutritionaninformation (amount, ingredient_id, ni_id) VALUES (19.0, 110, 2);
INSERT INTO public.tblingredientnutritionaninformation (amount, ingredient_id, ni_id) VALUES (0.0, 110, 3);
INSERT INTO public.tblingredient (ingredient_id,name) VALUES (111,'Букатини');
INSERT INTO public.tblingredientnutritionaninformation (amount, ingredient_id, ni_id) VALUES (1.2, 111, 1);
INSERT INTO public.tblingredientnutritionaninformation (amount, ingredient_id, ni_id) VALUES (12.0, 111, 2);
INSERT INTO public.tblingredientnutritionaninformation (amount, ingredient_id, ni_id) VALUES (71.0, 111, 3);
INSERT INTO public.tblingredient (ingredient_id,name) VALUES (112,'Букет гарни');
INSERT INTO public.tblingredientnutritionaninformation (amount, ingredient_id, ni_id) VALUES (6.5, 112, 1);
INSERT INTO public.tblingredientnutritionaninformation (amount, ingredient_id, ni_id) VALUES (12.4, 112, 2);
INSERT INTO public.tblingredientnutritionaninformation (amount, ingredient_id, ni_id) VALUES (26.0, 112, 3);
INSERT INTO public.tblingredient (ingredient_id,name) VALUES (113,'Буковый орех');
INSERT INTO public.tblingredientnutritionaninformation (amount, ingredient_id, ni_id) VALUES (50.0, 113, 1);
INSERT INTO public.tblingredientnutritionaninformation (amount, ingredient_id, ni_id) VALUES (6.2, 113, 2);
INSERT INTO public.tblingredientnutritionaninformation (amount, ingredient_id, ni_id) VALUES (33.5, 113, 3);
INSERT INTO public.tblingredient (ingredient_id,name) VALUES (114,'Булгур');
INSERT INTO public.tblingredientnutritionaninformation (amount, ingredient_id, ni_id) VALUES (1.3, 114, 1);
INSERT INTO public.tblingredientnutritionaninformation (amount, ingredient_id, ni_id) VALUES (12.3, 114, 2);
INSERT INTO public.tblingredientnutritionaninformation (amount, ingredient_id, ni_id) VALUES (57.6, 114, 3);
INSERT INTO public.tblingredient (ingredient_id,name) VALUES (115,'Бульонный кубик');
INSERT INTO public.tblingredientnutritionaninformation (amount, ingredient_id, ni_id) VALUES (2.0, 115, 1);
INSERT INTO public.tblingredientnutritionaninformation (amount, ingredient_id, ni_id) VALUES (2.0, 115, 2);
INSERT INTO public.tblingredientnutritionaninformation (amount, ingredient_id, ni_id) VALUES (4.0, 115, 3);
INSERT INTO public.tblingredient (ingredient_id,name) VALUES (116,'Бумбу');
INSERT INTO public.tblingredientnutritionaninformation (amount, ingredient_id, ni_id) VALUES (0.8, 116, 1);
INSERT INTO public.tblingredientnutritionaninformation (amount, ingredient_id, ni_id) VALUES (1.0, 116, 2);
INSERT INTO public.tblingredientnutritionaninformation (amount, ingredient_id, ni_id) VALUES (11.3, 116, 3);
INSERT INTO public.tblingredient (ingredient_id,name) VALUES (117,'Бурбон');
INSERT INTO public.tblingredientnutritionaninformation (amount, ingredient_id, ni_id) VALUES (0.0, 117, 1);
INSERT INTO public.tblingredientnutritionaninformation (amount, ingredient_id, ni_id) VALUES (0.0, 117, 2);
INSERT INTO public.tblingredientnutritionaninformation (amount, ingredient_id, ni_id) VALUES (0.4, 117, 3);
INSERT INTO public.tblingredient (ingredient_id,name) VALUES (118,'Бычок');
INSERT INTO public.tblingredientnutritionaninformation (amount, ingredient_id, ni_id) VALUES (2.0, 118, 1);
INSERT INTO public.tblingredientnutritionaninformation (amount, ingredient_id, ni_id) VALUES (17.5, 118, 2);
INSERT INTO public.tblingredientnutritionaninformation (amount, ingredient_id, ni_id) VALUES (0.0, 118, 3);
INSERT INTO public.tblingredient (ingredient_id,name) VALUES (119,'Бычьи яйца');
INSERT INTO public.tblingredientnutritionaninformation (amount, ingredient_id, ni_id) VALUES (20.0, 119, 1);
INSERT INTO public.tblingredientnutritionaninformation (amount, ingredient_id, ni_id) VALUES (13.0, 119, 2);
INSERT INTO public.tblingredientnutritionaninformation (amount, ingredient_id, ni_id) VALUES (0.1, 119, 3);
INSERT INTO public.tblingredient (ingredient_id,name) VALUES (120,'Валериана');
INSERT INTO public.tblingredientnutritionaninformation (amount, ingredient_id, ni_id) VALUES (0.0, 120, 1);
INSERT INTO public.tblingredientnutritionaninformation (amount, ingredient_id, ni_id) VALUES (0.0, 120, 2);
INSERT INTO public.tblingredientnutritionaninformation (amount, ingredient_id, ni_id) VALUES (0.0, 120, 3);
INSERT INTO public.tblingredient (ingredient_id,name) VALUES (121,'Валуи');
INSERT INTO public.tblingredientnutritionaninformation (amount, ingredient_id, ni_id) VALUES (1.7, 121, 1);
INSERT INTO public.tblingredientnutritionaninformation (amount, ingredient_id, ni_id) VALUES (3.7, 121, 2);
INSERT INTO public.tblingredientnutritionaninformation (amount, ingredient_id, ni_id) VALUES (1.1, 121, 3);
INSERT INTO public.tblingredient (ingredient_id,name) VALUES (122,'Ванилин');
INSERT INTO public.tblingredientnutritionaninformation (amount, ingredient_id, ni_id) VALUES (0.1, 122, 1);
INSERT INTO public.tblingredientnutritionaninformation (amount, ingredient_id, ni_id) VALUES (0.1, 122, 2);
INSERT INTO public.tblingredientnutritionaninformation (amount, ingredient_id, ni_id) VALUES (12.7, 122, 3);
INSERT INTO public.tblingredient (ingredient_id,name) VALUES (123,'Ваниль');
INSERT INTO public.tblingredientnutritionaninformation (amount, ingredient_id, ni_id) VALUES (0.1, 123, 1);
INSERT INTO public.tblingredientnutritionaninformation (amount, ingredient_id, ni_id) VALUES (1.2, 123, 2);
INSERT INTO public.tblingredientnutritionaninformation (amount, ingredient_id, ni_id) VALUES (12.5, 123, 3);
INSERT INTO public.tblingredient (ingredient_id,name) VALUES (124,'Ванильный порошок');
INSERT INTO public.tblingredientnutritionaninformation (amount, ingredient_id, ni_id) VALUES (0.1, 124, 1);
INSERT INTO public.tblingredientnutritionaninformation (amount, ingredient_id, ni_id) VALUES (1.2, 124, 2);
INSERT INTO public.tblingredientnutritionaninformation (amount, ingredient_id, ni_id) VALUES (12.5, 124, 3);
INSERT INTO public.tblingredient (ingredient_id,name) VALUES (125,'Венерка');
INSERT INTO public.tblingredientnutritionaninformation (amount, ingredient_id, ni_id) VALUES (1.0, 125, 1);
INSERT INTO public.tblingredientnutritionaninformation (amount, ingredient_id, ni_id) VALUES (14.7, 125, 2);
INSERT INTO public.tblingredientnutritionaninformation (amount, ingredient_id, ni_id) VALUES (3.6, 125, 3);
INSERT INTO public.tblingredient (ingredient_id,name) VALUES (126,'Верблюжатина');
INSERT INTO public.tblingredientnutritionaninformation (amount, ingredient_id, ni_id) VALUES (9.4, 126, 1);
INSERT INTO public.tblingredientnutritionaninformation (amount, ingredient_id, ni_id) VALUES (18.9, 126, 2);
INSERT INTO public.tblingredientnutritionaninformation (amount, ingredient_id, ni_id) VALUES (0.0, 126, 3);
INSERT INTO public.tblingredient (ingredient_id,name) VALUES (127,'Вермишель');
INSERT INTO public.tblingredientnutritionaninformation (amount, ingredient_id, ni_id) VALUES (2.1, 127, 1);
INSERT INTO public.tblingredientnutritionaninformation (amount, ingredient_id, ni_id) VALUES (11.3, 127, 2);
INSERT INTO public.tblingredientnutritionaninformation (amount, ingredient_id, ni_id) VALUES (69.6, 127, 3);
INSERT INTO public.tblingredient (ingredient_id,name) VALUES (128,'Вермут');
INSERT INTO public.tblingredientnutritionaninformation (amount, ingredient_id, ni_id) VALUES (0.0, 128, 1);
INSERT INTO public.tblingredientnutritionaninformation (amount, ingredient_id, ni_id) VALUES (0.0, 128, 2);
INSERT INTO public.tblingredientnutritionaninformation (amount, ingredient_id, ni_id) VALUES (15.9, 128, 3);
INSERT INTO public.tblingredient (ingredient_id,name) VALUES (129,'Ветчина');
INSERT INTO public.tblingredientnutritionaninformation (amount, ingredient_id, ni_id) VALUES (24.0, 129, 1);
INSERT INTO public.tblingredientnutritionaninformation (amount, ingredient_id, ni_id) VALUES (14.0, 129, 2);
INSERT INTO public.tblingredientnutritionaninformation (amount, ingredient_id, ni_id) VALUES (0.0, 129, 3);
INSERT INTO public.tblingredient (ingredient_id,name) VALUES (130,'Вешенки свежие');
INSERT INTO public.tblingredientnutritionaninformation (amount, ingredient_id, ni_id) VALUES (0.3, 130, 1);
INSERT INTO public.tblingredientnutritionaninformation (amount, ingredient_id, ni_id) VALUES (2.5, 130, 2);
INSERT INTO public.tblingredientnutritionaninformation (amount, ingredient_id, ni_id) VALUES (6.5, 130, 3);
INSERT INTO public.tblingredient (ingredient_id,name) VALUES (131,'Вигна');
INSERT INTO public.tblingredientnutritionaninformation (amount, ingredient_id, ni_id) VALUES (0.4, 131, 1);
INSERT INTO public.tblingredientnutritionaninformation (amount, ingredient_id, ni_id) VALUES (3.0, 131, 2);
INSERT INTO public.tblingredientnutritionaninformation (amount, ingredient_id, ni_id) VALUES (18.8, 131, 3);
INSERT INTO public.tblingredient (ingredient_id,name) VALUES (132,'Визига');
INSERT INTO public.tblingredientnutritionaninformation (amount, ingredient_id, ni_id) VALUES (0.1, 132, 1);
INSERT INTO public.tblingredientnutritionaninformation (amount, ingredient_id, ni_id) VALUES (1.2, 132, 2);
INSERT INTO public.tblingredientnutritionaninformation (amount, ingredient_id, ni_id) VALUES (6.0, 132, 3);
INSERT INTO public.tblingredient (ingredient_id,name) VALUES (133,'Винный камень');
INSERT INTO public.tblingredientnutritionaninformation (amount, ingredient_id, ni_id) VALUES (0.0, 133, 1);
INSERT INTO public.tblingredientnutritionaninformation (amount, ingredient_id, ni_id) VALUES (0.0, 133, 2);
INSERT INTO public.tblingredientnutritionaninformation (amount, ingredient_id, ni_id) VALUES (0.0, 133, 3);
INSERT INTO public.tblingredient (ingredient_id,name) VALUES (134,'Вино белое сухое');
INSERT INTO public.tblingredientnutritionaninformation (amount, ingredient_id, ni_id) VALUES (0.0, 134, 1);
INSERT INTO public.tblingredientnutritionaninformation (amount, ingredient_id, ni_id) VALUES (0.1, 134, 2);
INSERT INTO public.tblingredientnutritionaninformation (amount, ingredient_id, ni_id) VALUES (0.6, 134, 3);
INSERT INTO public.tblingredient (ingredient_id,name) VALUES (135,'Вино красное сухое');
INSERT INTO public.tblingredientnutritionaninformation (amount, ingredient_id, ni_id) VALUES (0.0, 135, 1);
INSERT INTO public.tblingredientnutritionaninformation (amount, ingredient_id, ni_id) VALUES (0.2, 135, 2);
INSERT INTO public.tblingredientnutritionaninformation (amount, ingredient_id, ni_id) VALUES (0.3, 135, 3);
INSERT INTO public.tblingredient (ingredient_id,name) VALUES (136,'Виноград');
INSERT INTO public.tblingredientnutritionaninformation (amount, ingredient_id, ni_id) VALUES (0.2, 136, 1);
INSERT INTO public.tblingredientnutritionaninformation (amount, ingredient_id, ni_id) VALUES (0.6, 136, 2);
INSERT INTO public.tblingredientnutritionaninformation (amount, ingredient_id, ni_id) VALUES (16.8, 136, 3);
INSERT INTO public.tblingredient (ingredient_id,name) VALUES (137,'Виски');
INSERT INTO public.tblingredientnutritionaninformation (amount, ingredient_id, ni_id) VALUES (0.0, 137, 1);
INSERT INTO public.tblingredientnutritionaninformation (amount, ingredient_id, ni_id) VALUES (0.0, 137, 2);
INSERT INTO public.tblingredientnutritionaninformation (amount, ingredient_id, ni_id) VALUES (0.4, 137, 3);
INSERT INTO public.tblingredient (ingredient_id,name) VALUES (138,'Вишня');
INSERT INTO public.tblingredientnutritionaninformation (amount, ingredient_id, ni_id) VALUES (0.5, 138, 1);
INSERT INTO public.tblingredientnutritionaninformation (amount, ingredient_id, ni_id) VALUES (0.8, 138, 2);
INSERT INTO public.tblingredientnutritionaninformation (amount, ingredient_id, ni_id) VALUES (11.3, 138, 3);
INSERT INTO public.tblingredient (ingredient_id,name) VALUES (139,'Вишня сушеная');
INSERT INTO public.tblingredientnutritionaninformation (amount, ingredient_id, ni_id) VALUES (0.0, 139, 1);
INSERT INTO public.tblingredientnutritionaninformation (amount, ingredient_id, ni_id) VALUES (1.5, 139, 2);
INSERT INTO public.tblingredientnutritionaninformation (amount, ingredient_id, ni_id) VALUES (73.0, 139, 3);
INSERT INTO public.tblingredient (ingredient_id,name) VALUES (140,'Вобла свежая');
INSERT INTO public.tblingredientnutritionaninformation (amount, ingredient_id, ni_id) VALUES (2.8, 140, 1);
INSERT INTO public.tblingredientnutritionaninformation (amount, ingredient_id, ni_id) VALUES (18.0, 140, 2);
INSERT INTO public.tblingredientnutritionaninformation (amount, ingredient_id, ni_id) VALUES (0.0, 140, 3);
INSERT INTO public.tblingredient (ingredient_id,name) VALUES (141,'Вода');
INSERT INTO public.tblingredientnutritionaninformation (amount, ingredient_id, ni_id) VALUES (0.0, 141, 1);
INSERT INTO public.tblingredientnutritionaninformation (amount, ingredient_id, ni_id) VALUES (0.0, 141, 2);
INSERT INTO public.tblingredientnutritionaninformation (amount, ingredient_id, ni_id) VALUES (0.0, 141, 3);
INSERT INTO public.tblingredient (ingredient_id,name) VALUES (142,'Вода минеральная');
INSERT INTO public.tblingredientnutritionaninformation (amount, ingredient_id, ni_id) VALUES (0.0, 142, 1);
INSERT INTO public.tblingredientnutritionaninformation (amount, ingredient_id, ni_id) VALUES (0.0, 142, 2);
INSERT INTO public.tblingredientnutritionaninformation (amount, ingredient_id, ni_id) VALUES (0.0, 142, 3);
INSERT INTO public.tblingredient (ingredient_id,name) VALUES (143,'Водка');
INSERT INTO public.tblingredientnutritionaninformation (amount, ingredient_id, ni_id) VALUES (0.0, 143, 1);
INSERT INTO public.tblingredientnutritionaninformation (amount, ingredient_id, ni_id) VALUES (0.0, 143, 2);
INSERT INTO public.tblingredientnutritionaninformation (amount, ingredient_id, ni_id) VALUES (0.1, 143, 3);
INSERT INTO public.tblingredient (ingredient_id,name) VALUES (144,'Водоросли бурые');
INSERT INTO public.tblingredientnutritionaninformation (amount, ingredient_id, ni_id) VALUES (0.6, 144, 1);
INSERT INTO public.tblingredientnutritionaninformation (amount, ingredient_id, ni_id) VALUES (1.7, 144, 2);
INSERT INTO public.tblingredientnutritionaninformation (amount, ingredient_id, ni_id) VALUES (8.3, 144, 3);
INSERT INTO public.tblingredient (ingredient_id,name) VALUES (145,'Водоросли зелёные');
INSERT INTO public.tblingredientnutritionaninformation (amount, ingredient_id, ni_id) VALUES (0.0, 145, 1);
INSERT INTO public.tblingredientnutritionaninformation (amount, ingredient_id, ni_id) VALUES (1.5, 145, 2);
INSERT INTO public.tblingredientnutritionaninformation (amount, ingredient_id, ni_id) VALUES (5.0, 145, 3);
INSERT INTO public.tblingredient (ingredient_id,name) VALUES (146,'Водоросли красные');
INSERT INTO public.tblingredientnutritionaninformation (amount, ingredient_id, ni_id) VALUES (0.0, 146, 1);
INSERT INTO public.tblingredientnutritionaninformation (amount, ingredient_id, ni_id) VALUES (1.5, 146, 2);
INSERT INTO public.tblingredientnutritionaninformation (amount, ingredient_id, ni_id) VALUES (5.0, 146, 3);
INSERT INTO public.tblingredient (ingredient_id,name) VALUES (147,'Воздушный рис');
INSERT INTO public.tblingredientnutritionaninformation (amount, ingredient_id, ni_id) VALUES (0.5, 147, 1);
INSERT INTO public.tblingredientnutritionaninformation (amount, ingredient_id, ni_id) VALUES (6.3, 147, 2);
INSERT INTO public.tblingredientnutritionaninformation (amount, ingredient_id, ni_id) VALUES (89.8, 147, 3);
INSERT INTO public.tblingredient (ingredient_id,name) VALUES (148,'Галангал (корень)');
INSERT INTO public.tblingredientnutritionaninformation (amount, ingredient_id, ni_id) VALUES (0.7, 148, 1);
INSERT INTO public.tblingredientnutritionaninformation (amount, ingredient_id, ni_id) VALUES (1.8, 148, 2);
INSERT INTO public.tblingredientnutritionaninformation (amount, ingredient_id, ni_id) VALUES (15.7, 148, 3);
INSERT INTO public.tblingredient (ingredient_id,name) VALUES (149,'Галангал сушеный');
INSERT INTO public.tblingredientnutritionaninformation (amount, ingredient_id, ni_id) VALUES (5.9, 149, 1);
INSERT INTO public.tblingredientnutritionaninformation (amount, ingredient_id, ni_id) VALUES (9.1, 149, 2);
INSERT INTO public.tblingredientnutritionaninformation (amount, ingredient_id, ni_id) VALUES (58.3, 149, 3);
INSERT INTO public.tblingredient (ingredient_id,name) VALUES (150,'Гарам масала');
INSERT INTO public.tblingredientnutritionaninformation (amount, ingredient_id, ni_id) VALUES (15.0, 150, 1);
INSERT INTO public.tblingredientnutritionaninformation (amount, ingredient_id, ni_id) VALUES (15.0, 150, 2);
INSERT INTO public.tblingredientnutritionaninformation (amount, ingredient_id, ni_id) VALUES (45.0, 150, 3);
INSERT INTO public.tblingredient (ingredient_id,name) VALUES (151,'Гвоздика');
INSERT INTO public.tblingredientnutritionaninformation (amount, ingredient_id, ni_id) VALUES (20.1, 151, 1);
INSERT INTO public.tblingredientnutritionaninformation (amount, ingredient_id, ni_id) VALUES (6.0, 151, 2);
INSERT INTO public.tblingredientnutritionaninformation (amount, ingredient_id, ni_id) VALUES (27.0, 151, 3);
INSERT INTO public.tblingredient (ingredient_id,name) VALUES (152,'Гладкоголов');
INSERT INTO public.tblingredientnutritionaninformation (amount, ingredient_id, ni_id) VALUES (1.9, 152, 1);
INSERT INTO public.tblingredientnutritionaninformation (amount, ingredient_id, ni_id) VALUES (8.0, 152, 2);
INSERT INTO public.tblingredientnutritionaninformation (amount, ingredient_id, ni_id) VALUES (0.0, 152, 3);
INSERT INTO public.tblingredient (ingredient_id,name) VALUES (153,'Глухарь');
INSERT INTO public.tblingredientnutritionaninformation (amount, ingredient_id, ni_id) VALUES (20.0, 153, 1);
INSERT INTO public.tblingredientnutritionaninformation (amount, ingredient_id, ni_id) VALUES (18.0, 153, 2);
INSERT INTO public.tblingredientnutritionaninformation (amount, ingredient_id, ni_id) VALUES (0.5, 153, 3);
INSERT INTO public.tblingredient (ingredient_id,name) VALUES (154,'Глютен (клейковина пшеничная)');
INSERT INTO public.tblingredientnutritionaninformation (amount, ingredient_id, ni_id) VALUES (0.4, 154, 1);
INSERT INTO public.tblingredientnutritionaninformation (amount, ingredient_id, ni_id) VALUES (76.0, 154, 2);
INSERT INTO public.tblingredientnutritionaninformation (amount, ingredient_id, ni_id) VALUES (9.0, 154, 3);
INSERT INTO public.tblingredient (ingredient_id,name) VALUES (155,'Говядина');
INSERT INTO public.tblingredientnutritionaninformation (amount, ingredient_id, ni_id) VALUES (12.4, 155, 1);
INSERT INTO public.tblingredientnutritionaninformation (amount, ingredient_id, ni_id) VALUES (18.9, 155, 2);
INSERT INTO public.tblingredientnutritionaninformation (amount, ingredient_id, ni_id) VALUES (0.0, 155, 3);
INSERT INTO public.tblingredient (ingredient_id,name) VALUES (156,'Говядина мраморная');
INSERT INTO public.tblingredientnutritionaninformation (amount, ingredient_id, ni_id) VALUES (10.0, 156, 1);
INSERT INTO public.tblingredientnutritionaninformation (amount, ingredient_id, ni_id) VALUES (18.0, 156, 2);
INSERT INTO public.tblingredientnutritionaninformation (amount, ingredient_id, ni_id) VALUES (0.0, 156, 3);
INSERT INTO public.tblingredient (ingredient_id,name) VALUES (157,'Говядина постная');
INSERT INTO public.tblingredientnutritionaninformation (amount, ingredient_id, ni_id) VALUES (7.1, 157, 1);
INSERT INTO public.tblingredientnutritionaninformation (amount, ingredient_id, ni_id) VALUES (22.2, 157, 2);
INSERT INTO public.tblingredientnutritionaninformation (amount, ingredient_id, ni_id) VALUES (0.0, 157, 3);
INSERT INTO public.tblingredient (ingredient_id,name) VALUES (158,'Говядина средней жирности');
INSERT INTO public.tblingredientnutritionaninformation (amount, ingredient_id, ni_id) VALUES (20.0, 158, 1);
INSERT INTO public.tblingredientnutritionaninformation (amount, ingredient_id, ni_id) VALUES (25.0, 158, 2);
INSERT INTO public.tblingredientnutritionaninformation (amount, ingredient_id, ni_id) VALUES (0.0, 158, 3);
INSERT INTO public.tblingredient (ingredient_id,name) VALUES (159,'Говяжий рубец');
INSERT INTO public.tblingredientnutritionaninformation (amount, ingredient_id, ni_id) VALUES (4.2, 159, 1);
INSERT INTO public.tblingredientnutritionaninformation (amount, ingredient_id, ni_id) VALUES (14.8, 159, 2);
INSERT INTO public.tblingredientnutritionaninformation (amount, ingredient_id, ni_id) VALUES (0.0, 159, 3);
INSERT INTO public.tblingredient (ingredient_id,name) VALUES (160,'Говяжий фарш');
INSERT INTO public.tblingredientnutritionaninformation (amount, ingredient_id, ni_id) VALUES (20.0, 160, 1);
INSERT INTO public.tblingredientnutritionaninformation (amount, ingredient_id, ni_id) VALUES (17.2, 160, 2);
INSERT INTO public.tblingredientnutritionaninformation (amount, ingredient_id, ni_id) VALUES (0.0, 160, 3);
INSERT INTO public.tblingredient (ingredient_id,name) VALUES (161,'Говяжий фарш жирный');
INSERT INTO public.tblingredientnutritionaninformation (amount, ingredient_id, ni_id) VALUES (25.0, 161, 1);
INSERT INTO public.tblingredientnutritionaninformation (amount, ingredient_id, ni_id) VALUES (15.0, 161, 2);
INSERT INTO public.tblingredientnutritionaninformation (amount, ingredient_id, ni_id) VALUES (0.0, 161, 3);
INSERT INTO public.tblingredient (ingredient_id,name) VALUES (162,'Говяжий фарш постный');
INSERT INTO public.tblingredientnutritionaninformation (amount, ingredient_id, ni_id) VALUES (15.0, 162, 1);
INSERT INTO public.tblingredientnutritionaninformation (amount, ingredient_id, ni_id) VALUES (18.0, 162, 2);
INSERT INTO public.tblingredientnutritionaninformation (amount, ingredient_id, ni_id) VALUES (0.0, 162, 3);
INSERT INTO public.tblingredient (ingredient_id,name) VALUES (163,'Говяжий хвост');
INSERT INTO public.tblingredientnutritionaninformation (amount, ingredient_id, ni_id) VALUES (6.5, 163, 1);
INSERT INTO public.tblingredientnutritionaninformation (amount, ingredient_id, ni_id) VALUES (19.7, 163, 2);
INSERT INTO public.tblingredientnutritionaninformation (amount, ingredient_id, ni_id) VALUES (0.0, 163, 3);
INSERT INTO public.tblingredient (ingredient_id,name) VALUES (164,'Говяжий язык');
INSERT INTO public.tblingredientnutritionaninformation (amount, ingredient_id, ni_id) VALUES (10.9, 164, 1);
INSERT INTO public.tblingredientnutritionaninformation (amount, ingredient_id, ni_id) VALUES (12.2, 164, 2);
INSERT INTO public.tblingredientnutritionaninformation (amount, ingredient_id, ni_id) VALUES (0.0, 164, 3);
INSERT INTO public.tblingredient (ingredient_id,name) VALUES (165,'Говяжье вымя');
INSERT INTO public.tblingredientnutritionaninformation (amount, ingredient_id, ni_id) VALUES (13.7, 165, 1);
INSERT INTO public.tblingredientnutritionaninformation (amount, ingredient_id, ni_id) VALUES (12.3, 165, 2);
INSERT INTO public.tblingredientnutritionaninformation (amount, ingredient_id, ni_id) VALUES (0.0, 165, 3);
INSERT INTO public.tblingredient (ingredient_id,name) VALUES (166,'Говяжье сердце');
INSERT INTO public.tblingredientnutritionaninformation (amount, ingredient_id, ni_id) VALUES (3.5, 166, 1);
INSERT INTO public.tblingredientnutritionaninformation (amount, ingredient_id, ni_id) VALUES (16.0, 166, 2);
INSERT INTO public.tblingredientnutritionaninformation (amount, ingredient_id, ni_id) VALUES (0.0, 166, 3);
INSERT INTO public.tblingredient (ingredient_id,name) VALUES (167,'Говяжьи губы');
INSERT INTO public.tblingredientnutritionaninformation (amount, ingredient_id, ni_id) VALUES (5.0, 167, 1);
INSERT INTO public.tblingredientnutritionaninformation (amount, ingredient_id, ni_id) VALUES (15.0, 167, 2);
INSERT INTO public.tblingredientnutritionaninformation (amount, ingredient_id, ni_id) VALUES (0.0, 167, 3);
INSERT INTO public.tblingredient (ingredient_id,name) VALUES (168,'Говяжьи легкие');
INSERT INTO public.tblingredientnutritionaninformation (amount, ingredient_id, ni_id) VALUES (2.5, 168, 1);
INSERT INTO public.tblingredientnutritionaninformation (amount, ingredient_id, ni_id) VALUES (16.2, 168, 2);
INSERT INTO public.tblingredientnutritionaninformation (amount, ingredient_id, ni_id) VALUES (0.0, 168, 3);
INSERT INTO public.tblingredient (ingredient_id,name) VALUES (169,'Говяжьи мозги');
INSERT INTO public.tblingredientnutritionaninformation (amount, ingredient_id, ni_id) VALUES (8.6, 169, 1);
INSERT INTO public.tblingredientnutritionaninformation (amount, ingredient_id, ni_id) VALUES (11.7, 169, 2);
INSERT INTO public.tblingredientnutritionaninformation (amount, ingredient_id, ni_id) VALUES (0.0, 169, 3);
INSERT INTO public.tblingredient (ingredient_id,name) VALUES (170,'Говяжьи ноги');
INSERT INTO public.tblingredientnutritionaninformation (amount, ingredient_id, ni_id) VALUES (6.6, 170, 1);
INSERT INTO public.tblingredientnutritionaninformation (amount, ingredient_id, ni_id) VALUES (25.0, 170, 2);
INSERT INTO public.tblingredientnutritionaninformation (amount, ingredient_id, ni_id) VALUES (0.0, 170, 3);
INSERT INTO public.tblingredient (ingredient_id,name) VALUES (171,'Говяжьи почки');
INSERT INTO public.tblingredientnutritionaninformation (amount, ingredient_id, ni_id) VALUES (2.8, 171, 1);
INSERT INTO public.tblingredientnutritionaninformation (amount, ingredient_id, ni_id) VALUES (15.2, 171, 2);
INSERT INTO public.tblingredientnutritionaninformation (amount, ingredient_id, ni_id) VALUES (0.0, 171, 3);
INSERT INTO public.tblingredient (ingredient_id,name) VALUES (172,'Говяжьи ребра');
INSERT INTO public.tblingredientnutritionaninformation (amount, ingredient_id, ni_id) VALUES (35.0, 172, 1);
INSERT INTO public.tblingredientnutritionaninformation (amount, ingredient_id, ni_id) VALUES (11.0, 172, 2);
INSERT INTO public.tblingredientnutritionaninformation (amount, ingredient_id, ni_id) VALUES (0.0, 172, 3);
INSERT INTO public.tblingredient (ingredient_id,name) VALUES (173,'Говяжьи уши');
INSERT INTO public.tblingredientnutritionaninformation (amount, ingredient_id, ni_id) VALUES (2.3, 173, 1);
INSERT INTO public.tblingredientnutritionaninformation (amount, ingredient_id, ni_id) VALUES (25.2, 173, 2);
INSERT INTO public.tblingredientnutritionaninformation (amount, ingredient_id, ni_id) VALUES (0.0, 173, 3);
INSERT INTO public.tblingredient (ingredient_id,name) VALUES (174,'Говяжья вырезка');
INSERT INTO public.tblingredientnutritionaninformation (amount, ingredient_id, ni_id) VALUES (16.0, 174, 1);
INSERT INTO public.tblingredientnutritionaninformation (amount, ingredient_id, ni_id) VALUES (18.6, 174, 2);
INSERT INTO public.tblingredientnutritionaninformation (amount, ingredient_id, ni_id) VALUES (0.0, 174, 3);
INSERT INTO public.tblingredient (ingredient_id,name) VALUES (175,'Говяжья грудинка');
INSERT INTO public.tblingredientnutritionaninformation (amount, ingredient_id, ni_id) VALUES (15.7, 175, 1);
INSERT INTO public.tblingredientnutritionaninformation (amount, ingredient_id, ni_id) VALUES (19.3, 175, 2);
INSERT INTO public.tblingredientnutritionaninformation (amount, ingredient_id, ni_id) VALUES (0.0, 175, 3);
INSERT INTO public.tblingredient (ingredient_id,name) VALUES (176,'Говяжья лопатка');
INSERT INTO public.tblingredientnutritionaninformation (amount, ingredient_id, ni_id) VALUES (6.6, 176, 1);
INSERT INTO public.tblingredientnutritionaninformation (amount, ingredient_id, ni_id) VALUES (19.4, 176, 2);
INSERT INTO public.tblingredientnutritionaninformation (amount, ingredient_id, ni_id) VALUES (0.0, 176, 3);
INSERT INTO public.tblingredient (ingredient_id,name) VALUES (177,'Говяжья пашина');
INSERT INTO public.tblingredientnutritionaninformation (amount, ingredient_id, ni_id) VALUES (16.6, 177, 1);
INSERT INTO public.tblingredientnutritionaninformation (amount, ingredient_id, ni_id) VALUES (18.9, 177, 2);
INSERT INTO public.tblingredientnutritionaninformation (amount, ingredient_id, ni_id) VALUES (0.0, 177, 3);
INSERT INTO public.tblingredient (ingredient_id,name) VALUES (178,'Говяжья печень');
INSERT INTO public.tblingredientnutritionaninformation (amount, ingredient_id, ni_id) VALUES (3.1, 178, 1);
INSERT INTO public.tblingredientnutritionaninformation (amount, ingredient_id, ni_id) VALUES (20.0, 178, 2);
INSERT INTO public.tblingredientnutritionaninformation (amount, ingredient_id, ni_id) VALUES (4.0, 178, 3);
INSERT INTO public.tblingredient (ingredient_id,name) VALUES (179,'Говяжья покромка');
INSERT INTO public.tblingredientnutritionaninformation (amount, ingredient_id, ni_id) VALUES (16.0, 179, 1);
INSERT INTO public.tblingredientnutritionaninformation (amount, ingredient_id, ni_id) VALUES (18.6, 179, 2);
INSERT INTO public.tblingredientnutritionaninformation (amount, ingredient_id, ni_id) VALUES (0.0, 179, 3);
INSERT INTO public.tblingredient (ingredient_id,name) VALUES (180,'Говяжья тазобедренная часть (огузок)');
INSERT INTO public.tblingredientnutritionaninformation (amount, ingredient_id, ni_id) VALUES (6.4, 180, 1);
INSERT INTO public.tblingredientnutritionaninformation (amount, ingredient_id, ni_id) VALUES (20.2, 180, 2);
INSERT INTO public.tblingredientnutritionaninformation (amount, ingredient_id, ni_id) VALUES (0.0, 180, 3);
INSERT INTO public.tblingredient (ingredient_id,name) VALUES (181,'Говяжья шейная часть');
INSERT INTO public.tblingredientnutritionaninformation (amount, ingredient_id, ni_id) VALUES (6.4, 181, 1);
INSERT INTO public.tblingredientnutritionaninformation (amount, ingredient_id, ni_id) VALUES (19.4, 181, 2);
INSERT INTO public.tblingredientnutritionaninformation (amount, ingredient_id, ni_id) VALUES (0.0, 181, 3);
INSERT INTO public.tblingredient (ingredient_id,name) VALUES (182,'Голавль');
INSERT INTO public.tblingredientnutritionaninformation (amount, ingredient_id, ni_id) VALUES (5.6, 182, 1);
INSERT INTO public.tblingredientnutritionaninformation (amount, ingredient_id, ni_id) VALUES (17.8, 182, 2);
INSERT INTO public.tblingredientnutritionaninformation (amount, ingredient_id, ni_id) VALUES (0.0, 182, 3);
INSERT INTO public.tblingredient (ingredient_id,name) VALUES (183,'Голец');
INSERT INTO public.tblingredientnutritionaninformation (amount, ingredient_id, ni_id) VALUES (5.7, 183, 1);
INSERT INTO public.tblingredientnutritionaninformation (amount, ingredient_id, ni_id) VALUES (22.4, 183, 2);
INSERT INTO public.tblingredientnutritionaninformation (amount, ingredient_id, ni_id) VALUES (0.0, 183, 3);
INSERT INTO public.tblingredient (ingredient_id,name) VALUES (184,'Голубика');
INSERT INTO public.tblingredientnutritionaninformation (amount, ingredient_id, ni_id) VALUES (0.0, 184, 1);
INSERT INTO public.tblingredientnutritionaninformation (amount, ingredient_id, ni_id) VALUES (1.0, 184, 2);
INSERT INTO public.tblingredientnutritionaninformation (amount, ingredient_id, ni_id) VALUES (8.2, 184, 3);
INSERT INTO public.tblingredient (ingredient_id,name) VALUES (185,'Голубиное мясо');
INSERT INTO public.tblingredientnutritionaninformation (amount, ingredient_id, ni_id) VALUES (23.8, 185, 1);
INSERT INTO public.tblingredientnutritionaninformation (amount, ingredient_id, ni_id) VALUES (18.5, 185, 2);
INSERT INTO public.tblingredientnutritionaninformation (amount, ingredient_id, ni_id) VALUES (0.0, 185, 3);
INSERT INTO public.tblingredient (ingredient_id,name) VALUES (186,'Горбуша свежая');
INSERT INTO public.tblingredientnutritionaninformation (amount, ingredient_id, ni_id) VALUES (6.5, 186, 1);
INSERT INTO public.tblingredientnutritionaninformation (amount, ingredient_id, ni_id) VALUES (20.5, 186, 2);
INSERT INTO public.tblingredientnutritionaninformation (amount, ingredient_id, ni_id) VALUES (0.0, 186, 3);
INSERT INTO public.tblingredient (ingredient_id,name) VALUES (187,'Горох маш');
INSERT INTO public.tblingredientnutritionaninformation (amount, ingredient_id, ni_id) VALUES (2.0, 187, 1);
INSERT INTO public.tblingredientnutritionaninformation (amount, ingredient_id, ni_id) VALUES (23.5, 187, 2);
INSERT INTO public.tblingredientnutritionaninformation (amount, ingredient_id, ni_id) VALUES (46.0, 187, 3);
INSERT INTO public.tblingredient (ingredient_id,name) VALUES (188,'Горох маш (ростки)');
INSERT INTO public.tblingredientnutritionaninformation (amount, ingredient_id, ni_id) VALUES (0.2, 188, 1);
INSERT INTO public.tblingredientnutritionaninformation (amount, ingredient_id, ni_id) VALUES (3.1, 188, 2);
INSERT INTO public.tblingredientnutritionaninformation (amount, ingredient_id, ni_id) VALUES (6.0, 188, 3);
INSERT INTO public.tblingredient (ingredient_id,name) VALUES (189,'Горох сушёный');
INSERT INTO public.tblingredientnutritionaninformation (amount, ingredient_id, ni_id) VALUES (2.0, 189, 1);
INSERT INTO public.tblingredientnutritionaninformation (amount, ingredient_id, ni_id) VALUES (20.5, 189, 2);
INSERT INTO public.tblingredientnutritionaninformation (amount, ingredient_id, ni_id) VALUES (53.3, 189, 3);
INSERT INTO public.tblingredient (ingredient_id,name) VALUES (190,'Горошек зелёный');
INSERT INTO public.tblingredientnutritionaninformation (amount, ingredient_id, ni_id) VALUES (0.2, 190, 1);
INSERT INTO public.tblingredientnutritionaninformation (amount, ingredient_id, ni_id) VALUES (5.0, 190, 2);
INSERT INTO public.tblingredientnutritionaninformation (amount, ingredient_id, ni_id) VALUES (13.8, 190, 3);
INSERT INTO public.tblingredient (ingredient_id,name) VALUES (191,'Горчица');
INSERT INTO public.tblingredientnutritionaninformation (amount, ingredient_id, ni_id) VALUES (6.4, 191, 1);
INSERT INTO public.tblingredientnutritionaninformation (amount, ingredient_id, ni_id) VALUES (5.7, 191, 2);
INSERT INTO public.tblingredientnutritionaninformation (amount, ingredient_id, ni_id) VALUES (22.0, 191, 3);
INSERT INTO public.tblingredient (ingredient_id,name) VALUES (192,'Горчичный порошок');
INSERT INTO public.tblingredientnutritionaninformation (amount, ingredient_id, ni_id) VALUES (11.1, 192, 1);
INSERT INTO public.tblingredientnutritionaninformation (amount, ingredient_id, ni_id) VALUES (37.1, 192, 2);
INSERT INTO public.tblingredientnutritionaninformation (amount, ingredient_id, ni_id) VALUES (32.6, 192, 3);
INSERT INTO public.tblingredient (ingredient_id,name) VALUES (193,'Гранадилла');
INSERT INTO public.tblingredientnutritionaninformation (amount, ingredient_id, ni_id) VALUES (0.1, 193, 1);
INSERT INTO public.tblingredientnutritionaninformation (amount, ingredient_id, ni_id) VALUES (0.5, 193, 2);
INSERT INTO public.tblingredientnutritionaninformation (amount, ingredient_id, ni_id) VALUES (8.0, 193, 3);
INSERT INTO public.tblingredient (ingredient_id,name) VALUES (194,'Гранат');
INSERT INTO public.tblingredientnutritionaninformation (amount, ingredient_id, ni_id) VALUES (0.0, 194, 1);
INSERT INTO public.tblingredientnutritionaninformation (amount, ingredient_id, ni_id) VALUES (0.9, 194, 2);
INSERT INTO public.tblingredientnutritionaninformation (amount, ingredient_id, ni_id) VALUES (13.9, 194, 3);
INSERT INTO public.tblingredient (ingredient_id,name) VALUES (195,'Гранатовый сок');
INSERT INTO public.tblingredientnutritionaninformation (amount, ingredient_id, ni_id) VALUES (0.0, 195, 1);
INSERT INTO public.tblingredientnutritionaninformation (amount, ingredient_id, ni_id) VALUES (0.3, 195, 2);
INSERT INTO public.tblingredientnutritionaninformation (amount, ingredient_id, ni_id) VALUES (14.5, 195, 3);
INSERT INTO public.tblingredient (ingredient_id,name) VALUES (196,'Грейпфрут');
INSERT INTO public.tblingredientnutritionaninformation (amount, ingredient_id, ni_id) VALUES (0.2, 196, 1);
INSERT INTO public.tblingredientnutritionaninformation (amount, ingredient_id, ni_id) VALUES (0.7, 196, 2);
INSERT INTO public.tblingredientnutritionaninformation (amount, ingredient_id, ni_id) VALUES (6.5, 196, 3);
INSERT INTO public.tblingredient (ingredient_id,name) VALUES (197,'Грейпфрутовый сок');
INSERT INTO public.tblingredientnutritionaninformation (amount, ingredient_id, ni_id) VALUES (0.2, 197, 1);
INSERT INTO public.tblingredientnutritionaninformation (amount, ingredient_id, ni_id) VALUES (0.9, 197, 2);
INSERT INTO public.tblingredientnutritionaninformation (amount, ingredient_id, ni_id) VALUES (6.5, 197, 3);
INSERT INTO public.tblingredient (ingredient_id,name) VALUES (198,'Гремолата');
INSERT INTO public.tblingredientnutritionaninformation (amount, ingredient_id, ni_id) VALUES (0.4, 198, 1);
INSERT INTO public.tblingredientnutritionaninformation (amount, ingredient_id, ni_id) VALUES (3.7, 198, 2);
INSERT INTO public.tblingredientnutritionaninformation (amount, ingredient_id, ni_id) VALUES (7.6, 198, 3);
INSERT INTO public.tblingredient (ingredient_id,name) VALUES (199,'Гренки пшеничные');
INSERT INTO public.tblingredientnutritionaninformation (amount, ingredient_id, ni_id) VALUES (9.0, 199, 1);
INSERT INTO public.tblingredientnutritionaninformation (amount, ingredient_id, ni_id) VALUES (11.4, 199, 2);
INSERT INTO public.tblingredientnutritionaninformation (amount, ingredient_id, ni_id) VALUES (65.7, 199, 3);
INSERT INTO public.tblingredient (ingredient_id,name) VALUES (200,'Грецкий орех');
INSERT INTO public.tblingredientnutritionaninformation (amount, ingredient_id, ni_id) VALUES (65.2, 200, 1);
INSERT INTO public.tblingredientnutritionaninformation (amount, ingredient_id, ni_id) VALUES (15.2, 200, 2);
INSERT INTO public.tblingredientnutritionaninformation (amount, ingredient_id, ni_id) VALUES (7.0, 200, 3);
INSERT INTO public.tblingredient (ingredient_id,name) VALUES (201,'Гречневая крупа (ядрица)');
INSERT INTO public.tblingredientnutritionaninformation (amount, ingredient_id, ni_id) VALUES (3.3, 201, 1);
INSERT INTO public.tblingredientnutritionaninformation (amount, ingredient_id, ni_id) VALUES (12.6, 201, 2);
INSERT INTO public.tblingredientnutritionaninformation (amount, ingredient_id, ni_id) VALUES (62.1, 201, 3);
INSERT INTO public.tblingredient (ingredient_id,name) VALUES (202,'Гречневая крупа (ядрица) зелёная');
INSERT INTO public.tblingredientnutritionaninformation (amount, ingredient_id, ni_id) VALUES (3.2, 202, 1);
INSERT INTO public.tblingredientnutritionaninformation (amount, ingredient_id, ni_id) VALUES (10.8, 202, 2);
INSERT INTO public.tblingredientnutritionaninformation (amount, ingredient_id, ni_id) VALUES (56.0, 202, 3);
INSERT INTO public.tblingredient (ingredient_id,name) VALUES (203,'Гриссини');
INSERT INTO public.tblingredientnutritionaninformation (amount, ingredient_id, ni_id) VALUES (6.0, 203, 1);
INSERT INTO public.tblingredientnutritionaninformation (amount, ingredient_id, ni_id) VALUES (7.0, 203, 2);
INSERT INTO public.tblingredientnutritionaninformation (amount, ingredient_id, ni_id) VALUES (40.0, 203, 3);
INSERT INTO public.tblingredient (ingredient_id,name) VALUES (204,'Грузди свежие');
INSERT INTO public.tblingredientnutritionaninformation (amount, ingredient_id, ni_id) VALUES (0.5, 204, 1);
INSERT INTO public.tblingredientnutritionaninformation (amount, ingredient_id, ni_id) VALUES (1.8, 204, 2);
INSERT INTO public.tblingredientnutritionaninformation (amount, ingredient_id, ni_id) VALUES (0.8, 204, 3);
INSERT INTO public.tblingredient (ingredient_id,name) VALUES (205,'Групер (мероу)');
INSERT INTO public.tblingredientnutritionaninformation (amount, ingredient_id, ni_id) VALUES (1.3, 205, 1);
INSERT INTO public.tblingredientnutritionaninformation (amount, ingredient_id, ni_id) VALUES (24.8, 205, 2);
INSERT INTO public.tblingredientnutritionaninformation (amount, ingredient_id, ni_id) VALUES (0.0, 205, 3);
INSERT INTO public.tblingredient (ingredient_id,name) VALUES (206,'Груша');
INSERT INTO public.tblingredientnutritionaninformation (amount, ingredient_id, ni_id) VALUES (0.3, 206, 1);
INSERT INTO public.tblingredientnutritionaninformation (amount, ingredient_id, ni_id) VALUES (0.4, 206, 2);
INSERT INTO public.tblingredientnutritionaninformation (amount, ingredient_id, ni_id) VALUES (10.9, 206, 3);
INSERT INTO public.tblingredient (ingredient_id,name) VALUES (207,'Груши сушёные');
INSERT INTO public.tblingredientnutritionaninformation (amount, ingredient_id, ni_id) VALUES (0.6, 207, 1);
INSERT INTO public.tblingredientnutritionaninformation (amount, ingredient_id, ni_id) VALUES (2.3, 207, 2);
INSERT INTO public.tblingredientnutritionaninformation (amount, ingredient_id, ni_id) VALUES (62.6, 207, 3);
INSERT INTO public.tblingredient (ingredient_id,name) VALUES (208,'Гуава');
INSERT INTO public.tblingredientnutritionaninformation (amount, ingredient_id, ni_id) VALUES (1.0, 208, 1);
INSERT INTO public.tblingredientnutritionaninformation (amount, ingredient_id, ni_id) VALUES (2.6, 208, 2);
INSERT INTO public.tblingredientnutritionaninformation (amount, ingredient_id, ni_id) VALUES (8.9, 208, 3);
INSERT INTO public.tblingredient (ingredient_id,name) VALUES (209,'Гуарана');
INSERT INTO public.tblingredientnutritionaninformation (amount, ingredient_id, ni_id) VALUES (0.0, 209, 1);
INSERT INTO public.tblingredientnutritionaninformation (amount, ingredient_id, ni_id) VALUES (0.1, 209, 2);
INSERT INTO public.tblingredientnutritionaninformation (amount, ingredient_id, ni_id) VALUES (6.5, 209, 3);
INSERT INTO public.tblingredient (ingredient_id,name) VALUES (210,'Гулявник лекарственный');
INSERT INTO public.tblingredientnutritionaninformation (amount, ingredient_id, ni_id) VALUES (0.0, 210, 1);
INSERT INTO public.tblingredientnutritionaninformation (amount, ingredient_id, ni_id) VALUES (0.3, 210, 2);
INSERT INTO public.tblingredientnutritionaninformation (amount, ingredient_id, ni_id) VALUES (5.0, 210, 3);
INSERT INTO public.tblingredient (ingredient_id,name) VALUES (211,'Гусиная печень');
INSERT INTO public.tblingredientnutritionaninformation (amount, ingredient_id, ni_id) VALUES (39.0, 211, 1);
INSERT INTO public.tblingredientnutritionaninformation (amount, ingredient_id, ni_id) VALUES (15.2, 211, 2);
INSERT INTO public.tblingredientnutritionaninformation (amount, ingredient_id, ni_id) VALUES (0.0, 211, 3);
INSERT INTO public.tblingredient (ingredient_id,name) VALUES (212,'Густера');
INSERT INTO public.tblingredientnutritionaninformation (amount, ingredient_id, ni_id) VALUES (2.4, 212, 1);
INSERT INTO public.tblingredientnutritionaninformation (amount, ingredient_id, ni_id) VALUES (15.1, 212, 2);
INSERT INTO public.tblingredientnutritionaninformation (amount, ingredient_id, ni_id) VALUES (0.0, 212, 3);
INSERT INTO public.tblingredient (ingredient_id,name) VALUES (213,'Гусь');
INSERT INTO public.tblingredientnutritionaninformation (amount, ingredient_id, ni_id) VALUES (39.0, 213, 1);
INSERT INTO public.tblingredientnutritionaninformation (amount, ingredient_id, ni_id) VALUES (15.2, 213, 2);
INSERT INTO public.tblingredientnutritionaninformation (amount, ingredient_id, ni_id) VALUES (0.0, 213, 3);
INSERT INTO public.tblingredient (ingredient_id,name) VALUES (214,'Дайкон');
INSERT INTO public.tblingredientnutritionaninformation (amount, ingredient_id, ni_id) VALUES (0.0, 214, 1);
INSERT INTO public.tblingredientnutritionaninformation (amount, ingredient_id, ni_id) VALUES (1.2, 214, 2);
INSERT INTO public.tblingredientnutritionaninformation (amount, ingredient_id, ni_id) VALUES (4.1, 214, 3);
INSERT INTO public.tblingredient (ingredient_id,name) VALUES (215,'Девясил');
INSERT INTO public.tblingredientnutritionaninformation (amount, ingredient_id, ni_id) VALUES (0.0, 215, 1);
INSERT INTO public.tblingredientnutritionaninformation (amount, ingredient_id, ni_id) VALUES (2.9, 215, 2);
INSERT INTO public.tblingredientnutritionaninformation (amount, ingredient_id, ni_id) VALUES (0.2, 215, 3);
INSERT INTO public.tblingredient (ingredient_id,name) VALUES (216,'Джекфрут (плод хлебного дерева)');
INSERT INTO public.tblingredientnutritionaninformation (amount, ingredient_id, ni_id) VALUES (0.3, 216, 1);
INSERT INTO public.tblingredientnutritionaninformation (amount, ingredient_id, ni_id) VALUES (1.4, 216, 2);
INSERT INTO public.tblingredientnutritionaninformation (amount, ingredient_id, ni_id) VALUES (22.4, 216, 3);
INSERT INTO public.tblingredient (ingredient_id,name) VALUES (217,'Джин');
INSERT INTO public.tblingredientnutritionaninformation (amount, ingredient_id, ni_id) VALUES (0.0, 217, 1);
INSERT INTO public.tblingredientnutritionaninformation (amount, ingredient_id, ni_id) VALUES (0.0, 217, 2);
INSERT INTO public.tblingredientnutritionaninformation (amount, ingredient_id, ni_id) VALUES (0.0, 217, 3);
INSERT INTO public.tblingredient (ingredient_id,name) VALUES (218,'Дорадо');
INSERT INTO public.tblingredientnutritionaninformation (amount, ingredient_id, ni_id) VALUES (3.0, 218, 1);
INSERT INTO public.tblingredientnutritionaninformation (amount, ingredient_id, ni_id) VALUES (18.0, 218, 2);
INSERT INTO public.tblingredientnutritionaninformation (amount, ingredient_id, ni_id) VALUES (0.0, 218, 3);
INSERT INTO public.tblingredient (ingredient_id,name) VALUES (219,'Дрожжи');
INSERT INTO public.tblingredientnutritionaninformation (amount, ingredient_id, ni_id) VALUES (2.7, 219, 1);
INSERT INTO public.tblingredientnutritionaninformation (amount, ingredient_id, ni_id) VALUES (12.7, 219, 2);
INSERT INTO public.tblingredientnutritionaninformation (amount, ingredient_id, ni_id) VALUES (0.0, 219, 3);
INSERT INTO public.tblingredient (ingredient_id,name) VALUES (220,'Дуриан');
INSERT INTO public.tblingredientnutritionaninformation (amount, ingredient_id, ni_id) VALUES (5.3, 220, 1);
INSERT INTO public.tblingredientnutritionaninformation (amount, ingredient_id, ni_id) VALUES (1.5, 220, 2);
INSERT INTO public.tblingredientnutritionaninformation (amount, ingredient_id, ni_id) VALUES (23.3, 220, 3);
INSERT INTO public.tblingredient (ingredient_id,name) VALUES (221,'Душица (орегано)');
INSERT INTO public.tblingredientnutritionaninformation (amount, ingredient_id, ni_id) VALUES (0.0, 221, 1);
INSERT INTO public.tblingredientnutritionaninformation (amount, ingredient_id, ni_id) VALUES (1.5, 221, 2);
INSERT INTO public.tblingredientnutritionaninformation (amount, ingredient_id, ni_id) VALUES (5.0, 221, 3);
INSERT INTO public.tblingredient (ingredient_id,name) VALUES (222,'Дыня');
INSERT INTO public.tblingredientnutritionaninformation (amount, ingredient_id, ni_id) VALUES (0.3, 222, 1);
INSERT INTO public.tblingredientnutritionaninformation (amount, ingredient_id, ni_id) VALUES (0.6, 222, 2);
INSERT INTO public.tblingredientnutritionaninformation (amount, ingredient_id, ni_id) VALUES (7.4, 222, 3);
INSERT INTO public.tblingredient (ingredient_id,name) VALUES (223,'Дыня сушеная');
INSERT INTO public.tblingredientnutritionaninformation (amount, ingredient_id, ni_id) VALUES (0.1, 223, 1);
INSERT INTO public.tblingredientnutritionaninformation (amount, ingredient_id, ni_id) VALUES (0.7, 223, 2);
INSERT INTO public.tblingredientnutritionaninformation (amount, ingredient_id, ni_id) VALUES (82.2, 223, 3);
INSERT INTO public.tblingredient (ingredient_id,name) VALUES (224,'Дягиль');
INSERT INTO public.tblingredientnutritionaninformation (amount, ingredient_id, ni_id) VALUES (2.4, 224, 1);
INSERT INTO public.tblingredientnutritionaninformation (amount, ingredient_id, ni_id) VALUES (4.2, 224, 2);
INSERT INTO public.tblingredientnutritionaninformation (amount, ingredient_id, ni_id) VALUES (3.1, 224, 3);
INSERT INTO public.tblingredient (ingredient_id,name) VALUES (225,'Ежевика');
INSERT INTO public.tblingredientnutritionaninformation (amount, ingredient_id, ni_id) VALUES (0.0, 225, 1);
INSERT INTO public.tblingredientnutritionaninformation (amount, ingredient_id, ni_id) VALUES (2.0, 225, 2);
INSERT INTO public.tblingredientnutritionaninformation (amount, ingredient_id, ni_id) VALUES (6.4, 225, 3);
INSERT INTO public.tblingredient (ingredient_id,name) VALUES (226,'Еноки');
INSERT INTO public.tblingredientnutritionaninformation (amount, ingredient_id, ni_id) VALUES (0.4, 226, 1);
INSERT INTO public.tblingredientnutritionaninformation (amount, ingredient_id, ni_id) VALUES (2.7, 226, 2);
INSERT INTO public.tblingredientnutritionaninformation (amount, ingredient_id, ni_id) VALUES (0.2, 226, 3);
INSERT INTO public.tblingredient (ingredient_id,name) VALUES (227,'Ёрш');
INSERT INTO public.tblingredientnutritionaninformation (amount, ingredient_id, ni_id) VALUES (2.0, 227, 1);
INSERT INTO public.tblingredientnutritionaninformation (amount, ingredient_id, ni_id) VALUES (17.5, 227, 2);
INSERT INTO public.tblingredientnutritionaninformation (amount, ingredient_id, ni_id) VALUES (0.0, 227, 3);
INSERT INTO public.tblingredient (ingredient_id,name) VALUES (228,'Жасмин');
INSERT INTO public.tblingredientnutritionaninformation (amount, ingredient_id, ni_id) VALUES (0.0, 228, 1);
INSERT INTO public.tblingredientnutritionaninformation (amount, ingredient_id, ni_id) VALUES (0.1, 228, 2);
INSERT INTO public.tblingredientnutritionaninformation (amount, ingredient_id, ni_id) VALUES (0.0, 228, 3);
INSERT INTO public.tblingredient (ingredient_id,name) VALUES (229,'Желатин пищевой');
INSERT INTO public.tblingredientnutritionaninformation (amount, ingredient_id, ni_id) VALUES (0.4, 229, 1);
INSERT INTO public.tblingredientnutritionaninformation (amount, ingredient_id, ni_id) VALUES (87.2, 229, 2);
INSERT INTO public.tblingredientnutritionaninformation (amount, ingredient_id, ni_id) VALUES (0.7, 229, 3);
INSERT INTO public.tblingredient (ingredient_id,name) VALUES (230,'Желтохвост (лакедра)');
INSERT INTO public.tblingredientnutritionaninformation (amount, ingredient_id, ni_id) VALUES (16.0, 230, 1);
INSERT INTO public.tblingredientnutritionaninformation (amount, ingredient_id, ni_id) VALUES (21.0, 230, 2);
INSERT INTO public.tblingredientnutritionaninformation (amount, ingredient_id, ni_id) VALUES (0.0, 230, 3);
INSERT INTO public.tblingredient (ingredient_id,name) VALUES (231,'Желтый полосатик');
INSERT INTO public.tblingredientnutritionaninformation (amount, ingredient_id, ni_id) VALUES (2.0, 231, 1);
INSERT INTO public.tblingredientnutritionaninformation (amount, ingredient_id, ni_id) VALUES (17.5, 231, 2);
INSERT INTO public.tblingredientnutritionaninformation (amount, ingredient_id, ni_id) VALUES (0.0, 231, 3);
INSERT INTO public.tblingredient (ingredient_id,name) VALUES (232,'Желудь');
INSERT INTO public.tblingredientnutritionaninformation (amount, ingredient_id, ni_id) VALUES (20.7, 232, 1);
INSERT INTO public.tblingredientnutritionaninformation (amount, ingredient_id, ni_id) VALUES (24.0, 232, 2);
INSERT INTO public.tblingredientnutritionaninformation (amount, ingredient_id, ni_id) VALUES (15.7, 232, 3);
INSERT INTO public.tblingredient (ingredient_id,name) VALUES (233,'Женьшень');
INSERT INTO public.tblingredientnutritionaninformation (amount, ingredient_id, ni_id) VALUES (0.0, 233, 1);
INSERT INTO public.tblingredientnutritionaninformation (amount, ingredient_id, ni_id) VALUES (0.0, 233, 2);
INSERT INTO public.tblingredientnutritionaninformation (amount, ingredient_id, ni_id) VALUES (10.0, 233, 3);
INSERT INTO public.tblingredient (ingredient_id,name) VALUES (234,'Жердела');
INSERT INTO public.tblingredientnutritionaninformation (amount, ingredient_id, ni_id) VALUES (0.2, 234, 1);
INSERT INTO public.tblingredientnutritionaninformation (amount, ingredient_id, ni_id) VALUES (0.9, 234, 2);
INSERT INTO public.tblingredientnutritionaninformation (amount, ingredient_id, ni_id) VALUES (10.0, 234, 3);
INSERT INTO public.tblingredient (ingredient_id,name) VALUES (235,'Жерех');
INSERT INTO public.tblingredientnutritionaninformation (amount, ingredient_id, ni_id) VALUES (2.6, 235, 1);
INSERT INTO public.tblingredientnutritionaninformation (amount, ingredient_id, ni_id) VALUES (18.8, 235, 2);
INSERT INTO public.tblingredientnutritionaninformation (amount, ingredient_id, ni_id) VALUES (0.0, 235, 3);
INSERT INTO public.tblingredient (ingredient_id,name) VALUES (236,'Жидкий дым');
INSERT INTO public.tblingredientnutritionaninformation (amount, ingredient_id, ni_id) VALUES (0.1, 236, 1);
INSERT INTO public.tblingredientnutritionaninformation (amount, ingredient_id, ni_id) VALUES (0.1, 236, 2);
INSERT INTO public.tblingredientnutritionaninformation (amount, ingredient_id, ni_id) VALUES (0.1, 236, 3);
INSERT INTO public.tblingredient (ingredient_id,name) VALUES (237,'Жимолость');
INSERT INTO public.tblingredientnutritionaninformation (amount, ingredient_id, ni_id) VALUES (0.0, 237, 1);
INSERT INTO public.tblingredientnutritionaninformation (amount, ingredient_id, ni_id) VALUES (0.0, 237, 2);
INSERT INTO public.tblingredientnutritionaninformation (amount, ingredient_id, ni_id) VALUES (7.8, 237, 3);
INSERT INTO public.tblingredient (ingredient_id,name) VALUES (238,'Жир бараний топлёный');
INSERT INTO public.tblingredientnutritionaninformation (amount, ingredient_id, ni_id) VALUES (99.7, 238, 1);
INSERT INTO public.tblingredientnutritionaninformation (amount, ingredient_id, ni_id) VALUES (0.0, 238, 2);
INSERT INTO public.tblingredientnutritionaninformation (amount, ingredient_id, ni_id) VALUES (0.0, 238, 3);
INSERT INTO public.tblingredient (ingredient_id,name) VALUES (239,'Жир говяжий топлёный');
INSERT INTO public.tblingredientnutritionaninformation (amount, ingredient_id, ni_id) VALUES (99.7, 239, 1);
INSERT INTO public.tblingredientnutritionaninformation (amount, ingredient_id, ni_id) VALUES (0.0, 239, 2);
INSERT INTO public.tblingredientnutritionaninformation (amount, ingredient_id, ni_id) VALUES (0.0, 239, 3);
INSERT INTO public.tblingredient (ingredient_id,name) VALUES (240,'Жир из печени трески');
INSERT INTO public.tblingredientnutritionaninformation (amount, ingredient_id, ni_id) VALUES (99.8, 240, 1);
INSERT INTO public.tblingredientnutritionaninformation (amount, ingredient_id, ni_id) VALUES (0.0, 240, 2);
INSERT INTO public.tblingredientnutritionaninformation (amount, ingredient_id, ni_id) VALUES (0.0, 240, 3);
INSERT INTO public.tblingredient (ingredient_id,name) VALUES (241,'Жир кондитерский твердый');
INSERT INTO public.tblingredientnutritionaninformation (amount, ingredient_id, ni_id) VALUES (99.8, 241, 1);
INSERT INTO public.tblingredientnutritionaninformation (amount, ingredient_id, ni_id) VALUES (0.0, 241, 2);
INSERT INTO public.tblingredientnutritionaninformation (amount, ingredient_id, ni_id) VALUES (0.0, 241, 3);
INSERT INTO public.tblingredient (ingredient_id,name) VALUES (242,'Жир куриный');
INSERT INTO public.tblingredientnutritionaninformation (amount, ingredient_id, ni_id) VALUES (99.7, 242, 1);
INSERT INTO public.tblingredientnutritionaninformation (amount, ingredient_id, ni_id) VALUES (0.0, 242, 2);
INSERT INTO public.tblingredientnutritionaninformation (amount, ingredient_id, ni_id) VALUES (0.0, 242, 3);
INSERT INTO public.tblingredient (ingredient_id,name) VALUES (243,'Жир рыбий');
INSERT INTO public.tblingredientnutritionaninformation (amount, ingredient_id, ni_id) VALUES (100.0, 243, 1);
INSERT INTO public.tblingredientnutritionaninformation (amount, ingredient_id, ni_id) VALUES (0.0, 243, 2);
INSERT INTO public.tblingredientnutritionaninformation (amount, ingredient_id, ni_id) VALUES (0.0, 243, 3);
INSERT INTO public.tblingredient (ingredient_id,name) VALUES (244,'Жир свиной топлёный');
INSERT INTO public.tblingredientnutritionaninformation (amount, ingredient_id, ni_id) VALUES (99.6, 244, 1);
INSERT INTO public.tblingredientnutritionaninformation (amount, ingredient_id, ni_id) VALUES (0.0, 244, 2);
INSERT INTO public.tblingredientnutritionaninformation (amount, ingredient_id, ni_id) VALUES (0.0, 244, 3);
INSERT INTO public.tblingredient (ingredient_id,name) VALUES (245,'Закваска Злагода кисломолочная без наполнителей');
INSERT INTO public.tblingredientnutritionaninformation (amount, ingredient_id, ni_id) VALUES (2.5, 245, 1);
INSERT INTO public.tblingredientnutritionaninformation (amount, ingredient_id, ni_id) VALUES (2.9, 245, 2);
INSERT INTO public.tblingredientnutritionaninformation (amount, ingredient_id, ni_id) VALUES (3.8, 245, 3);
INSERT INTO public.tblingredient (ingredient_id,name) VALUES (246,'Закваска сухая');
INSERT INTO public.tblingredientnutritionaninformation (amount, ingredient_id, ni_id) VALUES (2.0, 246, 1);
INSERT INTO public.tblingredientnutritionaninformation (amount, ingredient_id, ni_id) VALUES (11.0, 246, 2);
INSERT INTO public.tblingredientnutritionaninformation (amount, ingredient_id, ni_id) VALUES (67.0, 246, 3);
INSERT INTO public.tblingredient (ingredient_id,name) VALUES (247,'Зантоксилум');
INSERT INTO public.tblingredientnutritionaninformation (amount, ingredient_id, ni_id) VALUES (2.1, 247, 1);
INSERT INTO public.tblingredientnutritionaninformation (amount, ingredient_id, ni_id) VALUES (10.4, 247, 2);
INSERT INTO public.tblingredientnutritionaninformation (amount, ingredient_id, ni_id) VALUES (42.4, 247, 3);
INSERT INTO public.tblingredient (ingredient_id,name) VALUES (248,'Зелень');
INSERT INTO public.tblingredientnutritionaninformation (amount, ingredient_id, ni_id) VALUES (0.4, 248, 1);
INSERT INTO public.tblingredientnutritionaninformation (amount, ingredient_id, ni_id) VALUES (2.6, 248, 2);
INSERT INTO public.tblingredientnutritionaninformation (amount, ingredient_id, ni_id) VALUES (5.2, 248, 3);
INSERT INTO public.tblingredient (ingredient_id,name) VALUES (249,'Зелень сушёная');
INSERT INTO public.tblingredientnutritionaninformation (amount, ingredient_id, ni_id) VALUES (0.0, 249, 1);
INSERT INTO public.tblingredientnutritionaninformation (amount, ingredient_id, ni_id) VALUES (3.0, 249, 2);
INSERT INTO public.tblingredientnutritionaninformation (amount, ingredient_id, ni_id) VALUES (24.5, 249, 3);
INSERT INTO public.tblingredient (ingredient_id,name) VALUES (250,'Земляника');
INSERT INTO public.tblingredientnutritionaninformation (amount, ingredient_id, ni_id) VALUES (0.4, 250, 1);
INSERT INTO public.tblingredientnutritionaninformation (amount, ingredient_id, ni_id) VALUES (0.8, 250, 2);
INSERT INTO public.tblingredientnutritionaninformation (amount, ingredient_id, ni_id) VALUES (7.5, 250, 3);
INSERT INTO public.tblingredient (ingredient_id,name) VALUES (251,'Зира');
INSERT INTO public.tblingredientnutritionaninformation (amount, ingredient_id, ni_id) VALUES (5.0, 251, 1);
INSERT INTO public.tblingredientnutritionaninformation (amount, ingredient_id, ni_id) VALUES (12.0, 251, 2);
INSERT INTO public.tblingredientnutritionaninformation (amount, ingredient_id, ni_id) VALUES (32.0, 251, 3);
INSERT INTO public.tblingredient (ingredient_id,name) VALUES (252,'Зити');
INSERT INTO public.tblingredientnutritionaninformation (amount, ingredient_id, ni_id) VALUES (1.2, 252, 1);
INSERT INTO public.tblingredientnutritionaninformation (amount, ingredient_id, ni_id) VALUES (12.0, 252, 2);
INSERT INTO public.tblingredientnutritionaninformation (amount, ingredient_id, ni_id) VALUES (71.0, 252, 3);
INSERT INTO public.tblingredient (ingredient_id,name) VALUES (253,'Змеиное мясо');
INSERT INTO public.tblingredientnutritionaninformation (amount, ingredient_id, ni_id) VALUES (0.3, 253, 1);
INSERT INTO public.tblingredientnutritionaninformation (amount, ingredient_id, ni_id) VALUES (16.4, 253, 2);
INSERT INTO public.tblingredientnutritionaninformation (amount, ingredient_id, ni_id) VALUES (0.0, 253, 3);
INSERT INTO public.tblingredient (ingredient_id,name) VALUES (254,'Зубан');
INSERT INTO public.tblingredientnutritionaninformation (amount, ingredient_id, ni_id) VALUES (6.3, 254, 1);
INSERT INTO public.tblingredientnutritionaninformation (amount, ingredient_id, ni_id) VALUES (18.8, 254, 2);
INSERT INTO public.tblingredientnutritionaninformation (amount, ingredient_id, ni_id) VALUES (0.0, 254, 3);
INSERT INTO public.tblingredient (ingredient_id,name) VALUES (255,'Зубатка пёстрая');
INSERT INTO public.tblingredientnutritionaninformation (amount, ingredient_id, ni_id) VALUES (5.3, 255, 1);
INSERT INTO public.tblingredientnutritionaninformation (amount, ingredient_id, ni_id) VALUES (19.6, 255, 2);
INSERT INTO public.tblingredientnutritionaninformation (amount, ingredient_id, ni_id) VALUES (0.0, 255, 3);
INSERT INTO public.tblingredient (ingredient_id,name) VALUES (256,'Зубатка полосатая');
INSERT INTO public.tblingredientnutritionaninformation (amount, ingredient_id, ni_id) VALUES (5.0, 256, 1);
INSERT INTO public.tblingredientnutritionaninformation (amount, ingredient_id, ni_id) VALUES (16.0, 256, 2);
INSERT INTO public.tblingredientnutritionaninformation (amount, ingredient_id, ni_id) VALUES (0.0, 256, 3);
INSERT INTO public.tblingredient (ingredient_id,name) VALUES (257,'Зубровка душистая');
INSERT INTO public.tblingredientnutritionaninformation (amount, ingredient_id, ni_id) VALUES (0.0, 257, 1);
INSERT INTO public.tblingredientnutritionaninformation (amount, ingredient_id, ni_id) VALUES (0.0, 257, 2);
INSERT INTO public.tblingredientnutritionaninformation (amount, ingredient_id, ni_id) VALUES (0.0, 257, 3);
INSERT INTO public.tblingredient (ingredient_id,name) VALUES (258,'Изолят соевого белка');
INSERT INTO public.tblingredientnutritionaninformation (amount, ingredient_id, ni_id) VALUES (0.2, 258, 1);
INSERT INTO public.tblingredientnutritionaninformation (amount, ingredient_id, ni_id) VALUES (90.1, 258, 2);
INSERT INTO public.tblingredientnutritionaninformation (amount, ingredient_id, ni_id) VALUES (3.9, 258, 3);
INSERT INTO public.tblingredient (ingredient_id,name) VALUES (259,'Изюм');
INSERT INTO public.tblingredientnutritionaninformation (amount, ingredient_id, ni_id) VALUES (0.6, 259, 1);
INSERT INTO public.tblingredientnutritionaninformation (amount, ingredient_id, ni_id) VALUES (2.9, 259, 2);
INSERT INTO public.tblingredientnutritionaninformation (amount, ingredient_id, ni_id) VALUES (66.0, 259, 3);
INSERT INTO public.tblingredient (ingredient_id,name) VALUES (260,'Икра белужья зернистая');
INSERT INTO public.tblingredientnutritionaninformation (amount, ingredient_id, ni_id) VALUES (14.2, 260, 1);
INSERT INTO public.tblingredientnutritionaninformation (amount, ingredient_id, ni_id) VALUES (27.2, 260, 2);
INSERT INTO public.tblingredientnutritionaninformation (amount, ingredient_id, ni_id) VALUES (0.0, 260, 3);
INSERT INTO public.tblingredient (ingredient_id,name) VALUES (261,'Икра виноградных улиток');
INSERT INTO public.tblingredientnutritionaninformation (amount, ingredient_id, ni_id) VALUES (1.4, 261, 1);
INSERT INTO public.tblingredientnutritionaninformation (amount, ingredient_id, ni_id) VALUES (16.1, 261, 2);
INSERT INTO public.tblingredientnutritionaninformation (amount, ingredient_id, ni_id) VALUES (2.0, 261, 3);
INSERT INTO public.tblingredient (ingredient_id,name) VALUES (262,'Икра горбуши зернистая');
INSERT INTO public.tblingredientnutritionaninformation (amount, ingredient_id, ni_id) VALUES (11.7, 262, 1);
INSERT INTO public.tblingredientnutritionaninformation (amount, ingredient_id, ni_id) VALUES (31.2, 262, 2);
INSERT INTO public.tblingredientnutritionaninformation (amount, ingredient_id, ni_id) VALUES (0.0, 262, 3);
INSERT INTO public.tblingredient (ingredient_id,name) VALUES (263,'Икра жёлтая (частиковая)');
INSERT INTO public.tblingredientnutritionaninformation (amount, ingredient_id, ni_id) VALUES (2.0, 263, 1);
INSERT INTO public.tblingredientnutritionaninformation (amount, ingredient_id, ni_id) VALUES (17.5, 263, 2);
INSERT INTO public.tblingredientnutritionaninformation (amount, ingredient_id, ni_id) VALUES (0.0, 263, 3);
INSERT INTO public.tblingredient (ingredient_id,name) VALUES (264,'Икра кеты зернистая');
INSERT INTO public.tblingredientnutritionaninformation (amount, ingredient_id, ni_id) VALUES (13.8, 264, 1);
INSERT INTO public.tblingredientnutritionaninformation (amount, ingredient_id, ni_id) VALUES (31.6, 264, 2);
INSERT INTO public.tblingredientnutritionaninformation (amount, ingredient_id, ni_id) VALUES (0.0, 264, 3);
INSERT INTO public.tblingredient (ingredient_id,name) VALUES (265,'Икра летучей рыбы (тобико)');
INSERT INTO public.tblingredientnutritionaninformation (amount, ingredient_id, ni_id) VALUES (3.1, 265, 1);
INSERT INTO public.tblingredientnutritionaninformation (amount, ingredient_id, ni_id) VALUES (13.0, 265, 2);
INSERT INTO public.tblingredientnutritionaninformation (amount, ingredient_id, ni_id) VALUES (10.0, 265, 3);
INSERT INTO public.tblingredient (ingredient_id,name) VALUES (266,'Икра лещевая пробойная');
INSERT INTO public.tblingredientnutritionaninformation (amount, ingredient_id, ni_id) VALUES (4.8, 266, 1);
INSERT INTO public.tblingredientnutritionaninformation (amount, ingredient_id, ni_id) VALUES (24.7, 266, 2);
INSERT INTO public.tblingredientnutritionaninformation (amount, ingredient_id, ni_id) VALUES (0.0, 266, 3);
INSERT INTO public.tblingredient (ingredient_id,name) VALUES (267,'Икра лососевая зернистая');
INSERT INTO public.tblingredientnutritionaninformation (amount, ingredient_id, ni_id) VALUES (15.0, 267, 1);
INSERT INTO public.tblingredientnutritionaninformation (amount, ingredient_id, ni_id) VALUES (32.0, 267, 2);
INSERT INTO public.tblingredientnutritionaninformation (amount, ingredient_id, ni_id) VALUES (0.0, 267, 3);
INSERT INTO public.tblingredient (ingredient_id,name) VALUES (268,'Икра масаго');
INSERT INTO public.tblingredientnutritionaninformation (amount, ingredient_id, ni_id) VALUES (6.0, 268, 1);
INSERT INTO public.tblingredientnutritionaninformation (amount, ingredient_id, ni_id) VALUES (22.0, 268, 2);
INSERT INTO public.tblingredientnutritionaninformation (amount, ingredient_id, ni_id) VALUES (1.0, 268, 3);
INSERT INTO public.tblingredient (ingredient_id,name) VALUES (269,'Икра минтаевая пробойная');
INSERT INTO public.tblingredientnutritionaninformation (amount, ingredient_id, ni_id) VALUES (1.9, 269, 1);
INSERT INTO public.tblingredientnutritionaninformation (amount, ingredient_id, ni_id) VALUES (28.4, 269, 2);
INSERT INTO public.tblingredientnutritionaninformation (amount, ingredient_id, ni_id) VALUES (0.0, 269, 3);
INSERT INTO public.tblingredient (ingredient_id,name) VALUES (270,'Икра моллюсков');
INSERT INTO public.tblingredientnutritionaninformation (amount, ingredient_id, ni_id) VALUES (4.3, 270, 1);
INSERT INTO public.tblingredientnutritionaninformation (amount, ingredient_id, ni_id) VALUES (13.8, 270, 2);
INSERT INTO public.tblingredientnutritionaninformation (amount, ingredient_id, ni_id) VALUES (2.5, 270, 3);
INSERT INTO public.tblingredient (ingredient_id,name) VALUES (271,'Икра морских ежей');
INSERT INTO public.tblingredientnutritionaninformation (amount, ingredient_id, ni_id) VALUES (4.3, 271, 1);
INSERT INTO public.tblingredientnutritionaninformation (amount, ingredient_id, ni_id) VALUES (13.8, 271, 2);
INSERT INTO public.tblingredientnutritionaninformation (amount, ingredient_id, ni_id) VALUES (2.5, 271, 3);
INSERT INTO public.tblingredient (ingredient_id,name) VALUES (272,'Икра осетровая зернистая');
INSERT INTO public.tblingredientnutritionaninformation (amount, ingredient_id, ni_id) VALUES (9.7, 272, 1);
INSERT INTO public.tblingredientnutritionaninformation (amount, ingredient_id, ni_id) VALUES (28.0, 272, 2);
INSERT INTO public.tblingredientnutritionaninformation (amount, ingredient_id, ni_id) VALUES (0.0, 272, 3);
INSERT INTO public.tblingredient (ingredient_id,name) VALUES (273,'Икра палтуса');
INSERT INTO public.tblingredientnutritionaninformation (amount, ingredient_id, ni_id) VALUES (3.0, 273, 1);
INSERT INTO public.tblingredientnutritionaninformation (amount, ingredient_id, ni_id) VALUES (20.0, 273, 2);
INSERT INTO public.tblingredientnutritionaninformation (amount, ingredient_id, ni_id) VALUES (0.0, 273, 3);
INSERT INTO public.tblingredient (ingredient_id,name) VALUES (274,'Икра сазана');
INSERT INTO public.tblingredientnutritionaninformation (amount, ingredient_id, ni_id) VALUES (12.5, 274, 1);
INSERT INTO public.tblingredientnutritionaninformation (amount, ingredient_id, ni_id) VALUES (18.5, 274, 2);
INSERT INTO public.tblingredientnutritionaninformation (amount, ingredient_id, ni_id) VALUES (1.0, 274, 3);
INSERT INTO public.tblingredient (ingredient_id,name) VALUES (275,'Икра севрюжья зернистая');
INSERT INTO public.tblingredientnutritionaninformation (amount, ingredient_id, ni_id) VALUES (11.9, 275, 1);
INSERT INTO public.tblingredientnutritionaninformation (amount, ingredient_id, ni_id) VALUES (28.4, 275, 2);
INSERT INTO public.tblingredientnutritionaninformation (amount, ingredient_id, ni_id) VALUES (0.0, 275, 3);
INSERT INTO public.tblingredient (ingredient_id,name) VALUES (276,'Икра сельди');
INSERT INTO public.tblingredientnutritionaninformation (amount, ingredient_id, ni_id) VALUES (10.3, 276, 1);
INSERT INTO public.tblingredientnutritionaninformation (amount, ingredient_id, ni_id) VALUES (31.6, 276, 2);
INSERT INTO public.tblingredientnutritionaninformation (amount, ingredient_id, ni_id) VALUES (0.0, 276, 3);
INSERT INTO public.tblingredient (ingredient_id,name) VALUES (277,'Икра судака');
INSERT INTO public.tblingredientnutritionaninformation (amount, ingredient_id, ni_id) VALUES (2.0, 277, 1);
INSERT INTO public.tblingredientnutritionaninformation (amount, ingredient_id, ni_id) VALUES (17.5, 277, 2);
INSERT INTO public.tblingredientnutritionaninformation (amount, ingredient_id, ni_id) VALUES (0.0, 277, 3);
INSERT INTO public.tblingredient (ingredient_id,name) VALUES (278,'Икра толстолобика');
INSERT INTO public.tblingredientnutritionaninformation (amount, ingredient_id, ni_id) VALUES (6.2, 278, 1);
INSERT INTO public.tblingredientnutritionaninformation (amount, ingredient_id, ni_id) VALUES (8.8, 278, 2);
INSERT INTO public.tblingredientnutritionaninformation (amount, ingredient_id, ni_id) VALUES (12.9, 278, 3);
INSERT INTO public.tblingredient (ingredient_id,name) VALUES (279,'Икра трески');
INSERT INTO public.tblingredientnutritionaninformation (amount, ingredient_id, ni_id) VALUES (0.2, 279, 1);
INSERT INTO public.tblingredientnutritionaninformation (amount, ingredient_id, ni_id) VALUES (24.0, 279, 2);
INSERT INTO public.tblingredientnutritionaninformation (amount, ingredient_id, ni_id) VALUES (0.0, 279, 3);
INSERT INTO public.tblingredient (ingredient_id,name) VALUES (280,'Икра трески консервированная');
INSERT INTO public.tblingredientnutritionaninformation (amount, ingredient_id, ni_id) VALUES (11.0, 280, 1);
INSERT INTO public.tblingredientnutritionaninformation (amount, ingredient_id, ni_id) VALUES (19.0, 280, 2);
INSERT INTO public.tblingredientnutritionaninformation (amount, ingredient_id, ni_id) VALUES (1.0, 280, 3);
INSERT INTO public.tblingredient (ingredient_id,name) VALUES (281,'Икра щучья');
INSERT INTO public.tblingredientnutritionaninformation (amount, ingredient_id, ni_id) VALUES (2.0, 281, 1);
INSERT INTO public.tblingredientnutritionaninformation (amount, ingredient_id, ni_id) VALUES (17.3, 281, 2);
INSERT INTO public.tblingredientnutritionaninformation (amount, ingredient_id, ni_id) VALUES (0.0, 281, 3);
INSERT INTO public.tblingredient (ingredient_id,name) VALUES (282,'Икра ястычная');
INSERT INTO public.tblingredientnutritionaninformation (amount, ingredient_id, ni_id) VALUES (2.0, 282, 1);
INSERT INTO public.tblingredientnutritionaninformation (amount, ingredient_id, ni_id) VALUES (17.5, 282, 2);
INSERT INTO public.tblingredientnutritionaninformation (amount, ingredient_id, ni_id) VALUES (0.0, 282, 3);
INSERT INTO public.tblingredient (ingredient_id,name) VALUES (283,'Имбирь');
INSERT INTO public.tblingredientnutritionaninformation (amount, ingredient_id, ni_id) VALUES (0.8, 283, 1);
INSERT INTO public.tblingredientnutritionaninformation (amount, ingredient_id, ni_id) VALUES (1.8, 283, 2);
INSERT INTO public.tblingredientnutritionaninformation (amount, ingredient_id, ni_id) VALUES (15.8, 283, 3);
INSERT INTO public.tblingredient (ingredient_id,name) VALUES (284,'Имбирь сухой');
INSERT INTO public.tblingredientnutritionaninformation (amount, ingredient_id, ni_id) VALUES (6.0, 284, 1);
INSERT INTO public.tblingredientnutritionaninformation (amount, ingredient_id, ni_id) VALUES (9.1, 284, 2);
INSERT INTO public.tblingredientnutritionaninformation (amount, ingredient_id, ni_id) VALUES (70.8, 284, 3);
INSERT INTO public.tblingredient (ingredient_id,name) VALUES (285,'Индейка (грудка)');
INSERT INTO public.tblingredientnutritionaninformation (amount, ingredient_id, ni_id) VALUES (0.7, 285, 1);
INSERT INTO public.tblingredientnutritionaninformation (amount, ingredient_id, ni_id) VALUES (19.2, 285, 2);
INSERT INTO public.tblingredientnutritionaninformation (amount, ingredient_id, ni_id) VALUES (0.0, 285, 3);
INSERT INTO public.tblingredient (ingredient_id,name) VALUES (286,'Индейка (гузка)');
INSERT INTO public.tblingredientnutritionaninformation (amount, ingredient_id, ni_id) VALUES (32.0, 286, 1);
INSERT INTO public.tblingredientnutritionaninformation (amount, ingredient_id, ni_id) VALUES (4.0, 286, 2);
INSERT INTO public.tblingredientnutritionaninformation (amount, ingredient_id, ni_id) VALUES (0.0, 286, 3);
INSERT INTO public.tblingredient (ingredient_id,name) VALUES (287,'Индейка (желудки)');
INSERT INTO public.tblingredientnutritionaninformation (amount, ingredient_id, ni_id) VALUES (7.0, 287, 1);
INSERT INTO public.tblingredientnutritionaninformation (amount, ingredient_id, ni_id) VALUES (20.0, 287, 2);
INSERT INTO public.tblingredientnutritionaninformation (amount, ingredient_id, ni_id) VALUES (0.0, 287, 3);
INSERT INTO public.tblingredient (ingredient_id,name) VALUES (288,'Индейка (кожа)');
INSERT INTO public.tblingredientnutritionaninformation (amount, ingredient_id, ni_id) VALUES (36.9, 288, 1);
INSERT INTO public.tblingredientnutritionaninformation (amount, ingredient_id, ni_id) VALUES (12.7, 288, 2);
INSERT INTO public.tblingredientnutritionaninformation (amount, ingredient_id, ni_id) VALUES (0.0, 288, 3);
INSERT INTO public.tblingredient (ingredient_id,name) VALUES (289,'Индейка (крылышки)');
INSERT INTO public.tblingredientnutritionaninformation (amount, ingredient_id, ni_id) VALUES (11.4, 289, 1);
INSERT INTO public.tblingredientnutritionaninformation (amount, ingredient_id, ni_id) VALUES (16.5, 289, 2);
INSERT INTO public.tblingredientnutritionaninformation (amount, ingredient_id, ni_id) VALUES (0.0, 289, 3);
INSERT INTO public.tblingredient (ingredient_id,name) VALUES (290,'Индейка (ножки)');
INSERT INTO public.tblingredientnutritionaninformation (amount, ingredient_id, ni_id) VALUES (8.9, 290, 1);
INSERT INTO public.tblingredientnutritionaninformation (amount, ingredient_id, ni_id) VALUES (15.7, 290, 2);
INSERT INTO public.tblingredientnutritionaninformation (amount, ingredient_id, ni_id) VALUES (0.0, 290, 3);
INSERT INTO public.tblingredient (ingredient_id,name) VALUES (291,'Индейка (окорочка)');
INSERT INTO public.tblingredientnutritionaninformation (amount, ingredient_id, ni_id) VALUES (6.4, 291, 1);
INSERT INTO public.tblingredientnutritionaninformation (amount, ingredient_id, ni_id) VALUES (18.4, 291, 2);
INSERT INTO public.tblingredientnutritionaninformation (amount, ingredient_id, ni_id) VALUES (0.0, 291, 3);
INSERT INTO public.tblingredient (ingredient_id,name) VALUES (292,'Индейка (печень)');
INSERT INTO public.tblingredientnutritionaninformation (amount, ingredient_id, ni_id) VALUES (22.0, 292, 1);
INSERT INTO public.tblingredientnutritionaninformation (amount, ingredient_id, ni_id) VALUES (19.5, 292, 2);
INSERT INTO public.tblingredientnutritionaninformation (amount, ingredient_id, ni_id) VALUES (0.0, 292, 3);
INSERT INTO public.tblingredient (ingredient_id,name) VALUES (293,'Индейка (сердце)');
INSERT INTO public.tblingredientnutritionaninformation (amount, ingredient_id, ni_id) VALUES (5.1, 293, 1);
INSERT INTO public.tblingredientnutritionaninformation (amount, ingredient_id, ni_id) VALUES (16.0, 293, 2);
INSERT INTO public.tblingredientnutritionaninformation (amount, ingredient_id, ni_id) VALUES (0.4, 293, 3);
INSERT INTO public.tblingredient (ingredient_id,name) VALUES (294,'Индоутка (мускусная утка)');
INSERT INTO public.tblingredientnutritionaninformation (amount, ingredient_id, ni_id) VALUES (23.0, 294, 1);
INSERT INTO public.tblingredientnutritionaninformation (amount, ingredient_id, ni_id) VALUES (25.0, 294, 2);
INSERT INTO public.tblingredientnutritionaninformation (amount, ingredient_id, ni_id) VALUES (0.2, 294, 3);
INSERT INTO public.tblingredient (ingredient_id,name) VALUES (295,'Инжир');
INSERT INTO public.tblingredientnutritionaninformation (amount, ingredient_id, ni_id) VALUES (0.2, 295, 1);
INSERT INTO public.tblingredientnutritionaninformation (amount, ingredient_id, ni_id) VALUES (0.7, 295, 2);
INSERT INTO public.tblingredientnutritionaninformation (amount, ingredient_id, ni_id) VALUES (13.7, 295, 3);
INSERT INTO public.tblingredient (ingredient_id,name) VALUES (296,'Инжир сушеный');
INSERT INTO public.tblingredientnutritionaninformation (amount, ingredient_id, ni_id) VALUES (0.8, 296, 1);
INSERT INTO public.tblingredientnutritionaninformation (amount, ingredient_id, ni_id) VALUES (3.1, 296, 2);
INSERT INTO public.tblingredientnutritionaninformation (amount, ingredient_id, ni_id) VALUES (57.9, 296, 3);
INSERT INTO public.tblingredient (ingredient_id,name) VALUES (297,'Ирга');
INSERT INTO public.tblingredientnutritionaninformation (amount, ingredient_id, ni_id) VALUES (0.0, 297, 1);
INSERT INTO public.tblingredientnutritionaninformation (amount, ingredient_id, ni_id) VALUES (0.0, 297, 2);
INSERT INTO public.tblingredientnutritionaninformation (amount, ingredient_id, ni_id) VALUES (12.0, 297, 3);
INSERT INTO public.tblingredient (ingredient_id,name) VALUES (298,'Иссоп');
INSERT INTO public.tblingredientnutritionaninformation (amount, ingredient_id, ni_id) VALUES (0.6, 298, 1);
INSERT INTO public.tblingredientnutritionaninformation (amount, ingredient_id, ni_id) VALUES (3.9, 298, 2);
INSERT INTO public.tblingredientnutritionaninformation (amount, ingredient_id, ni_id) VALUES (0.2, 298, 3);
INSERT INTO public.tblingredient (ingredient_id,name) VALUES (299,'Йогурт греческий');
INSERT INTO public.tblingredientnutritionaninformation (amount, ingredient_id, ni_id) VALUES (3.2, 299, 1);
INSERT INTO public.tblingredientnutritionaninformation (amount, ingredient_id, ni_id) VALUES (5.0, 299, 2);
INSERT INTO public.tblingredientnutritionaninformation (amount, ingredient_id, ni_id) VALUES (3.5, 299, 3);
INSERT INTO public.tblingredient (ingredient_id,name) VALUES (300,'Йогурт натуральный 2%');
INSERT INTO public.tblingredientnutritionaninformation (amount, ingredient_id, ni_id) VALUES (2.0, 300, 1);
INSERT INTO public.tblingredientnutritionaninformation (amount, ingredient_id, ni_id) VALUES (4.3, 300, 2);
INSERT INTO public.tblingredientnutritionaninformation (amount, ingredient_id, ni_id) VALUES (6.2, 300, 3);
INSERT INTO public.tblingredient (ingredient_id,name) VALUES (301,'Йогурт натуральный 2.7%');
INSERT INTO public.tblingredientnutritionaninformation (amount, ingredient_id, ni_id) VALUES (2.7, 301, 1);
INSERT INTO public.tblingredientnutritionaninformation (amount, ingredient_id, ni_id) VALUES (3.2, 301, 2);
INSERT INTO public.tblingredientnutritionaninformation (amount, ingredient_id, ni_id) VALUES (4.7, 301, 3);
INSERT INTO public.tblingredient (ingredient_id,name) VALUES (302,'Йогурт натуральный 3.2%');
INSERT INTO public.tblingredientnutritionaninformation (amount, ingredient_id, ni_id) VALUES (3.2, 302, 1);
INSERT INTO public.tblingredientnutritionaninformation (amount, ingredient_id, ni_id) VALUES (5.0, 302, 2);
INSERT INTO public.tblingredientnutritionaninformation (amount, ingredient_id, ni_id) VALUES (3.5, 302, 3);
INSERT INTO public.tblingredient (ingredient_id,name) VALUES (303,'Йогурт соевый');
INSERT INTO public.tblingredientnutritionaninformation (amount, ingredient_id, ni_id) VALUES (2.3, 303, 1);
INSERT INTO public.tblingredientnutritionaninformation (amount, ingredient_id, ni_id) VALUES (4.0, 303, 2);
INSERT INTO public.tblingredientnutritionaninformation (amount, ingredient_id, ni_id) VALUES (2.1, 303, 3);
INSERT INTO public.tblingredient (ingredient_id,name) VALUES (304,'Кабанье мясо');
INSERT INTO public.tblingredientnutritionaninformation (amount, ingredient_id, ni_id) VALUES (3.3, 304, 1);
INSERT INTO public.tblingredientnutritionaninformation (amount, ingredient_id, ni_id) VALUES (21.5, 304, 2);
INSERT INTO public.tblingredientnutritionaninformation (amount, ingredient_id, ni_id) VALUES (0.0, 304, 3);
INSERT INTO public.tblingredient (ingredient_id,name) VALUES (305,'Кабачок');
INSERT INTO public.tblingredientnutritionaninformation (amount, ingredient_id, ni_id) VALUES (0.3, 305, 1);
INSERT INTO public.tblingredientnutritionaninformation (amount, ingredient_id, ni_id) VALUES (0.6, 305, 2);
INSERT INTO public.tblingredientnutritionaninformation (amount, ingredient_id, ni_id) VALUES (4.6, 305, 3);
INSERT INTO public.tblingredient (ingredient_id,name) VALUES (306,'Кабачок сушеный');
INSERT INTO public.tblingredientnutritionaninformation (amount, ingredient_id, ni_id) VALUES (4.3, 306, 1);
INSERT INTO public.tblingredientnutritionaninformation (amount, ingredient_id, ni_id) VALUES (8.5, 306, 2);
INSERT INTO public.tblingredientnutritionaninformation (amount, ingredient_id, ni_id) VALUES (65.2, 306, 3);
INSERT INTO public.tblingredient (ingredient_id,name) VALUES (307,'Какао тёртое');
INSERT INTO public.tblingredientnutritionaninformation (amount, ingredient_id, ni_id) VALUES (54.0, 307, 1);
INSERT INTO public.tblingredientnutritionaninformation (amount, ingredient_id, ni_id) VALUES (13.5, 307, 2);
INSERT INTO public.tblingredientnutritionaninformation (amount, ingredient_id, ni_id) VALUES (17.8, 307, 3);
INSERT INTO public.tblingredient (ingredient_id,name) VALUES (308,'Какао-бобы');
INSERT INTO public.tblingredientnutritionaninformation (amount, ingredient_id, ni_id) VALUES (53.1, 308, 1);
INSERT INTO public.tblingredientnutritionaninformation (amount, ingredient_id, ni_id) VALUES (12.8, 308, 2);
INSERT INTO public.tblingredientnutritionaninformation (amount, ingredient_id, ni_id) VALUES (9.5, 308, 3);
INSERT INTO public.tblingredient (ingredient_id,name) VALUES (309,'Какао-крупка');
INSERT INTO public.tblingredientnutritionaninformation (amount, ingredient_id, ni_id) VALUES (54.0, 309, 1);
INSERT INTO public.tblingredientnutritionaninformation (amount, ingredient_id, ni_id) VALUES (14.0, 309, 2);
INSERT INTO public.tblingredientnutritionaninformation (amount, ingredient_id, ni_id) VALUES (18.0, 309, 3);
INSERT INTO public.tblingredient (ingredient_id,name) VALUES (310,'Какао-порошок');
INSERT INTO public.tblingredientnutritionaninformation (amount, ingredient_id, ni_id) VALUES (17.5, 310, 1);
INSERT INTO public.tblingredientnutritionaninformation (amount, ingredient_id, ni_id) VALUES (24.2, 310, 2);
INSERT INTO public.tblingredientnutritionaninformation (amount, ingredient_id, ni_id) VALUES (31.9, 310, 3);
INSERT INTO public.tblingredient (ingredient_id,name) VALUES (311,'Какао-порошок обезжиренный 0-1%');
INSERT INTO public.tblingredientnutritionaninformation (amount, ingredient_id, ni_id) VALUES (0.9, 311, 1);
INSERT INTO public.tblingredientnutritionaninformation (amount, ingredient_id, ni_id) VALUES (30.0, 311, 2);
INSERT INTO public.tblingredientnutritionaninformation (amount, ingredient_id, ni_id) VALUES (11.0, 311, 3);
INSERT INTO public.tblingredient (ingredient_id,name) VALUES (312,'Какао-порошок обезжиренный 0-2%');
INSERT INTO public.tblingredientnutritionaninformation (amount, ingredient_id, ni_id) VALUES (2.0, 312, 1);
INSERT INTO public.tblingredientnutritionaninformation (amount, ingredient_id, ni_id) VALUES (13.0, 312, 2);
INSERT INTO public.tblingredientnutritionaninformation (amount, ingredient_id, ni_id) VALUES (5.0, 312, 3);
INSERT INTO public.tblingredient (ingredient_id,name) VALUES (313,'Калина');
INSERT INTO public.tblingredientnutritionaninformation (amount, ingredient_id, ni_id) VALUES (0.0, 313, 1);
INSERT INTO public.tblingredientnutritionaninformation (amount, ingredient_id, ni_id) VALUES (0.0, 313, 2);
INSERT INTO public.tblingredientnutritionaninformation (amount, ingredient_id, ni_id) VALUES (7.0, 313, 3);
INSERT INTO public.tblingredient (ingredient_id,name) VALUES (314,'Кальмары свежие');
INSERT INTO public.tblingredientnutritionaninformation (amount, ingredient_id, ni_id) VALUES (2.5, 314, 1);
INSERT INTO public.tblingredientnutritionaninformation (amount, ingredient_id, ni_id) VALUES (19.0, 314, 2);
INSERT INTO public.tblingredientnutritionaninformation (amount, ingredient_id, ni_id) VALUES (1.8, 314, 3);
INSERT INTO public.tblingredient (ingredient_id,name) VALUES (315,'Кальмары сушеные');
INSERT INTO public.tblingredientnutritionaninformation (amount, ingredient_id, ni_id) VALUES (2.0, 315, 1);
INSERT INTO public.tblingredientnutritionaninformation (amount, ingredient_id, ni_id) VALUES (62.0, 315, 2);
INSERT INTO public.tblingredientnutritionaninformation (amount, ingredient_id, ni_id) VALUES (5.0, 315, 3);
INSERT INTO public.tblingredient (ingredient_id,name) VALUES (316,'Камбала свежая');
INSERT INTO public.tblingredientnutritionaninformation (amount, ingredient_id, ni_id) VALUES (1.8, 316, 1);
INSERT INTO public.tblingredientnutritionaninformation (amount, ingredient_id, ni_id) VALUES (16.5, 316, 2);
INSERT INTO public.tblingredientnutritionaninformation (amount, ingredient_id, ni_id) VALUES (0.0, 316, 3);
INSERT INTO public.tblingredient (ingredient_id,name) VALUES (317,'Капеллини');
INSERT INTO public.tblingredientnutritionaninformation (amount, ingredient_id, ni_id) VALUES (1.5, 317, 1);
INSERT INTO public.tblingredientnutritionaninformation (amount, ingredient_id, ni_id) VALUES (13.0, 317, 2);
INSERT INTO public.tblingredientnutritionaninformation (amount, ingredient_id, ni_id) VALUES (70.2, 317, 3);
INSERT INTO public.tblingredient (ingredient_id,name) VALUES (318,'Каперсы');
INSERT INTO public.tblingredientnutritionaninformation (amount, ingredient_id, ni_id) VALUES (0.1, 318, 1);
INSERT INTO public.tblingredientnutritionaninformation (amount, ingredient_id, ni_id) VALUES (0.8, 318, 2);
INSERT INTO public.tblingredientnutritionaninformation (amount, ingredient_id, ni_id) VALUES (2.6, 318, 3);
INSERT INTO public.tblingredient (ingredient_id,name) VALUES (319,'Каперсы маринованные');
INSERT INTO public.tblingredientnutritionaninformation (amount, ingredient_id, ni_id) VALUES (0.9, 319, 1);
INSERT INTO public.tblingredientnutritionaninformation (amount, ingredient_id, ni_id) VALUES (2.4, 319, 2);
INSERT INTO public.tblingredientnutritionaninformation (amount, ingredient_id, ni_id) VALUES (1.7, 319, 3);
INSERT INTO public.tblingredient (ingredient_id,name) VALUES (320,'Капуста белокочанная');
INSERT INTO public.tblingredientnutritionaninformation (amount, ingredient_id, ni_id) VALUES (0.1, 320, 1);
INSERT INTO public.tblingredientnutritionaninformation (amount, ingredient_id, ni_id) VALUES (1.8, 320, 2);
INSERT INTO public.tblingredientnutritionaninformation (amount, ingredient_id, ni_id) VALUES (4.7, 320, 3);
INSERT INTO public.tblingredient (ingredient_id,name) VALUES (321,'Капуста брокколи');
INSERT INTO public.tblingredientnutritionaninformation (amount, ingredient_id, ni_id) VALUES (0.4, 321, 1);
INSERT INTO public.tblingredientnutritionaninformation (amount, ingredient_id, ni_id) VALUES (3.0, 321, 2);
INSERT INTO public.tblingredientnutritionaninformation (amount, ingredient_id, ni_id) VALUES (5.2, 321, 3);
INSERT INTO public.tblingredient (ingredient_id,name) VALUES (322,'Капуста брюссельская');
INSERT INTO public.tblingredientnutritionaninformation (amount, ingredient_id, ni_id) VALUES (0.0, 322, 1);
INSERT INTO public.tblingredientnutritionaninformation (amount, ingredient_id, ni_id) VALUES (4.8, 322, 2);
INSERT INTO public.tblingredientnutritionaninformation (amount, ingredient_id, ni_id) VALUES (8.0, 322, 3);
INSERT INTO public.tblingredient (ingredient_id,name) VALUES (323,'Капуста кале');
INSERT INTO public.tblingredientnutritionaninformation (amount, ingredient_id, ni_id) VALUES (0.7, 323, 1);
INSERT INTO public.tblingredientnutritionaninformation (amount, ingredient_id, ni_id) VALUES (3.3, 323, 2);
INSERT INTO public.tblingredientnutritionaninformation (amount, ingredient_id, ni_id) VALUES (8.0, 323, 3);
INSERT INTO public.tblingredient (ingredient_id,name) VALUES (324,'Капуста кольраби');
INSERT INTO public.tblingredientnutritionaninformation (amount, ingredient_id, ni_id) VALUES (0.0, 324, 1);
INSERT INTO public.tblingredientnutritionaninformation (amount, ingredient_id, ni_id) VALUES (2.8, 324, 2);
INSERT INTO public.tblingredientnutritionaninformation (amount, ingredient_id, ni_id) VALUES (10.7, 324, 3);
INSERT INTO public.tblingredient (ingredient_id,name) VALUES (325,'Капуста краснокочанная');
INSERT INTO public.tblingredientnutritionaninformation (amount, ingredient_id, ni_id) VALUES (0.0, 325, 1);
INSERT INTO public.tblingredientnutritionaninformation (amount, ingredient_id, ni_id) VALUES (0.8, 325, 2);
INSERT INTO public.tblingredientnutritionaninformation (amount, ingredient_id, ni_id) VALUES (7.6, 325, 3);
INSERT INTO public.tblingredient (ingredient_id,name) VALUES (326,'Капуста пак-чой');
INSERT INTO public.tblingredientnutritionaninformation (amount, ingredient_id, ni_id) VALUES (0.2, 326, 1);
INSERT INTO public.tblingredientnutritionaninformation (amount, ingredient_id, ni_id) VALUES (1.5, 326, 2);
INSERT INTO public.tblingredientnutritionaninformation (amount, ingredient_id, ni_id) VALUES (2.2, 326, 3);
INSERT INTO public.tblingredient (ingredient_id,name) VALUES (327,'Капуста пекинская');
INSERT INTO public.tblingredientnutritionaninformation (amount, ingredient_id, ni_id) VALUES (0.2, 327, 1);
INSERT INTO public.tblingredientnutritionaninformation (amount, ingredient_id, ni_id) VALUES (1.2, 327, 2);
INSERT INTO public.tblingredientnutritionaninformation (amount, ingredient_id, ni_id) VALUES (2.0, 327, 3);
INSERT INTO public.tblingredient (ingredient_id,name) VALUES (328,'Капуста романеско');
INSERT INTO public.tblingredientnutritionaninformation (amount, ingredient_id, ni_id) VALUES (0.3, 328, 1);
INSERT INTO public.tblingredientnutritionaninformation (amount, ingredient_id, ni_id) VALUES (2.5, 328, 2);
INSERT INTO public.tblingredientnutritionaninformation (amount, ingredient_id, ni_id) VALUES (4.2, 328, 3);
INSERT INTO public.tblingredient (ingredient_id,name) VALUES (329,'Капуста савойская');
INSERT INTO public.tblingredientnutritionaninformation (amount, ingredient_id, ni_id) VALUES (0.1, 329, 1);
INSERT INTO public.tblingredientnutritionaninformation (amount, ingredient_id, ni_id) VALUES (1.2, 329, 2);
INSERT INTO public.tblingredientnutritionaninformation (amount, ingredient_id, ni_id) VALUES (6.0, 329, 3);
INSERT INTO public.tblingredient (ingredient_id,name) VALUES (330,'Капуста цветная');
INSERT INTO public.tblingredientnutritionaninformation (amount, ingredient_id, ni_id) VALUES (0.3, 330, 1);
INSERT INTO public.tblingredientnutritionaninformation (amount, ingredient_id, ni_id) VALUES (2.5, 330, 2);
INSERT INTO public.tblingredientnutritionaninformation (amount, ingredient_id, ni_id) VALUES (5.4, 330, 3);
INSERT INTO public.tblingredient (ingredient_id,name) VALUES (331,'Каракатица');
INSERT INTO public.tblingredientnutritionaninformation (amount, ingredient_id, ni_id) VALUES (0.7, 331, 1);
INSERT INTO public.tblingredientnutritionaninformation (amount, ingredient_id, ni_id) VALUES (16.2, 331, 2);
INSERT INTO public.tblingredientnutritionaninformation (amount, ingredient_id, ni_id) VALUES (0.8, 331, 3);
INSERT INTO public.tblingredient (ingredient_id,name) VALUES (332,'Карамбола');
INSERT INTO public.tblingredientnutritionaninformation (amount, ingredient_id, ni_id) VALUES (0.0, 332, 1);
INSERT INTO public.tblingredientnutritionaninformation (amount, ingredient_id, ni_id) VALUES (1.0, 332, 2);
INSERT INTO public.tblingredientnutritionaninformation (amount, ingredient_id, ni_id) VALUES (7.0, 332, 3);
INSERT INTO public.tblingredient (ingredient_id,name) VALUES (333,'Карась свежий');
INSERT INTO public.tblingredientnutritionaninformation (amount, ingredient_id, ni_id) VALUES (1.8, 333, 1);
INSERT INTO public.tblingredientnutritionaninformation (amount, ingredient_id, ni_id) VALUES (17.7, 333, 2);
INSERT INTO public.tblingredientnutritionaninformation (amount, ingredient_id, ni_id) VALUES (0.0, 333, 3);
INSERT INTO public.tblingredient (ingredient_id,name) VALUES (334,'Кардамон');
INSERT INTO public.tblingredientnutritionaninformation (amount, ingredient_id, ni_id) VALUES (6.7, 334, 1);
INSERT INTO public.tblingredientnutritionaninformation (amount, ingredient_id, ni_id) VALUES (10.8, 334, 2);
INSERT INTO public.tblingredientnutritionaninformation (amount, ingredient_id, ni_id) VALUES (68.5, 334, 3);
INSERT INTO public.tblingredient (ingredient_id,name) VALUES (335,'Карп свежий');
INSERT INTO public.tblingredientnutritionaninformation (amount, ingredient_id, ni_id) VALUES (5.3, 335, 1);
INSERT INTO public.tblingredientnutritionaninformation (amount, ingredient_id, ni_id) VALUES (16.0, 335, 2);
INSERT INTO public.tblingredientnutritionaninformation (amount, ingredient_id, ni_id) VALUES (0.0, 335, 3);
INSERT INTO public.tblingredient (ingredient_id,name) VALUES (336,'Карри');
INSERT INTO public.tblingredientnutritionaninformation (amount, ingredient_id, ni_id) VALUES (13.8, 336, 1);
INSERT INTO public.tblingredientnutritionaninformation (amount, ingredient_id, ni_id) VALUES (12.7, 336, 2);
INSERT INTO public.tblingredientnutritionaninformation (amount, ingredient_id, ni_id) VALUES (25.0, 336, 3);
INSERT INTO public.tblingredient (ingredient_id,name) VALUES (337,'Картофель');
INSERT INTO public.tblingredientnutritionaninformation (amount, ingredient_id, ni_id) VALUES (0.4, 337, 1);
INSERT INTO public.tblingredientnutritionaninformation (amount, ingredient_id, ni_id) VALUES (2.0, 337, 2);
INSERT INTO public.tblingredientnutritionaninformation (amount, ingredient_id, ni_id) VALUES (16.1, 337, 3);
INSERT INTO public.tblingredient (ingredient_id,name) VALUES (338,'Картофель 4 сезона по-деревенски');
INSERT INTO public.tblingredientnutritionaninformation (amount, ingredient_id, ni_id) VALUES (4.0, 338, 1);
INSERT INTO public.tblingredientnutritionaninformation (amount, ingredient_id, ni_id) VALUES (2.5, 338, 2);
INSERT INTO public.tblingredientnutritionaninformation (amount, ingredient_id, ni_id) VALUES (23.5, 338, 3);
INSERT INTO public.tblingredient (ingredient_id,name) VALUES (339,'Кассия');
INSERT INTO public.tblingredientnutritionaninformation (amount, ingredient_id, ni_id) VALUES (1.2, 339, 1);
INSERT INTO public.tblingredientnutritionaninformation (amount, ingredient_id, ni_id) VALUES (3.9, 339, 2);
INSERT INTO public.tblingredientnutritionaninformation (amount, ingredient_id, ni_id) VALUES (27.5, 339, 3);
INSERT INTO public.tblingredient (ingredient_id,name) VALUES (340,'Катык 0.1%');
INSERT INTO public.tblingredientnutritionaninformation (amount, ingredient_id, ni_id) VALUES (0.1, 340, 1);
INSERT INTO public.tblingredientnutritionaninformation (amount, ingredient_id, ni_id) VALUES (2.8, 340, 2);
INSERT INTO public.tblingredientnutritionaninformation (amount, ingredient_id, ni_id) VALUES (4.2, 340, 3);
INSERT INTO public.tblingredient (ingredient_id,name) VALUES (341,'Катык 3.2%');
INSERT INTO public.tblingredientnutritionaninformation (amount, ingredient_id, ni_id) VALUES (3.2, 341, 1);
INSERT INTO public.tblingredientnutritionaninformation (amount, ingredient_id, ni_id) VALUES (2.8, 341, 2);
INSERT INTO public.tblingredientnutritionaninformation (amount, ingredient_id, ni_id) VALUES (4.2, 341, 3);
INSERT INTO public.tblingredient (ingredient_id,name) VALUES (342,'Катык 6%');
INSERT INTO public.tblingredientnutritionaninformation (amount, ingredient_id, ni_id) VALUES (6.0, 342, 1);
INSERT INTO public.tblingredientnutritionaninformation (amount, ingredient_id, ni_id) VALUES (2.8, 342, 2);
INSERT INTO public.tblingredientnutritionaninformation (amount, ingredient_id, ni_id) VALUES (3.6, 342, 3);
INSERT INTO public.tblingredient (ingredient_id,name) VALUES (343,'Каштан свежий');
INSERT INTO public.tblingredientnutritionaninformation (amount, ingredient_id, ni_id) VALUES (3.0, 343, 1);
INSERT INTO public.tblingredientnutritionaninformation (amount, ingredient_id, ni_id) VALUES (3.4, 343, 2);
INSERT INTO public.tblingredientnutritionaninformation (amount, ingredient_id, ni_id) VALUES (30.6, 343, 3);
INSERT INTO public.tblingredient (ingredient_id,name) VALUES (344,'Кедровые орехи');
INSERT INTO public.tblingredientnutritionaninformation (amount, ingredient_id, ni_id) VALUES (56.0, 344, 1);
INSERT INTO public.tblingredientnutritionaninformation (amount, ingredient_id, ni_id) VALUES (15.6, 344, 2);
INSERT INTO public.tblingredientnutritionaninformation (amount, ingredient_id, ni_id) VALUES (28.4, 344, 3);
INSERT INTO public.tblingredient (ingredient_id,name) VALUES (345,'Кедровый жмых');
INSERT INTO public.tblingredientnutritionaninformation (amount, ingredient_id, ni_id) VALUES (19.0, 345, 1);
INSERT INTO public.tblingredientnutritionaninformation (amount, ingredient_id, ni_id) VALUES (31.0, 345, 2);
INSERT INTO public.tblingredientnutritionaninformation (amount, ingredient_id, ni_id) VALUES (33.0, 345, 3);
INSERT INTO public.tblingredient (ingredient_id,name) VALUES (346,'Кервель сушеный');
INSERT INTO public.tblingredientnutritionaninformation (amount, ingredient_id, ni_id) VALUES (3.9, 346, 1);
INSERT INTO public.tblingredientnutritionaninformation (amount, ingredient_id, ni_id) VALUES (23.2, 346, 2);
INSERT INTO public.tblingredientnutritionaninformation (amount, ingredient_id, ni_id) VALUES (49.1, 346, 3);
INSERT INTO public.tblingredient (ingredient_id,name) VALUES (347,'Кета свежая');
INSERT INTO public.tblingredientnutritionaninformation (amount, ingredient_id, ni_id) VALUES (5.6, 347, 1);
INSERT INTO public.tblingredientnutritionaninformation (amount, ingredient_id, ni_id) VALUES (22.0, 347, 2);
INSERT INTO public.tblingredientnutritionaninformation (amount, ingredient_id, ni_id) VALUES (0.0, 347, 3);
INSERT INTO public.tblingredient (ingredient_id,name) VALUES (348,'Кетчуп');
INSERT INTO public.tblingredientnutritionaninformation (amount, ingredient_id, ni_id) VALUES (1.0, 348, 1);
INSERT INTO public.tblingredientnutritionaninformation (amount, ingredient_id, ni_id) VALUES (1.8, 348, 2);
INSERT INTO public.tblingredientnutritionaninformation (amount, ingredient_id, ni_id) VALUES (22.2, 348, 3);
INSERT INTO public.tblingredient (ingredient_id,name) VALUES (349,'Кефаль отварная');
INSERT INTO public.tblingredientnutritionaninformation (amount, ingredient_id, ni_id) VALUES (4.3, 349, 1);
INSERT INTO public.tblingredientnutritionaninformation (amount, ingredient_id, ni_id) VALUES (19.0, 349, 2);
INSERT INTO public.tblingredientnutritionaninformation (amount, ingredient_id, ni_id) VALUES (0.0, 349, 3);
INSERT INTO public.tblingredient (ingredient_id,name) VALUES (350,'Кефаль свежая');
INSERT INTO public.tblingredientnutritionaninformation (amount, ingredient_id, ni_id) VALUES (0.4, 350, 1);
INSERT INTO public.tblingredientnutritionaninformation (amount, ingredient_id, ni_id) VALUES (21.0, 350, 2);
INSERT INTO public.tblingredientnutritionaninformation (amount, ingredient_id, ni_id) VALUES (0.0, 350, 3);
INSERT INTO public.tblingredient (ingredient_id,name) VALUES (351,'Кефаль чёрная (лобан)');
INSERT INTO public.tblingredientnutritionaninformation (amount, ingredient_id, ni_id) VALUES (3.8, 351, 1);
INSERT INTO public.tblingredientnutritionaninformation (amount, ingredient_id, ni_id) VALUES (19.3, 351, 2);
INSERT INTO public.tblingredientnutritionaninformation (amount, ingredient_id, ni_id) VALUES (0.0, 351, 3);
INSERT INTO public.tblingredient (ingredient_id,name) VALUES (352,'Кефир 0%');
INSERT INTO public.tblingredientnutritionaninformation (amount, ingredient_id, ni_id) VALUES (0.1, 352, 1);
INSERT INTO public.tblingredientnutritionaninformation (amount, ingredient_id, ni_id) VALUES (3.0, 352, 2);
INSERT INTO public.tblingredientnutritionaninformation (amount, ingredient_id, ni_id) VALUES (3.8, 352, 3);
INSERT INTO public.tblingredient (ingredient_id,name) VALUES (353,'Кефир 1%');
INSERT INTO public.tblingredientnutritionaninformation (amount, ingredient_id, ni_id) VALUES (1.0, 353, 1);
INSERT INTO public.tblingredientnutritionaninformation (amount, ingredient_id, ni_id) VALUES (2.8, 353, 2);
INSERT INTO public.tblingredientnutritionaninformation (amount, ingredient_id, ni_id) VALUES (4.0, 353, 3);
INSERT INTO public.tblingredient (ingredient_id,name) VALUES (354,'Кефир 1.5%');
INSERT INTO public.tblingredientnutritionaninformation (amount, ingredient_id, ni_id) VALUES (1.5, 354, 1);
INSERT INTO public.tblingredientnutritionaninformation (amount, ingredient_id, ni_id) VALUES (3.3, 354, 2);
INSERT INTO public.tblingredientnutritionaninformation (amount, ingredient_id, ni_id) VALUES (3.6, 354, 3);
INSERT INTO public.tblingredient (ingredient_id,name) VALUES (355,'Кефир 2%');
INSERT INTO public.tblingredientnutritionaninformation (amount, ingredient_id, ni_id) VALUES (2.0, 355, 1);
INSERT INTO public.tblingredientnutritionaninformation (amount, ingredient_id, ni_id) VALUES (3.4, 355, 2);
INSERT INTO public.tblingredientnutritionaninformation (amount, ingredient_id, ni_id) VALUES (4.7, 355, 3);
INSERT INTO public.tblingredient (ingredient_id,name) VALUES (356,'Кефир 2.5%');
INSERT INTO public.tblingredientnutritionaninformation (amount, ingredient_id, ni_id) VALUES (2.5, 356, 1);
INSERT INTO public.tblingredientnutritionaninformation (amount, ingredient_id, ni_id) VALUES (2.8, 356, 2);
INSERT INTO public.tblingredientnutritionaninformation (amount, ingredient_id, ni_id) VALUES (3.9, 356, 3);
INSERT INTO public.tblingredient (ingredient_id,name) VALUES (357,'Кефир 3.2%');
INSERT INTO public.tblingredientnutritionaninformation (amount, ingredient_id, ni_id) VALUES (3.2, 357, 1);
INSERT INTO public.tblingredientnutritionaninformation (amount, ingredient_id, ni_id) VALUES (2.8, 357, 2);
INSERT INTO public.tblingredientnutritionaninformation (amount, ingredient_id, ni_id) VALUES (4.1, 357, 3);
INSERT INTO public.tblingredient (ingredient_id,name) VALUES (358,'Кешью');
INSERT INTO public.tblingredientnutritionaninformation (amount, ingredient_id, ni_id) VALUES (42.5, 358, 1);
INSERT INTO public.tblingredientnutritionaninformation (amount, ingredient_id, ni_id) VALUES (17.5, 358, 2);
INSERT INTO public.tblingredientnutritionaninformation (amount, ingredient_id, ni_id) VALUES (30.5, 358, 3);
INSERT INTO public.tblingredient (ingredient_id,name) VALUES (359,'Кивано');
INSERT INTO public.tblingredientnutritionaninformation (amount, ingredient_id, ni_id) VALUES (1.3, 359, 1);
INSERT INTO public.tblingredientnutritionaninformation (amount, ingredient_id, ni_id) VALUES (1.8, 359, 2);
INSERT INTO public.tblingredientnutritionaninformation (amount, ingredient_id, ni_id) VALUES (7.6, 359, 3);
INSERT INTO public.tblingredient (ingredient_id,name) VALUES (360,'Киви');
INSERT INTO public.tblingredientnutritionaninformation (amount, ingredient_id, ni_id) VALUES (0.6, 360, 1);
INSERT INTO public.tblingredientnutritionaninformation (amount, ingredient_id, ni_id) VALUES (1.0, 360, 2);
INSERT INTO public.tblingredientnutritionaninformation (amount, ingredient_id, ni_id) VALUES (10.3, 360, 3);
INSERT INTO public.tblingredient (ingredient_id,name) VALUES (361,'Кижуч');
INSERT INTO public.tblingredientnutritionaninformation (amount, ingredient_id, ni_id) VALUES (6.0, 361, 1);
INSERT INTO public.tblingredientnutritionaninformation (amount, ingredient_id, ni_id) VALUES (21.6, 361, 2);
INSERT INTO public.tblingredientnutritionaninformation (amount, ingredient_id, ni_id) VALUES (0.0, 361, 3);
INSERT INTO public.tblingredient (ingredient_id,name) VALUES (362,'Кизил');
INSERT INTO public.tblingredientnutritionaninformation (amount, ingredient_id, ni_id) VALUES (0.0, 362, 1);
INSERT INTO public.tblingredientnutritionaninformation (amount, ingredient_id, ni_id) VALUES (1.0, 362, 2);
INSERT INTO public.tblingredientnutritionaninformation (amount, ingredient_id, ni_id) VALUES (10.5, 362, 3);
INSERT INTO public.tblingredient (ingredient_id,name) VALUES (363,'Килька балтийская');
INSERT INTO public.tblingredientnutritionaninformation (amount, ingredient_id, ni_id) VALUES (9.0, 363, 1);
INSERT INTO public.tblingredientnutritionaninformation (amount, ingredient_id, ni_id) VALUES (14.1, 363, 2);
INSERT INTO public.tblingredientnutritionaninformation (amount, ingredient_id, ni_id) VALUES (0.0, 363, 3);
INSERT INTO public.tblingredient (ingredient_id,name) VALUES (364,'Килька каспийская');
INSERT INTO public.tblingredientnutritionaninformation (amount, ingredient_id, ni_id) VALUES (13.1, 364, 1);
INSERT INTO public.tblingredientnutritionaninformation (amount, ingredient_id, ni_id) VALUES (18.5, 364, 2);
INSERT INTO public.tblingredientnutritionaninformation (amount, ingredient_id, ni_id) VALUES (0.0, 364, 3);
INSERT INTO public.tblingredient (ingredient_id,name) VALUES (365,'Кинза');
INSERT INTO public.tblingredientnutritionaninformation (amount, ingredient_id, ni_id) VALUES (0.5, 365, 1);
INSERT INTO public.tblingredientnutritionaninformation (amount, ingredient_id, ni_id) VALUES (2.1, 365, 2);
INSERT INTO public.tblingredientnutritionaninformation (amount, ingredient_id, ni_id) VALUES (1.9, 365, 3);
INSERT INTO public.tblingredient (ingredient_id,name) VALUES (366,'Кинза сушёная молотая');
INSERT INTO public.tblingredientnutritionaninformation (amount, ingredient_id, ni_id) VALUES (0.0, 366, 1);
INSERT INTO public.tblingredientnutritionaninformation (amount, ingredient_id, ni_id) VALUES (3.0, 366, 2);
INSERT INTO public.tblingredientnutritionaninformation (amount, ingredient_id, ni_id) VALUES (54.5, 366, 3);
INSERT INTO public.tblingredient (ingredient_id,name) VALUES (367,'Киноа');
INSERT INTO public.tblingredientnutritionaninformation (amount, ingredient_id, ni_id) VALUES (6.1, 367, 1);
INSERT INTO public.tblingredientnutritionaninformation (amount, ingredient_id, ni_id) VALUES (14.1, 367, 2);
INSERT INTO public.tblingredientnutritionaninformation (amount, ingredient_id, ni_id) VALUES (57.2, 367, 3);
INSERT INTO public.tblingredient (ingredient_id,name) VALUES (368,'Кипрей (Иван-чай) сушеный');
INSERT INTO public.tblingredientnutritionaninformation (amount, ingredient_id, ni_id) VALUES (1.8, 368, 1);
INSERT INTO public.tblingredientnutritionaninformation (amount, ingredient_id, ni_id) VALUES (4.6, 368, 2);
INSERT INTO public.tblingredientnutritionaninformation (amount, ingredient_id, ni_id) VALUES (31.6, 368, 3);
INSERT INTO public.tblingredient (ingredient_id,name) VALUES (369,'Китовое мясо');
INSERT INTO public.tblingredientnutritionaninformation (amount, ingredient_id, ni_id) VALUES (3.2, 369, 1);
INSERT INTO public.tblingredientnutritionaninformation (amount, ingredient_id, ni_id) VALUES (22.5, 369, 2);
INSERT INTO public.tblingredientnutritionaninformation (amount, ingredient_id, ni_id) VALUES (0.0, 369, 3);
INSERT INTO public.tblingredient (ingredient_id,name) VALUES (370,'Клекачка колхидская (Джонджоли)');
INSERT INTO public.tblingredientnutritionaninformation (amount, ingredient_id, ni_id) VALUES (0.9, 370, 1);
INSERT INTO public.tblingredientnutritionaninformation (amount, ingredient_id, ni_id) VALUES (2.4, 370, 2);
INSERT INTO public.tblingredientnutritionaninformation (amount, ingredient_id, ni_id) VALUES (1.7, 370, 3);
INSERT INTO public.tblingredient (ingredient_id,name) VALUES (371,'Клементин');
INSERT INTO public.tblingredientnutritionaninformation (amount, ingredient_id, ni_id) VALUES (0.2, 371, 1);
INSERT INTO public.tblingredientnutritionaninformation (amount, ingredient_id, ni_id) VALUES (0.9, 371, 2);
INSERT INTO public.tblingredientnutritionaninformation (amount, ingredient_id, ni_id) VALUES (10.3, 371, 3);
INSERT INTO public.tblingredient (ingredient_id,name) VALUES (372,'Клетчатка мелкая');
INSERT INTO public.tblingredientnutritionaninformation (amount, ingredient_id, ni_id) VALUES (3.8, 372, 1);
INSERT INTO public.tblingredientnutritionaninformation (amount, ingredient_id, ni_id) VALUES (16.0, 372, 2);
INSERT INTO public.tblingredientnutritionaninformation (amount, ingredient_id, ni_id) VALUES (23.5, 372, 3);
INSERT INTO public.tblingredient (ingredient_id,name) VALUES (373,'Клетчатка Сибирская');
INSERT INTO public.tblingredientnutritionaninformation (amount, ingredient_id, ni_id) VALUES (0.5, 373, 1);
INSERT INTO public.tblingredientnutritionaninformation (amount, ingredient_id, ni_id) VALUES (0.5, 373, 2);
INSERT INTO public.tblingredientnutritionaninformation (amount, ingredient_id, ni_id) VALUES (4.0, 373, 3);
INSERT INTO public.tblingredient (ingredient_id,name) VALUES (374,'Клубника');
INSERT INTO public.tblingredientnutritionaninformation (amount, ingredient_id, ni_id) VALUES (0.4, 374, 1);
INSERT INTO public.tblingredientnutritionaninformation (amount, ingredient_id, ni_id) VALUES (0.8, 374, 2);
INSERT INTO public.tblingredientnutritionaninformation (amount, ingredient_id, ni_id) VALUES (7.5, 374, 3);
INSERT INTO public.tblingredient (ingredient_id,name) VALUES (375,'Клыкач');
INSERT INTO public.tblingredientnutritionaninformation (amount, ingredient_id, ni_id) VALUES (16.1, 375, 1);
INSERT INTO public.tblingredientnutritionaninformation (amount, ingredient_id, ni_id) VALUES (14.4, 375, 2);
INSERT INTO public.tblingredientnutritionaninformation (amount, ingredient_id, ni_id) VALUES (0.0, 375, 3);
INSERT INTO public.tblingredient (ingredient_id,name) VALUES (376,'Клюква');
INSERT INTO public.tblingredientnutritionaninformation (amount, ingredient_id, ni_id) VALUES (0.0, 376, 1);
INSERT INTO public.tblingredientnutritionaninformation (amount, ingredient_id, ni_id) VALUES (0.5, 376, 2);
INSERT INTO public.tblingredientnutritionaninformation (amount, ingredient_id, ni_id) VALUES (6.8, 376, 3);
INSERT INTO public.tblingredient (ingredient_id,name) VALUES (377,'Клюква сушеная');
INSERT INTO public.tblingredientnutritionaninformation (amount, ingredient_id, ni_id) VALUES (1.4, 377, 1);
INSERT INTO public.tblingredientnutritionaninformation (amount, ingredient_id, ni_id) VALUES (0.1, 377, 2);
INSERT INTO public.tblingredientnutritionaninformation (amount, ingredient_id, ni_id) VALUES (76.5, 377, 3);
INSERT INTO public.tblingredient (ingredient_id,name) VALUES (378,'Княженика');
INSERT INTO public.tblingredientnutritionaninformation (amount, ingredient_id, ni_id) VALUES (0.0, 378, 1);
INSERT INTO public.tblingredientnutritionaninformation (amount, ingredient_id, ni_id) VALUES (0.0, 378, 2);
INSERT INTO public.tblingredientnutritionaninformation (amount, ingredient_id, ni_id) VALUES (7.0, 378, 3);
INSERT INTO public.tblingredient (ingredient_id,name) VALUES (379,'Козлобородник');
INSERT INTO public.tblingredientnutritionaninformation (amount, ingredient_id, ni_id) VALUES (0.2, 379, 1);
INSERT INTO public.tblingredientnutritionaninformation (amount, ingredient_id, ni_id) VALUES (3.3, 379, 2);
INSERT INTO public.tblingredientnutritionaninformation (amount, ingredient_id, ni_id) VALUES (15.3, 379, 3);
INSERT INTO public.tblingredient (ingredient_id,name) VALUES (380,'Козлятина');
INSERT INTO public.tblingredientnutritionaninformation (amount, ingredient_id, ni_id) VALUES (16.0, 380, 1);
INSERT INTO public.tblingredientnutritionaninformation (amount, ingredient_id, ni_id) VALUES (18.0, 380, 2);
INSERT INTO public.tblingredientnutritionaninformation (amount, ingredient_id, ni_id) VALUES (0.0, 380, 3);
INSERT INTO public.tblingredient (ingredient_id,name) VALUES (381,'Кокосовая стружка');
INSERT INTO public.tblingredientnutritionaninformation (amount, ingredient_id, ni_id) VALUES (65.0, 381, 1);
INSERT INTO public.tblingredientnutritionaninformation (amount, ingredient_id, ni_id) VALUES (13.0, 381, 2);
INSERT INTO public.tblingredientnutritionaninformation (amount, ingredient_id, ni_id) VALUES (14.0, 381, 3);
INSERT INTO public.tblingredient (ingredient_id,name) VALUES (382,'Кокосовый орех');
INSERT INTO public.tblingredientnutritionaninformation (amount, ingredient_id, ni_id) VALUES (33.5, 382, 1);
INSERT INTO public.tblingredientnutritionaninformation (amount, ingredient_id, ni_id) VALUES (3.4, 382, 2);
INSERT INTO public.tblingredientnutritionaninformation (amount, ingredient_id, ni_id) VALUES (6.2, 382, 3);
INSERT INTO public.tblingredient (ingredient_id,name) VALUES (383,'Коктейль морской замороженный');
INSERT INTO public.tblingredientnutritionaninformation (amount, ingredient_id, ni_id) VALUES (3.0, 383, 1);
INSERT INTO public.tblingredientnutritionaninformation (amount, ingredient_id, ni_id) VALUES (14.8, 383, 2);
INSERT INTO public.tblingredientnutritionaninformation (amount, ingredient_id, ni_id) VALUES (1.2, 383, 3);
INSERT INTO public.tblingredient (ingredient_id,name) VALUES (384,'Коньяк');
INSERT INTO public.tblingredientnutritionaninformation (amount, ingredient_id, ni_id) VALUES (0.0, 384, 1);
INSERT INTO public.tblingredientnutritionaninformation (amount, ingredient_id, ni_id) VALUES (0.0, 384, 2);
INSERT INTO public.tblingredientnutritionaninformation (amount, ingredient_id, ni_id) VALUES (0.1, 384, 3);
INSERT INTO public.tblingredient (ingredient_id,name) VALUES (385,'Коньячная эссенция');
INSERT INTO public.tblingredientnutritionaninformation (amount, ingredient_id, ni_id) VALUES (0.0, 385, 1);
INSERT INTO public.tblingredientnutritionaninformation (amount, ingredient_id, ni_id) VALUES (0.0, 385, 2);
INSERT INTO public.tblingredientnutritionaninformation (amount, ingredient_id, ni_id) VALUES (0.0, 385, 3);
INSERT INTO public.tblingredient (ingredient_id,name) VALUES (386,'Корейка свиная б/к (карбонад)');
INSERT INTO public.tblingredientnutritionaninformation (amount, ingredient_id, ni_id) VALUES (25.0, 386, 1);
INSERT INTO public.tblingredientnutritionaninformation (amount, ingredient_id, ni_id) VALUES (17.0, 386, 2);
INSERT INTO public.tblingredientnutritionaninformation (amount, ingredient_id, ni_id) VALUES (0.0, 386, 3);
INSERT INTO public.tblingredient (ingredient_id,name) VALUES (387,'Кориандр');
INSERT INTO public.tblingredientnutritionaninformation (amount, ingredient_id, ni_id) VALUES (0.0, 387, 1);
INSERT INTO public.tblingredientnutritionaninformation (amount, ingredient_id, ni_id) VALUES (1.5, 387, 2);
INSERT INTO public.tblingredientnutritionaninformation (amount, ingredient_id, ni_id) VALUES (5.0, 387, 3);
INSERT INTO public.tblingredient (ingredient_id,name) VALUES (388,'Кориандр молотый');
INSERT INTO public.tblingredientnutritionaninformation (amount, ingredient_id, ni_id) VALUES (17.7, 388, 1);
INSERT INTO public.tblingredientnutritionaninformation (amount, ingredient_id, ni_id) VALUES (12.3, 388, 2);
INSERT INTO public.tblingredientnutritionaninformation (amount, ingredient_id, ni_id) VALUES (13.1, 388, 3);
INSERT INTO public.tblingredient (ingredient_id,name) VALUES (389,'Корица');
INSERT INTO public.tblingredientnutritionaninformation (amount, ingredient_id, ni_id) VALUES (3.2, 389, 1);
INSERT INTO public.tblingredientnutritionaninformation (amount, ingredient_id, ni_id) VALUES (3.9, 389, 2);
INSERT INTO public.tblingredientnutritionaninformation (amount, ingredient_id, ni_id) VALUES (79.8, 389, 3);
INSERT INTO public.tblingredient (ingredient_id,name) VALUES (390,'Корлан');
INSERT INTO public.tblingredientnutritionaninformation (amount, ingredient_id, ni_id) VALUES (0.2, 390, 1);
INSERT INTO public.tblingredientnutritionaninformation (amount, ingredient_id, ni_id) VALUES (0.7, 390, 2);
INSERT INTO public.tblingredientnutritionaninformation (amount, ingredient_id, ni_id) VALUES (18.0, 390, 3);
INSERT INTO public.tblingredient (ingredient_id,name) VALUES (391,'Корюшка');
INSERT INTO public.tblingredientnutritionaninformation (amount, ingredient_id, ni_id) VALUES (4.5, 391, 1);
INSERT INTO public.tblingredientnutritionaninformation (amount, ingredient_id, ni_id) VALUES (15.4, 391, 2);
INSERT INTO public.tblingredientnutritionaninformation (amount, ingredient_id, ni_id) VALUES (0.0, 391, 3);
INSERT INTO public.tblingredient (ingredient_id,name) VALUES (392,'Кофе жареный в зёрнах сухой');
INSERT INTO public.tblingredientnutritionaninformation (amount, ingredient_id, ni_id) VALUES (14.4, 392, 1);
INSERT INTO public.tblingredientnutritionaninformation (amount, ingredient_id, ni_id) VALUES (13.9, 392, 2);
INSERT INTO public.tblingredientnutritionaninformation (amount, ingredient_id, ni_id) VALUES (15.6, 392, 3);
INSERT INTO public.tblingredient (ingredient_id,name) VALUES (393,'Кофе зелёный сухой');
INSERT INTO public.tblingredientnutritionaninformation (amount, ingredient_id, ni_id) VALUES (0.2, 393, 1);
INSERT INTO public.tblingredientnutritionaninformation (amount, ingredient_id, ni_id) VALUES (12.3, 393, 2);
INSERT INTO public.tblingredientnutritionaninformation (amount, ingredient_id, ni_id) VALUES (35.7, 393, 3);
INSERT INTO public.tblingredient (ingredient_id,name) VALUES (394,'Краб голубой');
INSERT INTO public.tblingredientnutritionaninformation (amount, ingredient_id, ni_id) VALUES (1.1, 394, 1);
INSERT INTO public.tblingredientnutritionaninformation (amount, ingredient_id, ni_id) VALUES (18.1, 394, 2);
INSERT INTO public.tblingredientnutritionaninformation (amount, ingredient_id, ni_id) VALUES (0.0, 394, 3);
INSERT INTO public.tblingredient (ingredient_id,name) VALUES (395,'Краб камчатский');
INSERT INTO public.tblingredientnutritionaninformation (amount, ingredient_id, ni_id) VALUES (0.6, 395, 1);
INSERT INTO public.tblingredientnutritionaninformation (amount, ingredient_id, ni_id) VALUES (18.3, 395, 2);
INSERT INTO public.tblingredientnutritionaninformation (amount, ingredient_id, ni_id) VALUES (0.0, 395, 3);
INSERT INTO public.tblingredient (ingredient_id,name) VALUES (396,'Крабовое мясо');
INSERT INTO public.tblingredientnutritionaninformation (amount, ingredient_id, ni_id) VALUES (1.0, 396, 1);
INSERT INTO public.tblingredientnutritionaninformation (amount, ingredient_id, ni_id) VALUES (6.0, 396, 2);
INSERT INTO public.tblingredientnutritionaninformation (amount, ingredient_id, ni_id) VALUES (10.0, 396, 3);
INSERT INTO public.tblingredient (ingredient_id,name) VALUES (397,'Крабовые палочки');
INSERT INTO public.tblingredientnutritionaninformation (amount, ingredient_id, ni_id) VALUES (1.0, 397, 1);
INSERT INTO public.tblingredientnutritionaninformation (amount, ingredient_id, ni_id) VALUES (6.0, 397, 2);
INSERT INTO public.tblingredientnutritionaninformation (amount, ingredient_id, ni_id) VALUES (10.0, 397, 3);
INSERT INTO public.tblingredient (ingredient_id,name) VALUES (398,'Крабы консервированные');
INSERT INTO public.tblingredientnutritionaninformation (amount, ingredient_id, ni_id) VALUES (1.1, 398, 1);
INSERT INTO public.tblingredientnutritionaninformation (amount, ingredient_id, ni_id) VALUES (18.7, 398, 2);
INSERT INTO public.tblingredientnutritionaninformation (amount, ingredient_id, ni_id) VALUES (0.1, 398, 3);
INSERT INTO public.tblingredient (ingredient_id,name) VALUES (399,'Крабы отварные');
INSERT INTO public.tblingredientnutritionaninformation (amount, ingredient_id, ni_id) VALUES (3.6, 399, 1);
INSERT INTO public.tblingredientnutritionaninformation (amount, ingredient_id, ni_id) VALUES (16.0, 399, 2);
INSERT INTO public.tblingredientnutritionaninformation (amount, ingredient_id, ni_id) VALUES (0.0, 399, 3);
INSERT INTO public.tblingredient (ingredient_id,name) VALUES (400,'Крапива');
INSERT INTO public.tblingredientnutritionaninformation (amount, ingredient_id, ni_id) VALUES (0.3, 400, 1);
INSERT INTO public.tblingredientnutritionaninformation (amount, ingredient_id, ni_id) VALUES (2.6, 400, 2);
INSERT INTO public.tblingredientnutritionaninformation (amount, ingredient_id, ni_id) VALUES (5.2, 400, 3);
INSERT INTO public.tblingredient (ingredient_id,name) VALUES (401,'Красноглазка');
INSERT INTO public.tblingredientnutritionaninformation (amount, ingredient_id, ni_id) VALUES (4.2, 401, 1);
INSERT INTO public.tblingredientnutritionaninformation (amount, ingredient_id, ni_id) VALUES (21.9, 401, 2);
INSERT INTO public.tblingredientnutritionaninformation (amount, ingredient_id, ni_id) VALUES (0.0, 401, 3);
INSERT INTO public.tblingredient (ingredient_id,name) VALUES (402,'Краснопёрка');
INSERT INTO public.tblingredientnutritionaninformation (amount, ingredient_id, ni_id) VALUES (3.0, 402, 1);
INSERT INTO public.tblingredientnutritionaninformation (amount, ingredient_id, ni_id) VALUES (18.3, 402, 2);
INSERT INTO public.tblingredientnutritionaninformation (amount, ingredient_id, ni_id) VALUES (0.0, 402, 3);
INSERT INTO public.tblingredient (ingredient_id,name) VALUES (403,'Крахмал картофельный');
INSERT INTO public.tblingredientnutritionaninformation (amount, ingredient_id, ni_id) VALUES (0.0, 403, 1);
INSERT INTO public.tblingredientnutritionaninformation (amount, ingredient_id, ni_id) VALUES (0.1, 403, 2);
INSERT INTO public.tblingredientnutritionaninformation (amount, ingredient_id, ni_id) VALUES (79.6, 403, 3);
INSERT INTO public.tblingredient (ingredient_id,name) VALUES (404,'Крахмал кукурузный');
INSERT INTO public.tblingredientnutritionaninformation (amount, ingredient_id, ni_id) VALUES (0.6, 404, 1);
INSERT INTO public.tblingredientnutritionaninformation (amount, ingredient_id, ni_id) VALUES (1.0, 404, 2);
INSERT INTO public.tblingredientnutritionaninformation (amount, ingredient_id, ni_id) VALUES (85.2, 404, 3);
INSERT INTO public.tblingredient (ingredient_id,name) VALUES (405,'Крахмал тапиоковый');
INSERT INTO public.tblingredientnutritionaninformation (amount, ingredient_id, ni_id) VALUES (0.0, 405, 1);
INSERT INTO public.tblingredientnutritionaninformation (amount, ingredient_id, ni_id) VALUES (0.0, 405, 2);
INSERT INTO public.tblingredientnutritionaninformation (amount, ingredient_id, ni_id) VALUES (88.0, 405, 3);
INSERT INTO public.tblingredient (ingredient_id,name) VALUES (406,'Креветки свежие');
INSERT INTO public.tblingredientnutritionaninformation (amount, ingredient_id, ni_id) VALUES (1.8, 406, 1);
INSERT INTO public.tblingredientnutritionaninformation (amount, ingredient_id, ni_id) VALUES (22.0, 406, 2);
INSERT INTO public.tblingredientnutritionaninformation (amount, ingredient_id, ni_id) VALUES (1.6, 406, 3);
INSERT INTO public.tblingredient (ingredient_id,name) VALUES (407,'Кресс-салат');
INSERT INTO public.tblingredientnutritionaninformation (amount, ingredient_id, ni_id) VALUES (0.1, 407, 1);
INSERT INTO public.tblingredientnutritionaninformation (amount, ingredient_id, ni_id) VALUES (2.3, 407, 2);
INSERT INTO public.tblingredientnutritionaninformation (amount, ingredient_id, ni_id) VALUES (1.3, 407, 3);
INSERT INTO public.tblingredient (ingredient_id,name) VALUES (408,'Крокодиловое мясо');
INSERT INTO public.tblingredientnutritionaninformation (amount, ingredient_id, ni_id) VALUES (0.7, 408, 1);
INSERT INTO public.tblingredientnutritionaninformation (amount, ingredient_id, ni_id) VALUES (26.0, 408, 2);
INSERT INTO public.tblingredientnutritionaninformation (amount, ingredient_id, ni_id) VALUES (0.0, 408, 3);
INSERT INTO public.tblingredient (ingredient_id,name) VALUES (409,'Кролик');
INSERT INTO public.tblingredientnutritionaninformation (amount, ingredient_id, ni_id) VALUES (8.0, 409, 1);
INSERT INTO public.tblingredientnutritionaninformation (amount, ingredient_id, ni_id) VALUES (21.0, 409, 2);
INSERT INTO public.tblingredientnutritionaninformation (amount, ingredient_id, ni_id) VALUES (0.0, 409, 3);
INSERT INTO public.tblingredient (ingredient_id,name) VALUES (410,'Кроличьи почки');
INSERT INTO public.tblingredientnutritionaninformation (amount, ingredient_id, ni_id) VALUES (1.8, 410, 1);
INSERT INTO public.tblingredientnutritionaninformation (amount, ingredient_id, ni_id) VALUES (12.5, 410, 2);
INSERT INTO public.tblingredientnutritionaninformation (amount, ingredient_id, ni_id) VALUES (0.0, 410, 3);
INSERT INTO public.tblingredient (ingredient_id,name) VALUES (411,'Кроличья печень');
INSERT INTO public.tblingredientnutritionaninformation (amount, ingredient_id, ni_id) VALUES (10.0, 411, 1);
INSERT INTO public.tblingredientnutritionaninformation (amount, ingredient_id, ni_id) VALUES (19.0, 411, 2);
INSERT INTO public.tblingredientnutritionaninformation (amount, ingredient_id, ni_id) VALUES (0.0, 411, 3);
INSERT INTO public.tblingredient (ingredient_id,name) VALUES (412,'Крыжовник');
INSERT INTO public.tblingredientnutritionaninformation (amount, ingredient_id, ni_id) VALUES (0.2, 412, 1);
INSERT INTO public.tblingredientnutritionaninformation (amount, ingredient_id, ni_id) VALUES (0.7, 412, 2);
INSERT INTO public.tblingredientnutritionaninformation (amount, ingredient_id, ni_id) VALUES (12.0, 412, 3);
INSERT INTO public.tblingredient (ingredient_id,name) VALUES (413,'Кукумария');
INSERT INTO public.tblingredientnutritionaninformation (amount, ingredient_id, ni_id) VALUES (0.6, 413, 1);
INSERT INTO public.tblingredientnutritionaninformation (amount, ingredient_id, ni_id) VALUES (7.3, 413, 2);
INSERT INTO public.tblingredientnutritionaninformation (amount, ingredient_id, ni_id) VALUES (0.0, 413, 3);
INSERT INTO public.tblingredient (ingredient_id,name) VALUES (414,'Кукуруза');
INSERT INTO public.tblingredientnutritionaninformation (amount, ingredient_id, ni_id) VALUES (1.5, 414, 1);
INSERT INTO public.tblingredientnutritionaninformation (amount, ingredient_id, ni_id) VALUES (3.5, 414, 2);
INSERT INTO public.tblingredientnutritionaninformation (amount, ingredient_id, ni_id) VALUES (22, 414, 3);
INSERT INTO public.tblingredient (ingredient_id,name) VALUES (415,'Кукурузная крупа');
INSERT INTO public.tblingredientnutritionaninformation (amount, ingredient_id, ni_id) VALUES (1.2, 415, 1);
INSERT INTO public.tblingredientnutritionaninformation (amount, ingredient_id, ni_id) VALUES (8.3, 415, 2);
INSERT INTO public.tblingredientnutritionaninformation (amount, ingredient_id, ni_id) VALUES (75.0, 415, 3);
INSERT INTO public.tblingredient (ingredient_id,name) VALUES (416,'Кумжа');
INSERT INTO public.tblingredientnutritionaninformation (amount, ingredient_id, ni_id) VALUES (3.6, 416, 1);
INSERT INTO public.tblingredientnutritionaninformation (amount, ingredient_id, ni_id) VALUES (16.7, 416, 2);
INSERT INTO public.tblingredientnutritionaninformation (amount, ingredient_id, ni_id) VALUES (0.0, 416, 3);
INSERT INTO public.tblingredient (ingredient_id,name) VALUES (417,'Кумкват');
INSERT INTO public.tblingredientnutritionaninformation (amount, ingredient_id, ni_id) VALUES (0.9, 417, 1);
INSERT INTO public.tblingredientnutritionaninformation (amount, ingredient_id, ni_id) VALUES (1.9, 417, 2);
INSERT INTO public.tblingredientnutritionaninformation (amount, ingredient_id, ni_id) VALUES (9.4, 417, 3);
INSERT INTO public.tblingredient (ingredient_id,name) VALUES (418,'Кумкват сушёный');
INSERT INTO public.tblingredientnutritionaninformation (amount, ingredient_id, ni_id) VALUES (0.0, 418, 1);
INSERT INTO public.tblingredientnutritionaninformation (amount, ingredient_id, ni_id) VALUES (3.8, 418, 2);
INSERT INTO public.tblingredientnutritionaninformation (amount, ingredient_id, ni_id) VALUES (80.1, 418, 3);
INSERT INTO public.tblingredient (ingredient_id,name) VALUES (419,'Кумыс из кобыльего молока');
INSERT INTO public.tblingredientnutritionaninformation (amount, ingredient_id, ni_id) VALUES (1.9, 419, 1);
INSERT INTO public.tblingredientnutritionaninformation (amount, ingredient_id, ni_id) VALUES (2.1, 419, 2);
INSERT INTO public.tblingredientnutritionaninformation (amount, ingredient_id, ni_id) VALUES (5.0, 419, 3);
INSERT INTO public.tblingredient (ingredient_id,name) VALUES (420,'Кумыс из коровьего молока');
INSERT INTO public.tblingredientnutritionaninformation (amount, ingredient_id, ni_id) VALUES (0.1, 420, 1);
INSERT INTO public.tblingredientnutritionaninformation (amount, ingredient_id, ni_id) VALUES (3.0, 420, 2);
INSERT INTO public.tblingredientnutritionaninformation (amount, ingredient_id, ni_id) VALUES (6.3, 420, 3);
INSERT INTO public.tblingredient (ingredient_id,name) VALUES (421,'Кумыс из коровьего молока обезжиренный');
INSERT INTO public.tblingredientnutritionaninformation (amount, ingredient_id, ni_id) VALUES (0.1, 421, 1);
INSERT INTO public.tblingredientnutritionaninformation (amount, ingredient_id, ni_id) VALUES (1.5, 421, 2);
INSERT INTO public.tblingredientnutritionaninformation (amount, ingredient_id, ni_id) VALUES (2.1, 421, 3);
INSERT INTO public.tblingredient (ingredient_id,name) VALUES (422,'Кунжут');
INSERT INTO public.tblingredientnutritionaninformation (amount, ingredient_id, ni_id) VALUES (48.7, 422, 1);
INSERT INTO public.tblingredientnutritionaninformation (amount, ingredient_id, ni_id) VALUES (19.4, 422, 2);
INSERT INTO public.tblingredientnutritionaninformation (amount, ingredient_id, ni_id) VALUES (12.2, 422, 3);
INSERT INTO public.tblingredient (ingredient_id,name) VALUES (423,'Купырь (кервель)');
INSERT INTO public.tblingredientnutritionaninformation (amount, ingredient_id, ni_id) VALUES (0.3, 423, 1);
INSERT INTO public.tblingredientnutritionaninformation (amount, ingredient_id, ni_id) VALUES (3.2, 423, 2);
INSERT INTO public.tblingredientnutritionaninformation (amount, ingredient_id, ni_id) VALUES (7.3, 423, 3);
INSERT INTO public.tblingredient (ingredient_id,name) VALUES (424,'Курага');
INSERT INTO public.tblingredientnutritionaninformation (amount, ingredient_id, ni_id) VALUES (0.3, 424, 1);
INSERT INTO public.tblingredientnutritionaninformation (amount, ingredient_id, ni_id) VALUES (5.2, 424, 2);
INSERT INTO public.tblingredientnutritionaninformation (amount, ingredient_id, ni_id) VALUES (51.0, 424, 3);
INSERT INTO public.tblingredient (ingredient_id,name) VALUES (425,'Куриная голень');
INSERT INTO public.tblingredientnutritionaninformation (amount, ingredient_id, ni_id) VALUES (14.0, 425, 1);
INSERT INTO public.tblingredientnutritionaninformation (amount, ingredient_id, ni_id) VALUES (18.0, 425, 2);
INSERT INTO public.tblingredientnutritionaninformation (amount, ingredient_id, ni_id) VALUES (0.0, 425, 3);
INSERT INTO public.tblingredient (ingredient_id,name) VALUES (426,'Куриная грудка');
INSERT INTO public.tblingredientnutritionaninformation (amount, ingredient_id, ni_id) VALUES (1.9, 426, 1);
INSERT INTO public.tblingredientnutritionaninformation (amount, ingredient_id, ni_id) VALUES (23.6, 426, 2);
INSERT INTO public.tblingredientnutritionaninformation (amount, ingredient_id, ni_id) VALUES (0.4, 426, 3);
INSERT INTO public.tblingredient (ingredient_id,name) VALUES (427,'Куриная печень');
INSERT INTO public.tblingredientnutritionaninformation (amount, ingredient_id, ni_id) VALUES (6.3, 427, 1);
INSERT INTO public.tblingredientnutritionaninformation (amount, ingredient_id, ni_id) VALUES (19.1, 427, 2);
INSERT INTO public.tblingredientnutritionaninformation (amount, ingredient_id, ni_id) VALUES (0.6, 427, 3);
INSERT INTO public.tblingredient (ingredient_id,name) VALUES (428,'Куриное сердце');
INSERT INTO public.tblingredientnutritionaninformation (amount, ingredient_id, ni_id) VALUES (10.3, 428, 1);
INSERT INTO public.tblingredientnutritionaninformation (amount, ingredient_id, ni_id) VALUES (15.8, 428, 2);
INSERT INTO public.tblingredientnutritionaninformation (amount, ingredient_id, ni_id) VALUES (0.8, 428, 3);
INSERT INTO public.tblingredient (ingredient_id,name) VALUES (429,'Куриное филе');
INSERT INTO public.tblingredientnutritionaninformation (amount, ingredient_id, ni_id) VALUES (1.2, 429, 1);
INSERT INTO public.tblingredientnutritionaninformation (amount, ingredient_id, ni_id) VALUES (23.1, 429, 2);
INSERT INTO public.tblingredientnutritionaninformation (amount, ingredient_id, ni_id) VALUES (0.0, 429, 3);
INSERT INTO public.tblingredient (ingredient_id,name) VALUES (430,'Куриные бедра');
INSERT INTO public.tblingredientnutritionaninformation (amount, ingredient_id, ni_id) VALUES (11.0, 430, 1);
INSERT INTO public.tblingredientnutritionaninformation (amount, ingredient_id, ni_id) VALUES (21.3, 430, 2);
INSERT INTO public.tblingredientnutritionaninformation (amount, ingredient_id, ni_id) VALUES (0.1, 430, 3);
INSERT INTO public.tblingredient (ingredient_id,name) VALUES (431,'Куриные желудки');
INSERT INTO public.tblingredientnutritionaninformation (amount, ingredient_id, ni_id) VALUES (4.2, 431, 1);
INSERT INTO public.tblingredientnutritionaninformation (amount, ingredient_id, ni_id) VALUES (18.2, 431, 2);
INSERT INTO public.tblingredientnutritionaninformation (amount, ingredient_id, ni_id) VALUES (0.6, 431, 3);
INSERT INTO public.tblingredient (ingredient_id,name) VALUES (432,'Куриные окорочка');
INSERT INTO public.tblingredientnutritionaninformation (amount, ingredient_id, ni_id) VALUES (10.2, 432, 1);
INSERT INTO public.tblingredientnutritionaninformation (amount, ingredient_id, ni_id) VALUES (16.8, 432, 2);
INSERT INTO public.tblingredientnutritionaninformation (amount, ingredient_id, ni_id) VALUES (0.0, 432, 3);
INSERT INTO public.tblingredient (ingredient_id,name) VALUES (433,'Куриные потроха');
INSERT INTO public.tblingredientnutritionaninformation (amount, ingredient_id, ni_id) VALUES (5.2, 433, 1);
INSERT INTO public.tblingredientnutritionaninformation (amount, ingredient_id, ni_id) VALUES (18.3, 433, 2);
INSERT INTO public.tblingredientnutritionaninformation (amount, ingredient_id, ni_id) VALUES (1.4, 433, 3);
INSERT INTO public.tblingredient (ingredient_id,name) VALUES (434,'Куриные шейки');
INSERT INTO public.tblingredientnutritionaninformation (amount, ingredient_id, ni_id) VALUES (26.4, 434, 1);
INSERT INTO public.tblingredientnutritionaninformation (amount, ingredient_id, ni_id) VALUES (14.7, 434, 2);
INSERT INTO public.tblingredientnutritionaninformation (amount, ingredient_id, ni_id) VALUES (0.0, 434, 3);
INSERT INTO public.tblingredient (ingredient_id,name) VALUES (435,'Курица');
INSERT INTO public.tblingredientnutritionaninformation (amount, ingredient_id, ni_id) VALUES (14.0, 435, 1);
INSERT INTO public.tblingredientnutritionaninformation (amount, ingredient_id, ni_id) VALUES (16.0, 435, 2);
INSERT INTO public.tblingredientnutritionaninformation (amount, ingredient_id, ni_id) VALUES (0.0, 435, 3);
INSERT INTO public.tblingredient (ingredient_id,name) VALUES (436,'Куркума');
INSERT INTO public.tblingredientnutritionaninformation (amount, ingredient_id, ni_id) VALUES (13.8, 436, 1);
INSERT INTO public.tblingredientnutritionaninformation (amount, ingredient_id, ni_id) VALUES (12.7, 436, 2);
INSERT INTO public.tblingredientnutritionaninformation (amount, ingredient_id, ni_id) VALUES (58.2, 436, 3);
INSERT INTO public.tblingredient (ingredient_id,name) VALUES (437,'Куропатка');
INSERT INTO public.tblingredientnutritionaninformation (amount, ingredient_id, ni_id) VALUES (20.0, 437, 1);
INSERT INTO public.tblingredientnutritionaninformation (amount, ingredient_id, ni_id) VALUES (18.0, 437, 2);
INSERT INTO public.tblingredientnutritionaninformation (amount, ingredient_id, ni_id) VALUES (0.5, 437, 3);
INSERT INTO public.tblingredient (ingredient_id,name) VALUES (438,'Куропатка жареная');
INSERT INTO public.tblingredientnutritionaninformation (amount, ingredient_id, ni_id) VALUES (8.0, 438, 1);
INSERT INTO public.tblingredientnutritionaninformation (amount, ingredient_id, ni_id) VALUES (29.0, 438, 2);
INSERT INTO public.tblingredientnutritionaninformation (amount, ingredient_id, ni_id) VALUES (0.0, 438, 3);
INSERT INTO public.tblingredient (ingredient_id,name) VALUES (439,'Кус-кус сухой');
INSERT INTO public.tblingredientnutritionaninformation (amount, ingredient_id, ni_id) VALUES (0.6, 439, 1);
INSERT INTO public.tblingredientnutritionaninformation (amount, ingredient_id, ni_id) VALUES (12.8, 439, 2);
INSERT INTO public.tblingredientnutritionaninformation (amount, ingredient_id, ni_id) VALUES (72.4, 439, 3);
INSERT INTO public.tblingredient (ingredient_id,name) VALUES (440,'Кэроб');
INSERT INTO public.tblingredientnutritionaninformation (amount, ingredient_id, ni_id) VALUES (0.7, 440, 1);
INSERT INTO public.tblingredientnutritionaninformation (amount, ingredient_id, ni_id) VALUES (4.6, 440, 2);
INSERT INTO public.tblingredientnutritionaninformation (amount, ingredient_id, ni_id) VALUES (49.0, 440, 3);
INSERT INTO public.tblingredient (ingredient_id,name) VALUES (441,'Лаванда');
INSERT INTO public.tblingredientnutritionaninformation (amount, ingredient_id, ni_id) VALUES (0.7, 441, 1);
INSERT INTO public.tblingredientnutritionaninformation (amount, ingredient_id, ni_id) VALUES (4.0, 441, 2);
INSERT INTO public.tblingredientnutritionaninformation (amount, ingredient_id, ni_id) VALUES (0.2, 441, 3);
INSERT INTO public.tblingredient (ingredient_id,name) VALUES (442,'Лавровый лист');
INSERT INTO public.tblingredientnutritionaninformation (amount, ingredient_id, ni_id) VALUES (8.4, 442, 1);
INSERT INTO public.tblingredientnutritionaninformation (amount, ingredient_id, ni_id) VALUES (7.6, 442, 2);
INSERT INTO public.tblingredientnutritionaninformation (amount, ingredient_id, ni_id) VALUES (48.7, 442, 3);
INSERT INTO public.tblingredient (ingredient_id,name) VALUES (443,'Лагенария');
INSERT INTO public.tblingredientnutritionaninformation (amount, ingredient_id, ni_id) VALUES (0.0, 443, 1);
INSERT INTO public.tblingredientnutritionaninformation (amount, ingredient_id, ni_id) VALUES (0.6, 443, 2);
INSERT INTO public.tblingredientnutritionaninformation (amount, ingredient_id, ni_id) VALUES (3.4, 443, 3);
INSERT INTO public.tblingredient (ingredient_id,name) VALUES (444,'Лайм');
INSERT INTO public.tblingredientnutritionaninformation (amount, ingredient_id, ni_id) VALUES (0.1, 444, 1);
INSERT INTO public.tblingredientnutritionaninformation (amount, ingredient_id, ni_id) VALUES (0.9, 444, 2);
INSERT INTO public.tblingredientnutritionaninformation (amount, ingredient_id, ni_id) VALUES (3.0, 444, 3);
INSERT INTO public.tblingredient (ingredient_id,name) VALUES (445,'Лаймовый сок');
INSERT INTO public.tblingredientnutritionaninformation (amount, ingredient_id, ni_id) VALUES (0.0, 445, 1);
INSERT INTO public.tblingredientnutritionaninformation (amount, ingredient_id, ni_id) VALUES (0.0, 445, 2);
INSERT INTO public.tblingredientnutritionaninformation (amount, ingredient_id, ni_id) VALUES (8.2, 445, 3);
INSERT INTO public.tblingredient (ingredient_id,name) VALUES (446,'Лангуст');
INSERT INTO public.tblingredientnutritionaninformation (amount, ingredient_id, ni_id) VALUES (2.0, 446, 1);
INSERT INTO public.tblingredientnutritionaninformation (amount, ingredient_id, ni_id) VALUES (17.5, 446, 2);
INSERT INTO public.tblingredientnutritionaninformation (amount, ingredient_id, ni_id) VALUES (0.0, 446, 3);
INSERT INTO public.tblingredient (ingredient_id,name) VALUES (447,'Лангустин');
INSERT INTO public.tblingredientnutritionaninformation (amount, ingredient_id, ni_id) VALUES (1.5, 447, 1);
INSERT INTO public.tblingredientnutritionaninformation (amount, ingredient_id, ni_id) VALUES (20.6, 447, 2);
INSERT INTO public.tblingredientnutritionaninformation (amount, ingredient_id, ni_id) VALUES (2.4, 447, 3);
INSERT INTO public.tblingredient (ingredient_id,name) VALUES (448,'Лебеда садовая сушеная');
INSERT INTO public.tblingredientnutritionaninformation (amount, ingredient_id, ni_id) VALUES (6.1, 448, 1);
INSERT INTO public.tblingredientnutritionaninformation (amount, ingredient_id, ni_id) VALUES (14.1, 448, 2);
INSERT INTO public.tblingredientnutritionaninformation (amount, ingredient_id, ni_id) VALUES (64.2, 448, 3);
INSERT INTO public.tblingredient (ingredient_id,name) VALUES (449,'Лёд колотый');
INSERT INTO public.tblingredientnutritionaninformation (amount, ingredient_id, ni_id) VALUES (0.0, 449, 1);
INSERT INTO public.tblingredientnutritionaninformation (amount, ingredient_id, ni_id) VALUES (0.0, 449, 2);
INSERT INTO public.tblingredientnutritionaninformation (amount, ingredient_id, ni_id) VALUES (0.0, 449, 3);
INSERT INTO public.tblingredient (ingredient_id,name) VALUES (450,'Ледяная рыба');
INSERT INTO public.tblingredientnutritionaninformation (amount, ingredient_id, ni_id) VALUES (2.2, 450, 1);
INSERT INTO public.tblingredientnutritionaninformation (amount, ingredient_id, ni_id) VALUES (17.7, 450, 2);
INSERT INTO public.tblingredientnutritionaninformation (amount, ingredient_id, ni_id) VALUES (0.0, 450, 3);
INSERT INTO public.tblingredient (ingredient_id,name) VALUES (451,'Лемонема');
INSERT INTO public.tblingredientnutritionaninformation (amount, ingredient_id, ni_id) VALUES (0.4, 451, 1);
INSERT INTO public.tblingredientnutritionaninformation (amount, ingredient_id, ni_id) VALUES (15.9, 451, 2);
INSERT INTO public.tblingredientnutritionaninformation (amount, ingredient_id, ni_id) VALUES (0.0, 451, 3);
INSERT INTO public.tblingredient (ingredient_id,name) VALUES (452,'Летрин');
INSERT INTO public.tblingredientnutritionaninformation (amount, ingredient_id, ni_id) VALUES (0.4, 452, 1);
INSERT INTO public.tblingredientnutritionaninformation (amount, ingredient_id, ni_id) VALUES (20.2, 452, 2);
INSERT INTO public.tblingredientnutritionaninformation (amount, ingredient_id, ni_id) VALUES (0.0, 452, 3);
INSERT INTO public.tblingredient (ingredient_id,name) VALUES (453,'Летучая рыба');
INSERT INTO public.tblingredientnutritionaninformation (amount, ingredient_id, ni_id) VALUES (1.8, 453, 1);
INSERT INTO public.tblingredientnutritionaninformation (amount, ingredient_id, ni_id) VALUES (15.5, 453, 2);
INSERT INTO public.tblingredientnutritionaninformation (amount, ingredient_id, ni_id) VALUES (0.0, 453, 3);
INSERT INTO public.tblingredient (ingredient_id,name) VALUES (454,'Лецитин');
INSERT INTO public.tblingredientnutritionaninformation (amount, ingredient_id, ni_id) VALUES (97.0, 454, 1);
INSERT INTO public.tblingredientnutritionaninformation (amount, ingredient_id, ni_id) VALUES (6.0, 454, 2);
INSERT INTO public.tblingredientnutritionaninformation (amount, ingredient_id, ni_id) VALUES (4.0, 454, 3);
INSERT INTO public.tblingredient (ingredient_id,name) VALUES (455,'Лещ свежий');
INSERT INTO public.tblingredientnutritionaninformation (amount, ingredient_id, ni_id) VALUES (4.1, 455, 1);
INSERT INTO public.tblingredientnutritionaninformation (amount, ingredient_id, ni_id) VALUES (17.1, 455, 2);
INSERT INTO public.tblingredientnutritionaninformation (amount, ingredient_id, ni_id) VALUES (0.0, 455, 3);
INSERT INTO public.tblingredient (ingredient_id,name) VALUES (456,'Лимон');
INSERT INTO public.tblingredientnutritionaninformation (amount, ingredient_id, ni_id) VALUES (0.1, 456, 1);
INSERT INTO public.tblingredientnutritionaninformation (amount, ingredient_id, ni_id) VALUES (0.9, 456, 2);
INSERT INTO public.tblingredientnutritionaninformation (amount, ingredient_id, ni_id) VALUES (3.0, 456, 3);
INSERT INTO public.tblingredient (ingredient_id,name) VALUES (457,'Лимонелла');
INSERT INTO public.tblingredientnutritionaninformation (amount, ingredient_id, ni_id) VALUES (1.0, 457, 1);
INSERT INTO public.tblingredientnutritionaninformation (amount, ingredient_id, ni_id) VALUES (17.6, 457, 2);
INSERT INTO public.tblingredientnutritionaninformation (amount, ingredient_id, ni_id) VALUES (0.0, 457, 3);
INSERT INTO public.tblingredient (ingredient_id,name) VALUES (458,'Лимонная кислота');
INSERT INTO public.tblingredientnutritionaninformation (amount, ingredient_id, ni_id) VALUES (0.0, 458, 1);
INSERT INTO public.tblingredientnutritionaninformation (amount, ingredient_id, ni_id) VALUES (0.0, 458, 2);
INSERT INTO public.tblingredientnutritionaninformation (amount, ingredient_id, ni_id) VALUES (0.0, 458, 3);
INSERT INTO public.tblingredient (ingredient_id,name) VALUES (459,'Лимонник');
INSERT INTO public.tblingredientnutritionaninformation (amount, ingredient_id, ni_id) VALUES (0.0, 459, 1);
INSERT INTO public.tblingredientnutritionaninformation (amount, ingredient_id, ni_id) VALUES (1.0, 459, 2);
INSERT INTO public.tblingredientnutritionaninformation (amount, ingredient_id, ni_id) VALUES (1.9, 459, 3);
INSERT INTO public.tblingredient (ingredient_id,name) VALUES (460,'Лимонный сок');
INSERT INTO public.tblingredientnutritionaninformation (amount, ingredient_id, ni_id) VALUES (0.1, 460, 1);
INSERT INTO public.tblingredientnutritionaninformation (amount, ingredient_id, ni_id) VALUES (0.9, 460, 2);
INSERT INTO public.tblingredientnutritionaninformation (amount, ingredient_id, ni_id) VALUES (3.0, 460, 3);
INSERT INTO public.tblingredient (ingredient_id,name) VALUES (461,'Лингуине');
INSERT INTO public.tblingredientnutritionaninformation (amount, ingredient_id, ni_id) VALUES (1.2, 461, 1);
INSERT INTO public.tblingredientnutritionaninformation (amount, ingredient_id, ni_id) VALUES (12.0, 461, 2);
INSERT INTO public.tblingredientnutritionaninformation (amount, ingredient_id, ni_id) VALUES (71.0, 461, 3);
INSERT INTO public.tblingredient (ingredient_id,name) VALUES (462,'Линь');
INSERT INTO public.tblingredientnutritionaninformation (amount, ingredient_id, ni_id) VALUES (1.8, 462, 1);
INSERT INTO public.tblingredientnutritionaninformation (amount, ingredient_id, ni_id) VALUES (7.0, 462, 2);
INSERT INTO public.tblingredientnutritionaninformation (amount, ingredient_id, ni_id) VALUES (0.0, 462, 3);
INSERT INTO public.tblingredient (ingredient_id,name) VALUES (463,'Лисички свежие');
INSERT INTO public.tblingredientnutritionaninformation (amount, ingredient_id, ni_id) VALUES (1.1, 463, 1);
INSERT INTO public.tblingredientnutritionaninformation (amount, ingredient_id, ni_id) VALUES (1.6, 463, 2);
INSERT INTO public.tblingredientnutritionaninformation (amount, ingredient_id, ni_id) VALUES (2.2, 463, 3);
INSERT INTO public.tblingredient (ingredient_id,name) VALUES (464,'Лисички сушёные');
INSERT INTO public.tblingredientnutritionaninformation (amount, ingredient_id, ni_id) VALUES (7.6, 464, 1);
INSERT INTO public.tblingredientnutritionaninformation (amount, ingredient_id, ni_id) VALUES (22.3, 464, 2);
INSERT INTO public.tblingredientnutritionaninformation (amount, ingredient_id, ni_id) VALUES (24.2, 464, 3);
INSERT INTO public.tblingredient (ingredient_id,name) VALUES (465,'Листы для лазаньи');
INSERT INTO public.tblingredientnutritionaninformation (amount, ingredient_id, ni_id) VALUES (1.5, 465, 1);
INSERT INTO public.tblingredientnutritionaninformation (amount, ingredient_id, ni_id) VALUES (12.0, 465, 2);
INSERT INTO public.tblingredientnutritionaninformation (amount, ingredient_id, ni_id) VALUES (72.2, 465, 3);
INSERT INTO public.tblingredient (ingredient_id,name) VALUES (466,'Листья алоэ');
INSERT INTO public.tblingredientnutritionaninformation (amount, ingredient_id, ni_id) VALUES (0.0, 466, 1);
INSERT INTO public.tblingredientnutritionaninformation (amount, ingredient_id, ni_id) VALUES (0.0, 466, 2);
INSERT INTO public.tblingredientnutritionaninformation (amount, ingredient_id, ni_id) VALUES (5.0, 466, 3);
INSERT INTO public.tblingredient (ingredient_id,name) VALUES (467,'Листья амаранта');
INSERT INTO public.tblingredientnutritionaninformation (amount, ingredient_id, ni_id) VALUES (0.3, 467, 1);
INSERT INTO public.tblingredientnutritionaninformation (amount, ingredient_id, ni_id) VALUES (2.5, 467, 2);
INSERT INTO public.tblingredientnutritionaninformation (amount, ingredient_id, ni_id) VALUES (4.0, 467, 3);
INSERT INTO public.tblingredient (ingredient_id,name) VALUES (468,'Листья винограда');
INSERT INTO public.tblingredientnutritionaninformation (amount, ingredient_id, ni_id) VALUES (2.1, 468, 1);
INSERT INTO public.tblingredientnutritionaninformation (amount, ingredient_id, ni_id) VALUES (5.6, 468, 2);
INSERT INTO public.tblingredientnutritionaninformation (amount, ingredient_id, ni_id) VALUES (6.3, 468, 3);
INSERT INTO public.tblingredient (ingredient_id,name) VALUES (469,'Листья вишни');
INSERT INTO public.tblingredientnutritionaninformation (amount, ingredient_id, ni_id) VALUES (0.0, 469, 1);
INSERT INTO public.tblingredientnutritionaninformation (amount, ingredient_id, ni_id) VALUES (0.0, 469, 2);
INSERT INTO public.tblingredientnutritionaninformation (amount, ingredient_id, ni_id) VALUES (0.1, 469, 3);
INSERT INTO public.tblingredient (ingredient_id,name) VALUES (470,'Листья карри');
INSERT INTO public.tblingredientnutritionaninformation (amount, ingredient_id, ni_id) VALUES (8.3, 470, 1);
INSERT INTO public.tblingredientnutritionaninformation (amount, ingredient_id, ni_id) VALUES (16.8, 470, 2);
INSERT INTO public.tblingredientnutritionaninformation (amount, ingredient_id, ni_id) VALUES (17.5, 470, 3);
INSERT INTO public.tblingredient (ingredient_id,name) VALUES (471,'Листья смородины');
INSERT INTO public.tblingredientnutritionaninformation (amount, ingredient_id, ni_id) VALUES (0.0, 471, 1);
INSERT INTO public.tblingredientnutritionaninformation (amount, ingredient_id, ni_id) VALUES (0.1, 471, 2);
INSERT INTO public.tblingredientnutritionaninformation (amount, ingredient_id, ni_id) VALUES (0.1, 471, 3);
INSERT INTO public.tblingredient (ingredient_id,name) VALUES (472,'Листья хрена');
INSERT INTO public.tblingredientnutritionaninformation (amount, ingredient_id, ni_id) VALUES (1.4, 472, 1);
INSERT INTO public.tblingredientnutritionaninformation (amount, ingredient_id, ni_id) VALUES (9.4, 472, 2);
INSERT INTO public.tblingredientnutritionaninformation (amount, ingredient_id, ni_id) VALUES (6.2, 472, 3);
INSERT INTO public.tblingredient (ingredient_id,name) VALUES (473,'Личи');
INSERT INTO public.tblingredientnutritionaninformation (amount, ingredient_id, ni_id) VALUES (0.3, 473, 1);
INSERT INTO public.tblingredientnutritionaninformation (amount, ingredient_id, ni_id) VALUES (0.8, 473, 2);
INSERT INTO public.tblingredientnutritionaninformation (amount, ingredient_id, ni_id) VALUES (14.4, 473, 3);
INSERT INTO public.tblingredient (ingredient_id,name) VALUES (474,'Лобстер');
INSERT INTO public.tblingredientnutritionaninformation (amount, ingredient_id, ni_id) VALUES (0.9, 474, 1);
INSERT INTO public.tblingredientnutritionaninformation (amount, ingredient_id, ni_id) VALUES (18.8, 474, 2);
INSERT INTO public.tblingredientnutritionaninformation (amount, ingredient_id, ni_id) VALUES (0.5, 474, 3);
INSERT INTO public.tblingredient (ingredient_id,name) VALUES (475,'Логанова ягода');
INSERT INTO public.tblingredientnutritionaninformation (amount, ingredient_id, ni_id) VALUES (0.3, 475, 1);
INSERT INTO public.tblingredientnutritionaninformation (amount, ingredient_id, ni_id) VALUES (1.5, 475, 2);
INSERT INTO public.tblingredientnutritionaninformation (amount, ingredient_id, ni_id) VALUES (7.7, 475, 3);
INSERT INTO public.tblingredient (ingredient_id,name) VALUES (476,'Лонган');
INSERT INTO public.tblingredientnutritionaninformation (amount, ingredient_id, ni_id) VALUES (0.1, 476, 1);
INSERT INTO public.tblingredientnutritionaninformation (amount, ingredient_id, ni_id) VALUES (1.3, 476, 2);
INSERT INTO public.tblingredientnutritionaninformation (amount, ingredient_id, ni_id) VALUES (14.0, 476, 3);
INSERT INTO public.tblingredient (ingredient_id,name) VALUES (477,'Лопух (репейник) корень');
INSERT INTO public.tblingredientnutritionaninformation (amount, ingredient_id, ni_id) VALUES (0.1, 477, 1);
INSERT INTO public.tblingredientnutritionaninformation (amount, ingredient_id, ni_id) VALUES (1.5, 477, 2);
INSERT INTO public.tblingredientnutritionaninformation (amount, ingredient_id, ni_id) VALUES (14.0, 477, 3);
INSERT INTO public.tblingredient (ingredient_id,name) VALUES (478,'Лопух (репейник) листья');
INSERT INTO public.tblingredientnutritionaninformation (amount, ingredient_id, ni_id) VALUES (0.2, 478, 1);
INSERT INTO public.tblingredientnutritionaninformation (amount, ingredient_id, ni_id) VALUES (1.8, 478, 2);
INSERT INTO public.tblingredientnutritionaninformation (amount, ingredient_id, ni_id) VALUES (3.7, 478, 3);
INSERT INTO public.tblingredient (ingredient_id,name) VALUES (479,'Лосось свежий');
INSERT INTO public.tblingredientnutritionaninformation (amount, ingredient_id, ni_id) VALUES (6.3, 479, 1);
INSERT INTO public.tblingredientnutritionaninformation (amount, ingredient_id, ni_id) VALUES (19.8, 479, 2);
INSERT INTO public.tblingredientnutritionaninformation (amount, ingredient_id, ni_id) VALUES (0.0, 479, 3);
INSERT INTO public.tblingredient (ingredient_id,name) VALUES (480,'Лосятина');
INSERT INTO public.tblingredientnutritionaninformation (amount, ingredient_id, ni_id) VALUES (1.7, 480, 1);
INSERT INTO public.tblingredientnutritionaninformation (amount, ingredient_id, ni_id) VALUES (21.4, 480, 2);
INSERT INTO public.tblingredientnutritionaninformation (amount, ingredient_id, ni_id) VALUES (0.0, 480, 3);
INSERT INTO public.tblingredient (ingredient_id,name) VALUES (481,'Лотос (корень)');
INSERT INTO public.tblingredientnutritionaninformation (amount, ingredient_id, ni_id) VALUES (0.1, 481, 1);
INSERT INTO public.tblingredientnutritionaninformation (amount, ingredient_id, ni_id) VALUES (2.6, 481, 2);
INSERT INTO public.tblingredientnutritionaninformation (amount, ingredient_id, ni_id) VALUES (12.3, 481, 3);
INSERT INTO public.tblingredient (ingredient_id,name) VALUES (482,'Лук душистый джусай');
INSERT INTO public.tblingredientnutritionaninformation (amount, ingredient_id, ni_id) VALUES (0.2, 482, 1);
INSERT INTO public.tblingredientnutritionaninformation (amount, ingredient_id, ni_id) VALUES (1.4, 482, 2);
INSERT INTO public.tblingredientnutritionaninformation (amount, ingredient_id, ni_id) VALUES (8.2, 482, 3);
INSERT INTO public.tblingredient (ingredient_id,name) VALUES (483,'Лук зелёный');
INSERT INTO public.tblingredientnutritionaninformation (amount, ingredient_id, ni_id) VALUES (0.0, 483, 1);
INSERT INTO public.tblingredientnutritionaninformation (amount, ingredient_id, ni_id) VALUES (1.3, 483, 2);
INSERT INTO public.tblingredientnutritionaninformation (amount, ingredient_id, ni_id) VALUES (4.6, 483, 3);
INSERT INTO public.tblingredient (ingredient_id,name) VALUES (484,'Лук красный');
INSERT INTO public.tblingredientnutritionaninformation (amount, ingredient_id, ni_id) VALUES (0.0, 484, 1);
INSERT INTO public.tblingredientnutritionaninformation (amount, ingredient_id, ni_id) VALUES (1.4, 484, 2);
INSERT INTO public.tblingredientnutritionaninformation (amount, ingredient_id, ni_id) VALUES (9.1, 484, 3);
INSERT INTO public.tblingredient (ingredient_id,name) VALUES (485,'Лук порей');
INSERT INTO public.tblingredientnutritionaninformation (amount, ingredient_id, ni_id) VALUES (0.0, 485, 1);
INSERT INTO public.tblingredientnutritionaninformation (amount, ingredient_id, ni_id) VALUES (2.0, 485, 2);
INSERT INTO public.tblingredientnutritionaninformation (amount, ingredient_id, ni_id) VALUES (8.2, 485, 3);
INSERT INTO public.tblingredient (ingredient_id,name) VALUES (486,'Лук репчатый');
INSERT INTO public.tblingredientnutritionaninformation (amount, ingredient_id, ni_id) VALUES (0.0, 486, 1);
INSERT INTO public.tblingredientnutritionaninformation (amount, ingredient_id, ni_id) VALUES (1.4, 486, 2);
INSERT INTO public.tblingredientnutritionaninformation (amount, ingredient_id, ni_id) VALUES (10.4, 486, 3);
INSERT INTO public.tblingredient (ingredient_id,name) VALUES (487,'Лук репчатый сушеный');
INSERT INTO public.tblingredientnutritionaninformation (amount, ingredient_id, ni_id) VALUES (2.8, 487, 1);
INSERT INTO public.tblingredientnutritionaninformation (amount, ingredient_id, ni_id) VALUES (8.4, 487, 2);
INSERT INTO public.tblingredientnutritionaninformation (amount, ingredient_id, ni_id) VALUES (42.6, 487, 3);
INSERT INTO public.tblingredient (ingredient_id,name) VALUES (488,'Лук-чеснок рокамболь');
INSERT INTO public.tblingredientnutritionaninformation (amount, ingredient_id, ni_id) VALUES (0.5, 488, 1);
INSERT INTO public.tblingredientnutritionaninformation (amount, ingredient_id, ni_id) VALUES (6.4, 488, 2);
INSERT INTO public.tblingredientnutritionaninformation (amount, ingredient_id, ni_id) VALUES (31.0, 488, 3);
INSERT INTO public.tblingredient (ingredient_id,name) VALUES (489,'Лук-шалот');
INSERT INTO public.tblingredientnutritionaninformation (amount, ingredient_id, ni_id) VALUES (0.1, 489, 1);
INSERT INTO public.tblingredientnutritionaninformation (amount, ingredient_id, ni_id) VALUES (2.5, 489, 2);
INSERT INTO public.tblingredientnutritionaninformation (amount, ingredient_id, ni_id) VALUES (16.8, 489, 3);
INSERT INTO public.tblingredient (ingredient_id,name) VALUES (490,'Лукума');
INSERT INTO public.tblingredientnutritionaninformation (amount, ingredient_id, ni_id) VALUES (0.1, 490, 1);
INSERT INTO public.tblingredientnutritionaninformation (amount, ingredient_id, ni_id) VALUES (0.1, 490, 2);
INSERT INTO public.tblingredientnutritionaninformation (amount, ingredient_id, ni_id) VALUES (7.9, 490, 3);
INSERT INTO public.tblingredient (ingredient_id,name) VALUES (491,'Луфарь');
INSERT INTO public.tblingredientnutritionaninformation (amount, ingredient_id, ni_id) VALUES (3.4, 491, 1);
INSERT INTO public.tblingredientnutritionaninformation (amount, ingredient_id, ni_id) VALUES (19.7, 491, 2);
INSERT INTO public.tblingredientnutritionaninformation (amount, ingredient_id, ni_id) VALUES (0.0, 491, 3);
INSERT INTO public.tblingredient (ingredient_id,name) VALUES (492,'Любисток');
INSERT INTO public.tblingredientnutritionaninformation (amount, ingredient_id, ni_id) VALUES (0.4, 492, 1);
INSERT INTO public.tblingredientnutritionaninformation (amount, ingredient_id, ni_id) VALUES (3.7, 492, 2);
INSERT INTO public.tblingredientnutritionaninformation (amount, ingredient_id, ni_id) VALUES (7.6, 492, 3);
INSERT INTO public.tblingredient (ingredient_id,name) VALUES (493,'Любисток (корень)');
INSERT INTO public.tblingredientnutritionaninformation (amount, ingredient_id, ni_id) VALUES (0.4, 493, 1);
INSERT INTO public.tblingredientnutritionaninformation (amount, ingredient_id, ni_id) VALUES (3.7, 493, 2);
INSERT INTO public.tblingredientnutritionaninformation (amount, ingredient_id, ni_id) VALUES (7.6, 493, 3);
INSERT INTO public.tblingredient (ingredient_id,name) VALUES (494,'Люффа');
INSERT INTO public.tblingredientnutritionaninformation (amount, ingredient_id, ni_id) VALUES (0.2, 494, 1);
INSERT INTO public.tblingredientnutritionaninformation (amount, ingredient_id, ni_id) VALUES (1.2, 494, 2);
INSERT INTO public.tblingredientnutritionaninformation (amount, ingredient_id, ni_id) VALUES (4.4, 494, 3);
INSERT INTO public.tblingredient (ingredient_id,name) VALUES (495,'Люцерна');
INSERT INTO public.tblingredientnutritionaninformation (amount, ingredient_id, ni_id) VALUES (0.7, 495, 1);
INSERT INTO public.tblingredientnutritionaninformation (amount, ingredient_id, ni_id) VALUES (0.2, 495, 2);
INSERT INTO public.tblingredientnutritionaninformation (amount, ingredient_id, ni_id) VALUES (4.0, 495, 3);
INSERT INTO public.tblingredient (ingredient_id,name) VALUES (496,'Лягушачьи лапки');
INSERT INTO public.tblingredientnutritionaninformation (amount, ingredient_id, ni_id) VALUES (0.3, 496, 1);
INSERT INTO public.tblingredientnutritionaninformation (amount, ingredient_id, ni_id) VALUES (16.4, 496, 2);
INSERT INTO public.tblingredientnutritionaninformation (amount, ingredient_id, ni_id) VALUES (0.0, 496, 3);
INSERT INTO public.tblingredient (ingredient_id,name) VALUES (497,'Маболо');
INSERT INTO public.tblingredientnutritionaninformation (amount, ingredient_id, ni_id) VALUES (0.4, 497, 1);
INSERT INTO public.tblingredientnutritionaninformation (amount, ingredient_id, ni_id) VALUES (0.5, 497, 2);
INSERT INTO public.tblingredientnutritionaninformation (amount, ingredient_id, ni_id) VALUES (15.3, 497, 3);
INSERT INTO public.tblingredient (ingredient_id,name) VALUES (498,'Магический фрукт');
INSERT INTO public.tblingredientnutritionaninformation (amount, ingredient_id, ni_id) VALUES (0.0, 498, 1);
INSERT INTO public.tblingredientnutritionaninformation (amount, ingredient_id, ni_id) VALUES (0.0, 498, 2);
INSERT INTO public.tblingredientnutritionaninformation (amount, ingredient_id, ni_id) VALUES (7.7, 498, 3);
INSERT INTO public.tblingredient (ingredient_id,name) VALUES (499,'Майоран');
INSERT INTO public.tblingredientnutritionaninformation (amount, ingredient_id, ni_id) VALUES (7.0, 499, 1);
INSERT INTO public.tblingredientnutritionaninformation (amount, ingredient_id, ni_id) VALUES (12.7, 499, 2);
INSERT INTO public.tblingredientnutritionaninformation (amount, ingredient_id, ni_id) VALUES (60.6, 499, 3);
INSERT INTO public.tblingredient (ingredient_id,name) VALUES (500,'Мак');
INSERT INTO public.tblingredientnutritionaninformation (amount, ingredient_id, ni_id) VALUES (47.5, 500, 1);
INSERT INTO public.tblingredientnutritionaninformation (amount, ingredient_id, ni_id) VALUES (17.5, 500, 2);
INSERT INTO public.tblingredientnutritionaninformation (amount, ingredient_id, ni_id) VALUES (2.0, 500, 3);
INSERT INTO public.tblingredient (ingredient_id,name) VALUES (501,'Маклюра (Адамово яблоко)');
INSERT INTO public.tblingredientnutritionaninformation (amount, ingredient_id, ni_id) VALUES (0.0, 501, 1);
INSERT INTO public.tblingredientnutritionaninformation (amount, ingredient_id, ni_id) VALUES (0.0, 501, 2);
INSERT INTO public.tblingredientnutritionaninformation (amount, ingredient_id, ni_id) VALUES (0.0, 501, 3);
INSERT INTO public.tblingredient (ingredient_id,name) VALUES (502,'Макрель');
INSERT INTO public.tblingredientnutritionaninformation (amount, ingredient_id, ni_id) VALUES (3.4, 502, 1);
INSERT INTO public.tblingredientnutritionaninformation (amount, ingredient_id, ni_id) VALUES (20.7, 502, 2);
INSERT INTO public.tblingredientnutritionaninformation (amount, ingredient_id, ni_id) VALUES (0.0, 502, 3);
INSERT INTO public.tblingredient (ingredient_id,name) VALUES (503,'Макрурус');
INSERT INTO public.tblingredientnutritionaninformation (amount, ingredient_id, ni_id) VALUES (0.8, 503, 1);
INSERT INTO public.tblingredientnutritionaninformation (amount, ingredient_id, ni_id) VALUES (13.2, 503, 2);
INSERT INTO public.tblingredientnutritionaninformation (amount, ingredient_id, ni_id) VALUES (0.0, 503, 3);
INSERT INTO public.tblingredient (ingredient_id,name) VALUES (504,'Малина');
INSERT INTO public.tblingredientnutritionaninformation (amount, ingredient_id, ni_id) VALUES (0.5, 504, 1);
INSERT INTO public.tblingredientnutritionaninformation (amount, ingredient_id, ni_id) VALUES (0.8, 504, 2);
INSERT INTO public.tblingredientnutritionaninformation (amount, ingredient_id, ni_id) VALUES (8.3, 504, 3);
INSERT INTO public.tblingredient (ingredient_id,name) VALUES (505,'Мальтоза (солодовый сахар)');
INSERT INTO public.tblingredientnutritionaninformation (amount, ingredient_id, ni_id) VALUES (0.0, 505, 1);
INSERT INTO public.tblingredientnutritionaninformation (amount, ingredient_id, ni_id) VALUES (0.0, 505, 2);
INSERT INTO public.tblingredientnutritionaninformation (amount, ingredient_id, ni_id) VALUES (95.3, 505, 3);
INSERT INTO public.tblingredient (ingredient_id,name) VALUES (506,'Маммея');
INSERT INTO public.tblingredientnutritionaninformation (amount, ingredient_id, ni_id) VALUES (0.5, 506, 1);
INSERT INTO public.tblingredientnutritionaninformation (amount, ingredient_id, ni_id) VALUES (0.5, 506, 2);
INSERT INTO public.tblingredientnutritionaninformation (amount, ingredient_id, ni_id) VALUES (9.5, 506, 3);
INSERT INTO public.tblingredient (ingredient_id,name) VALUES (507,'Манго');
INSERT INTO public.tblingredientnutritionaninformation (amount, ingredient_id, ni_id) VALUES (0.3, 507, 1);
INSERT INTO public.tblingredientnutritionaninformation (amount, ingredient_id, ni_id) VALUES (0.5, 507, 2);
INSERT INTO public.tblingredientnutritionaninformation (amount, ingredient_id, ni_id) VALUES (11.5, 507, 3);
INSERT INTO public.tblingredient (ingredient_id,name) VALUES (508,'Манго сушёный');
INSERT INTO public.tblingredientnutritionaninformation (amount, ingredient_id, ni_id) VALUES (0.8, 508, 1);
INSERT INTO public.tblingredientnutritionaninformation (amount, ingredient_id, ni_id) VALUES (1.5, 508, 2);
INSERT INTO public.tblingredientnutritionaninformation (amount, ingredient_id, ni_id) VALUES (81.6, 508, 3);
INSERT INTO public.tblingredient (ingredient_id,name) VALUES (509,'Мангольд');
INSERT INTO public.tblingredientnutritionaninformation (amount, ingredient_id, ni_id) VALUES (0.2, 509, 1);
INSERT INTO public.tblingredientnutritionaninformation (amount, ingredient_id, ni_id) VALUES (1.8, 509, 2);
INSERT INTO public.tblingredientnutritionaninformation (amount, ingredient_id, ni_id) VALUES (3.7, 509, 3);
INSERT INTO public.tblingredient (ingredient_id,name) VALUES (510,'Мангостан (мангостин)');
INSERT INTO public.tblingredientnutritionaninformation (amount, ingredient_id, ni_id) VALUES (0.3, 510, 1);
INSERT INTO public.tblingredientnutritionaninformation (amount, ingredient_id, ni_id) VALUES (0.6, 510, 2);
INSERT INTO public.tblingredientnutritionaninformation (amount, ingredient_id, ni_id) VALUES (14.0, 510, 3);
INSERT INTO public.tblingredient (ingredient_id,name) VALUES (511,'Мандарин');
INSERT INTO public.tblingredientnutritionaninformation (amount, ingredient_id, ni_id) VALUES (0.2, 511, 1);
INSERT INTO public.tblingredientnutritionaninformation (amount, ingredient_id, ni_id) VALUES (0.8, 511, 2);
INSERT INTO public.tblingredientnutritionaninformation (amount, ingredient_id, ni_id) VALUES (7.5, 511, 3);
INSERT INTO public.tblingredient (ingredient_id,name) VALUES (512,'Манная крупа');
INSERT INTO public.tblingredientnutritionaninformation (amount, ingredient_id, ni_id) VALUES (1.0, 512, 1);
INSERT INTO public.tblingredientnutritionaninformation (amount, ingredient_id, ni_id) VALUES (10.3, 512, 2);
INSERT INTO public.tblingredientnutritionaninformation (amount, ingredient_id, ni_id) VALUES (67.4, 512, 3);
INSERT INTO public.tblingredient (ingredient_id,name) VALUES (513,'Маракуйя');
INSERT INTO public.tblingredientnutritionaninformation (amount, ingredient_id, ni_id) VALUES (0.4, 513, 1);
INSERT INTO public.tblingredientnutritionaninformation (amount, ingredient_id, ni_id) VALUES (2.4, 513, 2);
INSERT INTO public.tblingredientnutritionaninformation (amount, ingredient_id, ni_id) VALUES (13.4, 513, 3);
INSERT INTO public.tblingredient (ingredient_id,name) VALUES (514,'Маранг');
INSERT INTO public.tblingredientnutritionaninformation (amount, ingredient_id, ni_id) VALUES (0.7, 514, 1);
INSERT INTO public.tblingredientnutritionaninformation (amount, ingredient_id, ni_id) VALUES (2.5, 514, 2);
INSERT INTO public.tblingredientnutritionaninformation (amount, ingredient_id, ni_id) VALUES (27.3, 514, 3);
INSERT INTO public.tblingredient (ingredient_id,name) VALUES (515,'Марлин');
INSERT INTO public.tblingredientnutritionaninformation (amount, ingredient_id, ni_id) VALUES (3.6, 515, 1);
INSERT INTO public.tblingredientnutritionaninformation (amount, ingredient_id, ni_id) VALUES (20.1, 515, 2);
INSERT INTO public.tblingredientnutritionaninformation (amount, ingredient_id, ni_id) VALUES (0.0, 515, 3);
INSERT INTO public.tblingredient (ingredient_id,name) VALUES (516,'Марула');
INSERT INTO public.tblingredientnutritionaninformation (amount, ingredient_id, ni_id) VALUES (0.5, 516, 1);
INSERT INTO public.tblingredientnutritionaninformation (amount, ingredient_id, ni_id) VALUES (0.6, 516, 2);
INSERT INTO public.tblingredientnutritionaninformation (amount, ingredient_id, ni_id) VALUES (9.6, 516, 3);
INSERT INTO public.tblingredient (ingredient_id,name) VALUES (517,'Масала');
INSERT INTO public.tblingredientnutritionaninformation (amount, ingredient_id, ni_id) VALUES (15.0, 517, 1);
INSERT INTO public.tblingredientnutritionaninformation (amount, ingredient_id, ni_id) VALUES (15.0, 517, 2);
INSERT INTO public.tblingredientnutritionaninformation (amount, ingredient_id, ni_id) VALUES (45.0, 517, 3);
INSERT INTO public.tblingredient (ingredient_id,name) VALUES (518,'Масло абрикосовое');
INSERT INTO public.tblingredientnutritionaninformation (amount, ingredient_id, ni_id) VALUES (99.9, 518, 1);
INSERT INTO public.tblingredientnutritionaninformation (amount, ingredient_id, ni_id) VALUES (0.0, 518, 2);
INSERT INTO public.tblingredientnutritionaninformation (amount, ingredient_id, ni_id) VALUES (0.0, 518, 3);
INSERT INTO public.tblingredient (ingredient_id,name) VALUES (519,'Масло авокадо');
INSERT INTO public.tblingredientnutritionaninformation (amount, ingredient_id, ni_id) VALUES (100.0, 519, 1);
INSERT INTO public.tblingredientnutritionaninformation (amount, ingredient_id, ni_id) VALUES (0.0, 519, 2);
INSERT INTO public.tblingredientnutritionaninformation (amount, ingredient_id, ni_id) VALUES (0.0, 519, 3);
INSERT INTO public.tblingredient (ingredient_id,name) VALUES (520,'Масло амаранта');
INSERT INTO public.tblingredientnutritionaninformation (amount, ingredient_id, ni_id) VALUES (81.8, 520, 1);
INSERT INTO public.tblingredientnutritionaninformation (amount, ingredient_id, ni_id) VALUES (0.0, 520, 2);
INSERT INTO public.tblingredientnutritionaninformation (amount, ingredient_id, ni_id) VALUES (0.0, 520, 3);
INSERT INTO public.tblingredient (ingredient_id,name) VALUES (521,'Масло арахисовое');
INSERT INTO public.tblingredientnutritionaninformation (amount, ingredient_id, ni_id) VALUES (99.9, 521, 1);
INSERT INTO public.tblingredientnutritionaninformation (amount, ingredient_id, ni_id) VALUES (0.0, 521, 2);
INSERT INTO public.tblingredientnutritionaninformation (amount, ingredient_id, ni_id) VALUES (0.0, 521, 3);
INSERT INTO public.tblingredient (ingredient_id,name) VALUES (522,'Масло арахисовое PB2 сухое обезжиренное');
INSERT INTO public.tblingredientnutritionaninformation (amount, ingredient_id, ni_id) VALUES (8.3, 522, 1);
INSERT INTO public.tblingredientnutritionaninformation (amount, ingredient_id, ni_id) VALUES (37.5, 522, 2);
INSERT INTO public.tblingredientnutritionaninformation (amount, ingredient_id, ni_id) VALUES (37.5, 522, 3);
INSERT INTO public.tblingredient (ingredient_id,name) VALUES (523,'Масло виноградных косточек');
INSERT INTO public.tblingredientnutritionaninformation (amount, ingredient_id, ni_id) VALUES (99.9, 523, 1);
INSERT INTO public.tblingredientnutritionaninformation (amount, ingredient_id, ni_id) VALUES (0.0, 523, 2);
INSERT INTO public.tblingredientnutritionaninformation (amount, ingredient_id, ni_id) VALUES (0.0, 523, 3);
INSERT INTO public.tblingredient (ingredient_id,name) VALUES (524,'Масло горчичное');
INSERT INTO public.tblingredientnutritionaninformation (amount, ingredient_id, ni_id) VALUES (99.8, 524, 1);
INSERT INTO public.tblingredientnutritionaninformation (amount, ingredient_id, ni_id) VALUES (0.0, 524, 2);
INSERT INTO public.tblingredientnutritionaninformation (amount, ingredient_id, ni_id) VALUES (0.0, 524, 3);
INSERT INTO public.tblingredient (ingredient_id,name) VALUES (525,'Масло грецкого ореха');
INSERT INTO public.tblingredientnutritionaninformation (amount, ingredient_id, ni_id) VALUES (99.8, 525, 1);
INSERT INTO public.tblingredientnutritionaninformation (amount, ingredient_id, ni_id) VALUES (0.0, 525, 2);
INSERT INTO public.tblingredientnutritionaninformation (amount, ingredient_id, ni_id) VALUES (0.0, 525, 3);
INSERT INTO public.tblingredient (ingredient_id,name) VALUES (526,'Масло зародышей пшеницы');
INSERT INTO public.tblingredientnutritionaninformation (amount, ingredient_id, ni_id) VALUES (100.0, 526, 1);
INSERT INTO public.tblingredientnutritionaninformation (amount, ingredient_id, ni_id) VALUES (0.0, 526, 2);
INSERT INTO public.tblingredientnutritionaninformation (amount, ingredient_id, ni_id) VALUES (0.0, 526, 3);
INSERT INTO public.tblingredient (ingredient_id,name) VALUES (527,'Масло иланг-иланга');
INSERT INTO public.tblingredientnutritionaninformation (amount, ingredient_id, ni_id) VALUES (99.0, 527, 1);
INSERT INTO public.tblingredientnutritionaninformation (amount, ingredient_id, ni_id) VALUES (0.0, 527, 2);
INSERT INTO public.tblingredientnutritionaninformation (amount, ingredient_id, ni_id) VALUES (0.0, 527, 3);
INSERT INTO public.tblingredient (ingredient_id,name) VALUES (528,'Масло какао');
INSERT INTO public.tblingredientnutritionaninformation (amount, ingredient_id, ni_id) VALUES (99.9, 528, 1);
INSERT INTO public.tblingredientnutritionaninformation (amount, ingredient_id, ni_id) VALUES (0.0, 528, 2);
INSERT INTO public.tblingredientnutritionaninformation (amount, ingredient_id, ni_id) VALUES (0.0, 528, 3);
INSERT INTO public.tblingredient (ingredient_id,name) VALUES (529,'Масло канолы');
INSERT INTO public.tblingredientnutritionaninformation (amount, ingredient_id, ni_id) VALUES (99.0, 529, 1);
INSERT INTO public.tblingredientnutritionaninformation (amount, ingredient_id, ni_id) VALUES (0.0, 529, 2);
INSERT INTO public.tblingredientnutritionaninformation (amount, ingredient_id, ni_id) VALUES (0.0, 529, 3);
INSERT INTO public.tblingredient (ingredient_id,name) VALUES (530,'Масло кедрового ореха');
INSERT INTO public.tblingredientnutritionaninformation (amount, ingredient_id, ni_id) VALUES (99.0, 530, 1);
INSERT INTO public.tblingredientnutritionaninformation (amount, ingredient_id, ni_id) VALUES (0.0, 530, 2);
INSERT INTO public.tblingredientnutritionaninformation (amount, ingredient_id, ni_id) VALUES (0.0, 530, 3);
INSERT INTO public.tblingredient (ingredient_id,name) VALUES (531,'Масло кокосовое');
INSERT INTO public.tblingredientnutritionaninformation (amount, ingredient_id, ni_id) VALUES (99.9, 531, 1);
INSERT INTO public.tblingredientnutritionaninformation (amount, ingredient_id, ni_id) VALUES (0.0, 531, 2);
INSERT INTO public.tblingredientnutritionaninformation (amount, ingredient_id, ni_id) VALUES (0.0, 531, 3);
INSERT INTO public.tblingredient (ingredient_id,name) VALUES (532,'Масло конопляное');
INSERT INTO public.tblingredientnutritionaninformation (amount, ingredient_id, ni_id) VALUES (99.9, 532, 1);
INSERT INTO public.tblingredientnutritionaninformation (amount, ingredient_id, ni_id) VALUES (0.0, 532, 2);
INSERT INTO public.tblingredientnutritionaninformation (amount, ingredient_id, ni_id) VALUES (0.0, 532, 3);
INSERT INTO public.tblingredient (ingredient_id,name) VALUES (533,'Масло кукурузное');
INSERT INTO public.tblingredientnutritionaninformation (amount, ingredient_id, ni_id) VALUES (99.9, 533, 1);
INSERT INTO public.tblingredientnutritionaninformation (amount, ingredient_id, ni_id) VALUES (0.0, 533, 2);
INSERT INTO public.tblingredientnutritionaninformation (amount, ingredient_id, ni_id) VALUES (0.0, 533, 3);
INSERT INTO public.tblingredient (ingredient_id,name) VALUES (534,'Масло кунжутное');
INSERT INTO public.tblingredientnutritionaninformation (amount, ingredient_id, ni_id) VALUES (99.9, 534, 1);
INSERT INTO public.tblingredientnutritionaninformation (amount, ingredient_id, ni_id) VALUES (0.0, 534, 2);
INSERT INTO public.tblingredientnutritionaninformation (amount, ingredient_id, ni_id) VALUES (0.0, 534, 3);
INSERT INTO public.tblingredient (ingredient_id,name) VALUES (535,'Масло лимонное');
INSERT INTO public.tblingredientnutritionaninformation (amount, ingredient_id, ni_id) VALUES (100.0, 535, 1);
INSERT INTO public.tblingredientnutritionaninformation (amount, ingredient_id, ni_id) VALUES (0.0, 535, 2);
INSERT INTO public.tblingredientnutritionaninformation (amount, ingredient_id, ni_id) VALUES (0.0, 535, 3);
INSERT INTO public.tblingredient (ingredient_id,name) VALUES (536,'Масло льняное');
INSERT INTO public.tblingredientnutritionaninformation (amount, ingredient_id, ni_id) VALUES (99.8, 536, 1);
INSERT INTO public.tblingredientnutritionaninformation (amount, ingredient_id, ni_id) VALUES (0.0, 536, 2);
INSERT INTO public.tblingredientnutritionaninformation (amount, ingredient_id, ni_id) VALUES (0.0, 536, 3);
INSERT INTO public.tblingredient (ingredient_id,name) VALUES (537,'Масло макадамии');
INSERT INTO public.tblingredientnutritionaninformation (amount, ingredient_id, ni_id) VALUES (74.6, 537, 1);
INSERT INTO public.tblingredientnutritionaninformation (amount, ingredient_id, ni_id) VALUES (9.2, 537, 2);
INSERT INTO public.tblingredientnutritionaninformation (amount, ingredient_id, ni_id) VALUES (10.0, 537, 3);
INSERT INTO public.tblingredient (ingredient_id,name) VALUES (538,'Масло маковое');
INSERT INTO public.tblingredientnutritionaninformation (amount, ingredient_id, ni_id) VALUES (99.8, 538, 1);
INSERT INTO public.tblingredientnutritionaninformation (amount, ingredient_id, ni_id) VALUES (0.0, 538, 2);
INSERT INTO public.tblingredientnutritionaninformation (amount, ingredient_id, ni_id) VALUES (0.0, 538, 3);
INSERT INTO public.tblingredient (ingredient_id,name) VALUES (539,'Масло миндальное');
INSERT INTO public.tblingredientnutritionaninformation (amount, ingredient_id, ni_id) VALUES (90.7, 539, 1);
INSERT INTO public.tblingredientnutritionaninformation (amount, ingredient_id, ni_id) VALUES (0.0, 539, 2);
INSERT INTO public.tblingredientnutritionaninformation (amount, ingredient_id, ni_id) VALUES (0.0, 539, 3);
INSERT INTO public.tblingredient (ingredient_id,name) VALUES (540,'Масло мускатного ореха');
INSERT INTO public.tblingredientnutritionaninformation (amount, ingredient_id, ni_id) VALUES (100.0, 540, 1);
INSERT INTO public.tblingredientnutritionaninformation (amount, ingredient_id, ni_id) VALUES (0.0, 540, 2);
INSERT INTO public.tblingredientnutritionaninformation (amount, ingredient_id, ni_id) VALUES (0.1, 540, 3);
INSERT INTO public.tblingredient (ingredient_id,name) VALUES (541,'Масло облепиховое');
INSERT INTO public.tblingredientnutritionaninformation (amount, ingredient_id, ni_id) VALUES (99.5, 541, 1);
INSERT INTO public.tblingredientnutritionaninformation (amount, ingredient_id, ni_id) VALUES (0.0, 541, 2);
INSERT INTO public.tblingredientnutritionaninformation (amount, ingredient_id, ni_id) VALUES (0.0, 541, 3);
INSERT INTO public.tblingredient (ingredient_id,name) VALUES (542,'Масло овсяное');
INSERT INTO public.tblingredientnutritionaninformation (amount, ingredient_id, ni_id) VALUES (99.0, 542, 1);
INSERT INTO public.tblingredientnutritionaninformation (amount, ingredient_id, ni_id) VALUES (0.0, 542, 2);
INSERT INTO public.tblingredientnutritionaninformation (amount, ingredient_id, ni_id) VALUES (0.0, 542, 3);
INSERT INTO public.tblingredient (ingredient_id,name) VALUES (543,'Масло оливковое');
INSERT INTO public.tblingredientnutritionaninformation (amount, ingredient_id, ni_id) VALUES (99.8, 543, 1);
INSERT INTO public.tblingredientnutritionaninformation (amount, ingredient_id, ni_id) VALUES (0.0, 543, 2);
INSERT INTO public.tblingredientnutritionaninformation (amount, ingredient_id, ni_id) VALUES (0.0, 543, 3);
INSERT INTO public.tblingredient (ingredient_id,name) VALUES (544,'Масло ореховое');
INSERT INTO public.tblingredientnutritionaninformation (amount, ingredient_id, ni_id) VALUES (100.0, 544, 1);
INSERT INTO public.tblingredientnutritionaninformation (amount, ingredient_id, ni_id) VALUES (0.0, 544, 2);
INSERT INTO public.tblingredientnutritionaninformation (amount, ingredient_id, ni_id) VALUES (0.0, 544, 3);
INSERT INTO public.tblingredient (ingredient_id,name) VALUES (545,'Масло пальмовое');
INSERT INTO public.tblingredientnutritionaninformation (amount, ingredient_id, ni_id) VALUES (99.9, 545, 1);
INSERT INTO public.tblingredientnutritionaninformation (amount, ingredient_id, ni_id) VALUES (0.0, 545, 2);
INSERT INTO public.tblingredientnutritionaninformation (amount, ingredient_id, ni_id) VALUES (0.0, 545, 3);
INSERT INTO public.tblingredient (ingredient_id,name) VALUES (546,'Масло подсолнечное');
INSERT INTO public.tblingredientnutritionaninformation (amount, ingredient_id, ni_id) VALUES (99.9, 546, 1);
INSERT INTO public.tblingredientnutritionaninformation (amount, ingredient_id, ni_id) VALUES (0.0, 546, 2);
INSERT INTO public.tblingredientnutritionaninformation (amount, ingredient_id, ni_id) VALUES (0.0, 546, 3);
INSERT INTO public.tblingredient (ingredient_id,name) VALUES (547,'Масло рапсово-соевое');
INSERT INTO public.tblingredientnutritionaninformation (amount, ingredient_id, ni_id) VALUES (99.9, 547, 1);
INSERT INTO public.tblingredientnutritionaninformation (amount, ingredient_id, ni_id) VALUES (0.0, 547, 2);
INSERT INTO public.tblingredientnutritionaninformation (amount, ingredient_id, ni_id) VALUES (0.0, 547, 3);
INSERT INTO public.tblingredient (ingredient_id,name) VALUES (548,'Масло рапсовое');
INSERT INTO public.tblingredientnutritionaninformation (amount, ingredient_id, ni_id) VALUES (99.9, 548, 1);
INSERT INTO public.tblingredientnutritionaninformation (amount, ingredient_id, ni_id) VALUES (0.0, 548, 2);
INSERT INTO public.tblingredientnutritionaninformation (amount, ingredient_id, ni_id) VALUES (0.0, 548, 3);
INSERT INTO public.tblingredient (ingredient_id,name) VALUES (549,'Масло растительное нерафинированное');
INSERT INTO public.tblingredientnutritionaninformation (amount, ingredient_id, ni_id) VALUES (99.0, 549, 1);
INSERT INTO public.tblingredientnutritionaninformation (amount, ingredient_id, ni_id) VALUES (0.0, 549, 2);
INSERT INTO public.tblingredientnutritionaninformation (amount, ingredient_id, ni_id) VALUES (0.0, 549, 3);
INSERT INTO public.tblingredient (ingredient_id,name) VALUES (550,'Масло растительное рафинированное');
INSERT INTO public.tblingredientnutritionaninformation (amount, ingredient_id, ni_id) VALUES (99.0, 550, 1);
INSERT INTO public.tblingredientnutritionaninformation (amount, ingredient_id, ni_id) VALUES (0.0, 550, 2);
INSERT INTO public.tblingredientnutritionaninformation (amount, ingredient_id, ni_id) VALUES (0.0, 550, 3);
INSERT INTO public.tblingredient (ingredient_id,name) VALUES (551,'Масло расторопши');
INSERT INTO public.tblingredientnutritionaninformation (amount, ingredient_id, ni_id) VALUES (98.0, 551, 1);
INSERT INTO public.tblingredientnutritionaninformation (amount, ingredient_id, ni_id) VALUES (0.0, 551, 2);
INSERT INTO public.tblingredientnutritionaninformation (amount, ingredient_id, ni_id) VALUES (0.0, 551, 3);
INSERT INTO public.tblingredient (ingredient_id,name) VALUES (552,'Масло репейное');
INSERT INTO public.tblingredientnutritionaninformation (amount, ingredient_id, ni_id) VALUES (100.0, 552, 1);
INSERT INTO public.tblingredientnutritionaninformation (amount, ingredient_id, ni_id) VALUES (0.0, 552, 2);
INSERT INTO public.tblingredientnutritionaninformation (amount, ingredient_id, ni_id) VALUES (0.0, 552, 3);
INSERT INTO public.tblingredient (ingredient_id,name) VALUES (553,'Масло сафлоровое');
INSERT INTO public.tblingredientnutritionaninformation (amount, ingredient_id, ni_id) VALUES (100.0, 553, 1);
INSERT INTO public.tblingredientnutritionaninformation (amount, ingredient_id, ni_id) VALUES (0.0, 553, 2);
INSERT INTO public.tblingredientnutritionaninformation (amount, ingredient_id, ni_id) VALUES (0.0, 553, 3);
INSERT INTO public.tblingredient (ingredient_id,name) VALUES (554,'Масло сливочное');
INSERT INTO public.tblingredientnutritionaninformation (amount, ingredient_id, ni_id) VALUES (82.5, 554, 1);
INSERT INTO public.tblingredientnutritionaninformation (amount, ingredient_id, ni_id) VALUES (0.5, 554, 2);
INSERT INTO public.tblingredientnutritionaninformation (amount, ingredient_id, ni_id) VALUES (0.8, 554, 3);
INSERT INTO public.tblingredient (ingredient_id,name) VALUES (555,'Масло сливочное 60%');
INSERT INTO public.tblingredientnutritionaninformation (amount, ingredient_id, ni_id) VALUES (60.0, 555, 1);
INSERT INTO public.tblingredientnutritionaninformation (amount, ingredient_id, ni_id) VALUES (1.3, 555, 2);
INSERT INTO public.tblingredientnutritionaninformation (amount, ingredient_id, ni_id) VALUES (1.7, 555, 3);
INSERT INTO public.tblingredient (ingredient_id,name) VALUES (556,'Масло сливочное 67%');
INSERT INTO public.tblingredientnutritionaninformation (amount, ingredient_id, ni_id) VALUES (67.0, 556, 1);
INSERT INTO public.tblingredientnutritionaninformation (amount, ingredient_id, ni_id) VALUES (1.0, 556, 2);
INSERT INTO public.tblingredientnutritionaninformation (amount, ingredient_id, ni_id) VALUES (1.6, 556, 3);
INSERT INTO public.tblingredient (ingredient_id,name) VALUES (557,'Масло сливочное 82,5%');
INSERT INTO public.tblingredientnutritionaninformation (amount, ingredient_id, ni_id) VALUES (82.5, 557, 1);
INSERT INTO public.tblingredientnutritionaninformation (amount, ingredient_id, ni_id) VALUES (0.6, 557, 2);
INSERT INTO public.tblingredientnutritionaninformation (amount, ingredient_id, ni_id) VALUES (0.8, 557, 3);
INSERT INTO public.tblingredient (ingredient_id,name) VALUES (558,'Масло сливочное 72,5%');
INSERT INTO public.tblingredientnutritionaninformation (amount, ingredient_id, ni_id) VALUES (72.5, 558, 1);
INSERT INTO public.tblingredientnutritionaninformation (amount, ingredient_id, ni_id) VALUES (1.0, 558, 2);
INSERT INTO public.tblingredientnutritionaninformation (amount, ingredient_id, ni_id) VALUES (1.4, 558, 3);
INSERT INTO public.tblingredient (ingredient_id,name) VALUES (559,'Масло соевое');
INSERT INTO public.tblingredientnutritionaninformation (amount, ingredient_id, ni_id) VALUES (99.9, 559, 1);
INSERT INTO public.tblingredientnutritionaninformation (amount, ingredient_id, ni_id) VALUES (0.0, 559, 2);
INSERT INTO public.tblingredientnutritionaninformation (amount, ingredient_id, ni_id) VALUES (0.0, 559, 3);
INSERT INTO public.tblingredient (ingredient_id,name) VALUES (560,'Масло топлёное');
INSERT INTO public.tblingredientnutritionaninformation (amount, ingredient_id, ni_id) VALUES (99.0, 560, 1);
INSERT INTO public.tblingredientnutritionaninformation (amount, ingredient_id, ni_id) VALUES (0.2, 560, 2);
INSERT INTO public.tblingredientnutritionaninformation (amount, ingredient_id, ni_id) VALUES (0.0, 560, 3);
INSERT INTO public.tblingredient (ingredient_id,name) VALUES (561,'Масло тыквенное');
INSERT INTO public.tblingredientnutritionaninformation (amount, ingredient_id, ni_id) VALUES (99.5, 561, 1);
INSERT INTO public.tblingredientnutritionaninformation (amount, ingredient_id, ni_id) VALUES (0.0, 561, 2);
INSERT INTO public.tblingredientnutritionaninformation (amount, ingredient_id, ni_id) VALUES (0.0, 561, 3);
INSERT INTO public.tblingredient (ingredient_id,name) VALUES (562,'Масло хлопковое');
INSERT INTO public.tblingredientnutritionaninformation (amount, ingredient_id, ni_id) VALUES (99.0, 562, 1);
INSERT INTO public.tblingredientnutritionaninformation (amount, ingredient_id, ni_id) VALUES (0.0, 562, 2);
INSERT INTO public.tblingredientnutritionaninformation (amount, ingredient_id, ni_id) VALUES (0.0, 562, 3);
INSERT INTO public.tblingredient (ingredient_id,name) VALUES (563,'Масло ши (карите)');
INSERT INTO public.tblingredientnutritionaninformation (amount, ingredient_id, ni_id) VALUES (98.0, 563, 1);
INSERT INTO public.tblingredientnutritionaninformation (amount, ingredient_id, ni_id) VALUES (0.0, 563, 2);
INSERT INTO public.tblingredientnutritionaninformation (amount, ingredient_id, ni_id) VALUES (0.0, 563, 3);
INSERT INTO public.tblingredient (ingredient_id,name) VALUES (564,'Масло шишек хмеля');
INSERT INTO public.tblingredientnutritionaninformation (amount, ingredient_id, ni_id) VALUES (99.0, 564, 1);
INSERT INTO public.tblingredientnutritionaninformation (amount, ingredient_id, ni_id) VALUES (0.0, 564, 2);
INSERT INTO public.tblingredientnutritionaninformation (amount, ingredient_id, ni_id) VALUES (0.0, 564, 3);
INSERT INTO public.tblingredient (ingredient_id,name) VALUES (565,'Масло шоколадное');
INSERT INTO public.tblingredientnutritionaninformation (amount, ingredient_id, ni_id) VALUES (62.0, 565, 1);
INSERT INTO public.tblingredientnutritionaninformation (amount, ingredient_id, ni_id) VALUES (1.5, 565, 2);
INSERT INTO public.tblingredientnutritionaninformation (amount, ingredient_id, ni_id) VALUES (18.6, 565, 3);
INSERT INTO public.tblingredient (ingredient_id,name) VALUES (566,'Масляная рыба');
INSERT INTO public.tblingredientnutritionaninformation (amount, ingredient_id, ni_id) VALUES (4.2, 566, 1);
INSERT INTO public.tblingredientnutritionaninformation (amount, ingredient_id, ni_id) VALUES (18.8, 566, 2);
INSERT INTO public.tblingredientnutritionaninformation (amount, ingredient_id, ni_id) VALUES (0.0, 566, 3);
INSERT INTO public.tblingredient (ingredient_id,name) VALUES (567,'Маслята свежие');
INSERT INTO public.tblingredientnutritionaninformation (amount, ingredient_id, ni_id) VALUES (0.7, 567, 1);
INSERT INTO public.tblingredientnutritionaninformation (amount, ingredient_id, ni_id) VALUES (2.4, 567, 2);
INSERT INTO public.tblingredientnutritionaninformation (amount, ingredient_id, ni_id) VALUES (1.7, 567, 3);
INSERT INTO public.tblingredient (ingredient_id,name) VALUES (568,'Мать-и-мачеха');
INSERT INTO public.tblingredientnutritionaninformation (amount, ingredient_id, ni_id) VALUES (0.0, 568, 1);
INSERT INTO public.tblingredientnutritionaninformation (amount, ingredient_id, ni_id) VALUES (0.0, 568, 2);
INSERT INTO public.tblingredientnutritionaninformation (amount, ingredient_id, ni_id) VALUES (0.0, 568, 3);
INSERT INTO public.tblingredient (ingredient_id,name) VALUES (569,'Мафальдине');
INSERT INTO public.tblingredientnutritionaninformation (amount, ingredient_id, ni_id) VALUES (1.5, 569, 1);
INSERT INTO public.tblingredientnutritionaninformation (amount, ingredient_id, ni_id) VALUES (12.0, 569, 2);
INSERT INTO public.tblingredientnutritionaninformation (amount, ingredient_id, ni_id) VALUES (72.2, 569, 3);
INSERT INTO public.tblingredient (ingredient_id,name) VALUES (570,'Махи-махи (корифена)');
INSERT INTO public.tblingredientnutritionaninformation (amount, ingredient_id, ni_id) VALUES (0.7, 570, 1);
INSERT INTO public.tblingredientnutritionaninformation (amount, ingredient_id, ni_id) VALUES (18.5, 570, 2);
INSERT INTO public.tblingredientnutritionaninformation (amount, ingredient_id, ni_id) VALUES (0.0, 570, 3);
INSERT INTO public.tblingredient (ingredient_id,name) VALUES (571,'Мацони из козьего молока');
INSERT INTO public.tblingredientnutritionaninformation (amount, ingredient_id, ni_id) VALUES (4.4, 571, 1);
INSERT INTO public.tblingredientnutritionaninformation (amount, ingredient_id, ni_id) VALUES (2.9, 571, 2);
INSERT INTO public.tblingredientnutritionaninformation (amount, ingredient_id, ni_id) VALUES (3.2, 571, 3);
INSERT INTO public.tblingredient (ingredient_id,name) VALUES (572,'Мацони из коровьего молока');
INSERT INTO public.tblingredientnutritionaninformation (amount, ingredient_id, ni_id) VALUES (3.2, 572, 1);
INSERT INTO public.tblingredientnutritionaninformation (amount, ingredient_id, ni_id) VALUES (2.8, 572, 2);
INSERT INTO public.tblingredientnutritionaninformation (amount, ingredient_id, ni_id) VALUES (3.6, 572, 3);
INSERT INTO public.tblingredient (ingredient_id,name) VALUES (573,'Мацони из коровьего молока маложирный');
INSERT INTO public.tblingredientnutritionaninformation (amount, ingredient_id, ni_id) VALUES (1.5, 573, 1);
INSERT INTO public.tblingredientnutritionaninformation (amount, ingredient_id, ni_id) VALUES (2.9, 573, 2);
INSERT INTO public.tblingredientnutritionaninformation (amount, ingredient_id, ni_id) VALUES (3.6, 573, 3);
INSERT INTO public.tblingredient (ingredient_id,name) VALUES (574,'Маш-салат');
INSERT INTO public.tblingredientnutritionaninformation (amount, ingredient_id, ni_id) VALUES (0.0, 574, 1);
INSERT INTO public.tblingredientnutritionaninformation (amount, ingredient_id, ni_id) VALUES (1.1, 574, 2);
INSERT INTO public.tblingredientnutritionaninformation (amount, ingredient_id, ni_id) VALUES (3.5, 574, 3);
INSERT INTO public.tblingredient (ingredient_id,name) VALUES (575,'Мёд');
INSERT INTO public.tblingredientnutritionaninformation (amount, ingredient_id, ni_id) VALUES (0.0, 575, 1);
INSERT INTO public.tblingredientnutritionaninformation (amount, ingredient_id, ni_id) VALUES (0.8, 575, 2);
INSERT INTO public.tblingredientnutritionaninformation (amount, ingredient_id, ni_id) VALUES (81.5, 575, 3);
INSERT INTO public.tblingredient (ingredient_id,name) VALUES (576,'Медвежье мясо');
INSERT INTO public.tblingredientnutritionaninformation (amount, ingredient_id, ni_id) VALUES (8.3, 576, 1);
INSERT INTO public.tblingredientnutritionaninformation (amount, ingredient_id, ni_id) VALUES (20.1, 576, 2);
INSERT INTO public.tblingredientnutritionaninformation (amount, ingredient_id, ni_id) VALUES (0.0, 576, 3);
INSERT INTO public.tblingredient (ingredient_id,name) VALUES (577,'Мелисса лекарственная');
INSERT INTO public.tblingredientnutritionaninformation (amount, ingredient_id, ni_id) VALUES (0.4, 577, 1);
INSERT INTO public.tblingredientnutritionaninformation (amount, ingredient_id, ni_id) VALUES (3.7, 577, 2);
INSERT INTO public.tblingredientnutritionaninformation (amount, ingredient_id, ni_id) VALUES (8.0, 577, 3);
INSERT INTO public.tblingredient (ingredient_id,name) VALUES (578,'Мелотрия (Африканский огурец)');
INSERT INTO public.tblingredientnutritionaninformation (amount, ingredient_id, ni_id) VALUES (0.1, 578, 1);
INSERT INTO public.tblingredientnutritionaninformation (amount, ingredient_id, ni_id) VALUES (0.8, 578, 2);
INSERT INTO public.tblingredientnutritionaninformation (amount, ingredient_id, ni_id) VALUES (2.5, 578, 3);
INSERT INTO public.tblingredient (ingredient_id,name) VALUES (579,'Мерланг');
INSERT INTO public.tblingredientnutritionaninformation (amount, ingredient_id, ni_id) VALUES (2.0, 579, 1);
INSERT INTO public.tblingredientnutritionaninformation (amount, ingredient_id, ni_id) VALUES (17.5, 579, 2);
INSERT INTO public.tblingredientnutritionaninformation (amount, ingredient_id, ni_id) VALUES (0.0, 579, 3);
INSERT INTO public.tblingredient (ingredient_id,name) VALUES (580,'Меч-рыба');
INSERT INTO public.tblingredientnutritionaninformation (amount, ingredient_id, ni_id) VALUES (6.7, 580, 1);
INSERT INTO public.tblingredientnutritionaninformation (amount, ingredient_id, ni_id) VALUES (19.7, 580, 2);
INSERT INTO public.tblingredientnutritionaninformation (amount, ingredient_id, ni_id) VALUES (0.0, 580, 3);
INSERT INTO public.tblingredient (ingredient_id,name) VALUES (581,'Мидии');
INSERT INTO public.tblingredientnutritionaninformation (amount, ingredient_id, ni_id) VALUES (1.6, 581, 1);
INSERT INTO public.tblingredientnutritionaninformation (amount, ingredient_id, ni_id) VALUES (11.2, 581, 2);
INSERT INTO public.tblingredientnutritionaninformation (amount, ingredient_id, ni_id) VALUES (0.0, 581, 3);
INSERT INTO public.tblingredient (ingredient_id,name) VALUES (582,'Микрозелень');
INSERT INTO public.tblingredientnutritionaninformation (amount, ingredient_id, ni_id) VALUES (0.1, 582, 1);
INSERT INTO public.tblingredientnutritionaninformation (amount, ingredient_id, ni_id) VALUES (2.6, 582, 2);
INSERT INTO public.tblingredientnutritionaninformation (amount, ingredient_id, ni_id) VALUES (5.0, 582, 3);
INSERT INTO public.tblingredient (ingredient_id,name) VALUES (583,'Миндаль');
INSERT INTO public.tblingredientnutritionaninformation (amount, ingredient_id, ni_id) VALUES (52.4, 583, 1);
INSERT INTO public.tblingredientnutritionaninformation (amount, ingredient_id, ni_id) VALUES (20.8, 583, 2);
INSERT INTO public.tblingredientnutritionaninformation (amount, ingredient_id, ni_id) VALUES (20.8, 583, 3);
INSERT INTO public.tblingredient (ingredient_id,name) VALUES (584,'Минога');
INSERT INTO public.tblingredientnutritionaninformation (amount, ingredient_id, ni_id) VALUES (2.0, 584, 1);
INSERT INTO public.tblingredientnutritionaninformation (amount, ingredient_id, ni_id) VALUES (17.5, 584, 2);
INSERT INTO public.tblingredientnutritionaninformation (amount, ingredient_id, ni_id) VALUES (0.0, 584, 3);
INSERT INTO public.tblingredient (ingredient_id,name) VALUES (585,'Минтай (печень)');
INSERT INTO public.tblingredientnutritionaninformation (amount, ingredient_id, ni_id) VALUES (50.0, 585, 1);
INSERT INTO public.tblingredientnutritionaninformation (amount, ingredient_id, ni_id) VALUES (6.0, 585, 2);
INSERT INTO public.tblingredientnutritionaninformation (amount, ingredient_id, ni_id) VALUES (0.0, 585, 3);
INSERT INTO public.tblingredient (ingredient_id,name) VALUES (586,'Минтай свежий');
INSERT INTO public.tblingredientnutritionaninformation (amount, ingredient_id, ni_id) VALUES (0.9, 586, 1);
INSERT INTO public.tblingredientnutritionaninformation (amount, ingredient_id, ni_id) VALUES (15.9, 586, 2);
INSERT INTO public.tblingredientnutritionaninformation (amount, ingredient_id, ni_id) VALUES (0.0, 586, 3);
INSERT INTO public.tblingredient (ingredient_id,name) VALUES (587,'Миньонет');
INSERT INTO public.tblingredientnutritionaninformation (amount, ingredient_id, ni_id) VALUES (3.2, 587, 1);
INSERT INTO public.tblingredientnutritionaninformation (amount, ingredient_id, ni_id) VALUES (10.9, 587, 2);
INSERT INTO public.tblingredientnutritionaninformation (amount, ingredient_id, ni_id) VALUES (38.0, 587, 3);
INSERT INTO public.tblingredient (ingredient_id,name) VALUES (588,'Можжевельник');
INSERT INTO public.tblingredientnutritionaninformation (amount, ingredient_id, ni_id) VALUES (0.0, 588, 1);
INSERT INTO public.tblingredientnutritionaninformation (amount, ingredient_id, ni_id) VALUES (0.0, 588, 2);
INSERT INTO public.tblingredientnutritionaninformation (amount, ingredient_id, ni_id) VALUES (31.0, 588, 3);
INSERT INTO public.tblingredient (ingredient_id,name) VALUES (589,'Мойва свежая');
INSERT INTO public.tblingredientnutritionaninformation (amount, ingredient_id, ni_id) VALUES (11.5, 589, 1);
INSERT INTO public.tblingredientnutritionaninformation (amount, ingredient_id, ni_id) VALUES (13.4, 589, 2);
INSERT INTO public.tblingredientnutritionaninformation (amount, ingredient_id, ni_id) VALUES (0.0, 589, 3);
INSERT INTO public.tblingredient (ingredient_id,name) VALUES (590,'Моллюски');
INSERT INTO public.tblingredientnutritionaninformation (amount, ingredient_id, ni_id) VALUES (1.1, 590, 1);
INSERT INTO public.tblingredientnutritionaninformation (amount, ingredient_id, ni_id) VALUES (16.7, 590, 2);
INSERT INTO public.tblingredientnutritionaninformation (amount, ingredient_id, ni_id) VALUES (0.0, 590, 3);
INSERT INTO public.tblingredient (ingredient_id,name) VALUES (591,'Молоки рыбьи');
INSERT INTO public.tblingredientnutritionaninformation (amount, ingredient_id, ni_id) VALUES (2.9, 591, 1);
INSERT INTO public.tblingredientnutritionaninformation (amount, ingredient_id, ni_id) VALUES (16.0, 591, 2);
INSERT INTO public.tblingredientnutritionaninformation (amount, ingredient_id, ni_id) VALUES (0.0, 591, 3);
INSERT INTO public.tblingredient (ingredient_id,name) VALUES (592,'Молоко 0.1% (обезжиренное)');
INSERT INTO public.tblingredientnutritionaninformation (amount, ingredient_id, ni_id) VALUES (0.1, 592, 1);
INSERT INTO public.tblingredientnutritionaninformation (amount, ingredient_id, ni_id) VALUES (2.0, 592, 2);
INSERT INTO public.tblingredientnutritionaninformation (amount, ingredient_id, ni_id) VALUES (4.8, 592, 3);
INSERT INTO public.tblingredient (ingredient_id,name) VALUES (593,'Молоко 0.5%');
INSERT INTO public.tblingredientnutritionaninformation (amount, ingredient_id, ni_id) VALUES (0.5, 593, 1);
INSERT INTO public.tblingredientnutritionaninformation (amount, ingredient_id, ni_id) VALUES (2.8, 593, 2);
INSERT INTO public.tblingredientnutritionaninformation (amount, ingredient_id, ni_id) VALUES (4.9, 593, 3);
INSERT INTO public.tblingredient (ingredient_id,name) VALUES (594,'Молоко 0.7%');
INSERT INTO public.tblingredientnutritionaninformation (amount, ingredient_id, ni_id) VALUES (0.7, 594, 1);
INSERT INTO public.tblingredientnutritionaninformation (amount, ingredient_id, ni_id) VALUES (3.3, 594, 2);
INSERT INTO public.tblingredientnutritionaninformation (amount, ingredient_id, ni_id) VALUES (4.7, 594, 3);
INSERT INTO public.tblingredient (ingredient_id,name) VALUES (595,'Молоко 1%');
INSERT INTO public.tblingredientnutritionaninformation (amount, ingredient_id, ni_id) VALUES (1.0, 595, 1);
INSERT INTO public.tblingredientnutritionaninformation (amount, ingredient_id, ni_id) VALUES (3.3, 595, 2);
INSERT INTO public.tblingredientnutritionaninformation (amount, ingredient_id, ni_id) VALUES (4.8, 595, 3);
INSERT INTO public.tblingredient (ingredient_id,name) VALUES (596,'Молоко 1.5%');
INSERT INTO public.tblingredientnutritionaninformation (amount, ingredient_id, ni_id) VALUES (1.5, 596, 1);
INSERT INTO public.tblingredientnutritionaninformation (amount, ingredient_id, ni_id) VALUES (2.8, 596, 2);
INSERT INTO public.tblingredientnutritionaninformation (amount, ingredient_id, ni_id) VALUES (4.7, 596, 3);
INSERT INTO public.tblingredient (ingredient_id,name) VALUES (597,'Молоко 2.5%');
INSERT INTO public.tblingredientnutritionaninformation (amount, ingredient_id, ni_id) VALUES (2.5, 597, 1);
INSERT INTO public.tblingredientnutritionaninformation (amount, ingredient_id, ni_id) VALUES (2.8, 597, 2);
INSERT INTO public.tblingredientnutritionaninformation (amount, ingredient_id, ni_id) VALUES (4.7, 597, 3);
INSERT INTO public.tblingredient (ingredient_id,name) VALUES (598,'Молоко 3.2%');
INSERT INTO public.tblingredientnutritionaninformation (amount, ingredient_id, ni_id) VALUES (3.2, 598, 1);
INSERT INTO public.tblingredientnutritionaninformation (amount, ingredient_id, ni_id) VALUES (2.9, 598, 2);
INSERT INTO public.tblingredientnutritionaninformation (amount, ingredient_id, ni_id) VALUES (4.7, 598, 3);
INSERT INTO public.tblingredient (ingredient_id,name) VALUES (599,'Молоко 3.6%');
INSERT INTO public.tblingredientnutritionaninformation (amount, ingredient_id, ni_id) VALUES (3.6, 599, 1);
INSERT INTO public.tblingredientnutritionaninformation (amount, ingredient_id, ni_id) VALUES (2.8, 599, 2);
INSERT INTO public.tblingredientnutritionaninformation (amount, ingredient_id, ni_id) VALUES (4.7, 599, 3);
INSERT INTO public.tblingredient (ingredient_id,name) VALUES (600,'Молоко 4.5%');
INSERT INTO public.tblingredientnutritionaninformation (amount, ingredient_id, ni_id) VALUES (4.5, 600, 1);
INSERT INTO public.tblingredientnutritionaninformation (amount, ingredient_id, ni_id) VALUES (3.1, 600, 2);
INSERT INTO public.tblingredientnutritionaninformation (amount, ingredient_id, ni_id) VALUES (4.7, 600, 3);
INSERT INTO public.tblingredient (ingredient_id,name) VALUES (601,'Молоко буйволиное');
INSERT INTO public.tblingredientnutritionaninformation (amount, ingredient_id, ni_id) VALUES (7.8, 601, 1);
INSERT INTO public.tblingredientnutritionaninformation (amount, ingredient_id, ni_id) VALUES (4.0, 601, 2);
INSERT INTO public.tblingredientnutritionaninformation (amount, ingredient_id, ni_id) VALUES (4.9, 601, 3);
INSERT INTO public.tblingredient (ingredient_id,name) VALUES (602,'Молоко верблюжье');
INSERT INTO public.tblingredientnutritionaninformation (amount, ingredient_id, ni_id) VALUES (5.1, 602, 1);
INSERT INTO public.tblingredientnutritionaninformation (amount, ingredient_id, ni_id) VALUES (4.0, 602, 2);
INSERT INTO public.tblingredientnutritionaninformation (amount, ingredient_id, ni_id) VALUES (4.9, 602, 3);
INSERT INTO public.tblingredient (ingredient_id,name) VALUES (603,'Молоко из кешью органическое EcoMil');
INSERT INTO public.tblingredientnutritionaninformation (amount, ingredient_id, ni_id) VALUES (2.8, 603, 1);
INSERT INTO public.tblingredientnutritionaninformation (amount, ingredient_id, ni_id) VALUES (1.0, 603, 2);
INSERT INTO public.tblingredientnutritionaninformation (amount, ingredient_id, ni_id) VALUES (1.6, 603, 3);
INSERT INTO public.tblingredient (ingredient_id,name) VALUES (604,'Молоко имбирное');
INSERT INTO public.tblingredientnutritionaninformation (amount, ingredient_id, ni_id) VALUES (1.0, 604, 1);
INSERT INTO public.tblingredientnutritionaninformation (amount, ingredient_id, ni_id) VALUES (1.2, 604, 2);
INSERT INTO public.tblingredientnutritionaninformation (amount, ingredient_id, ni_id) VALUES (1.5, 604, 3);
INSERT INTO public.tblingredient (ingredient_id,name) VALUES (605,'Молоко кислое');
INSERT INTO public.tblingredientnutritionaninformation (amount, ingredient_id, ni_id) VALUES (2.5, 605, 1);
INSERT INTO public.tblingredientnutritionaninformation (amount, ingredient_id, ni_id) VALUES (2.2, 605, 2);
INSERT INTO public.tblingredientnutritionaninformation (amount, ingredient_id, ni_id) VALUES (3.5, 605, 3);
INSERT INTO public.tblingredient (ingredient_id,name) VALUES (606,'Молоко кобылье');
INSERT INTO public.tblingredientnutritionaninformation (amount, ingredient_id, ni_id) VALUES (1.0, 606, 1);
INSERT INTO public.tblingredientnutritionaninformation (amount, ingredient_id, ni_id) VALUES (2.2, 606, 2);
INSERT INTO public.tblingredientnutritionaninformation (amount, ingredient_id, ni_id) VALUES (5.8, 606, 3);
INSERT INTO public.tblingredient (ingredient_id,name) VALUES (607,'Молоко козье');
INSERT INTO public.tblingredientnutritionaninformation (amount, ingredient_id, ni_id) VALUES (3.3, 607, 1);
INSERT INTO public.tblingredientnutritionaninformation (amount, ingredient_id, ni_id) VALUES (3.6, 607, 2);
INSERT INTO public.tblingredientnutritionaninformation (amount, ingredient_id, ni_id) VALUES (4.8, 607, 3);
INSERT INTO public.tblingredient (ingredient_id,name) VALUES (608,'Молоко кокосовое');
INSERT INTO public.tblingredientnutritionaninformation (amount, ingredient_id, ni_id) VALUES (18.5, 608, 1);
INSERT INTO public.tblingredientnutritionaninformation (amount, ingredient_id, ni_id) VALUES (1.6, 608, 2);
INSERT INTO public.tblingredientnutritionaninformation (amount, ingredient_id, ni_id) VALUES (2.0, 608, 3);
INSERT INTO public.tblingredient (ingredient_id,name) VALUES (609,'Молоко кунжутное');
INSERT INTO public.tblingredientnutritionaninformation (amount, ingredient_id, ni_id) VALUES (8.1, 609, 1);
INSERT INTO public.tblingredientnutritionaninformation (amount, ingredient_id, ni_id) VALUES (3.1, 609, 2);
INSERT INTO public.tblingredientnutritionaninformation (amount, ingredient_id, ni_id) VALUES (14.2, 609, 3);
INSERT INTO public.tblingredient (ingredient_id,name) VALUES (610,'Молоко овечье');
INSERT INTO public.tblingredientnutritionaninformation (amount, ingredient_id, ni_id) VALUES (7.7, 610, 1);
INSERT INTO public.tblingredientnutritionaninformation (amount, ingredient_id, ni_id) VALUES (6.5, 610, 2);
INSERT INTO public.tblingredientnutritionaninformation (amount, ingredient_id, ni_id) VALUES (4.8, 610, 3);
INSERT INTO public.tblingredient (ingredient_id,name) VALUES (611,'Молоко овсяное');
INSERT INTO public.tblingredientnutritionaninformation (amount, ingredient_id, ni_id) VALUES (1.5, 611, 1);
INSERT INTO public.tblingredientnutritionaninformation (amount, ingredient_id, ni_id) VALUES (0.3, 611, 2);
INSERT INTO public.tblingredientnutritionaninformation (amount, ingredient_id, ni_id) VALUES (7.0, 611, 3);
INSERT INTO public.tblingredient (ingredient_id,name) VALUES (612,'Молоко ореховое');
INSERT INTO public.tblingredientnutritionaninformation (amount, ingredient_id, ni_id) VALUES (3.5, 612, 1);
INSERT INTO public.tblingredientnutritionaninformation (amount, ingredient_id, ni_id) VALUES (3.7, 612, 2);
INSERT INTO public.tblingredientnutritionaninformation (amount, ingredient_id, ni_id) VALUES (21.3, 612, 3);
INSERT INTO public.tblingredient (ingredient_id,name) VALUES (613,'Морошка');
INSERT INTO public.tblingredientnutritionaninformation (amount, ingredient_id, ni_id) VALUES (0.0, 613, 1);
INSERT INTO public.tblingredientnutritionaninformation (amount, ingredient_id, ni_id) VALUES (0.8, 613, 2);
INSERT INTO public.tblingredientnutritionaninformation (amount, ingredient_id, ni_id) VALUES (9.8, 613, 3);
INSERT INTO public.tblingredient (ingredient_id,name) VALUES (614,'Морская капуста');
INSERT INTO public.tblingredientnutritionaninformation (amount, ingredient_id, ni_id) VALUES (5.1, 614, 1);
INSERT INTO public.tblingredientnutritionaninformation (amount, ingredient_id, ni_id) VALUES (0.8, 614, 2);
INSERT INTO public.tblingredientnutritionaninformation (amount, ingredient_id, ni_id) VALUES (0.0, 614, 3);
INSERT INTO public.tblingredient (ingredient_id,name) VALUES (615,'Морское ухо');
INSERT INTO public.tblingredientnutritionaninformation (amount, ingredient_id, ni_id) VALUES (1.1, 615, 1);
INSERT INTO public.tblingredientnutritionaninformation (amount, ingredient_id, ni_id) VALUES (16.7, 615, 2);
INSERT INTO public.tblingredientnutritionaninformation (amount, ingredient_id, ni_id) VALUES (0.0, 615, 3);
INSERT INTO public.tblingredient (ingredient_id,name) VALUES (616,'Морской гребешок');
INSERT INTO public.tblingredientnutritionaninformation (amount, ingredient_id, ni_id) VALUES (2.0, 616, 1);
INSERT INTO public.tblingredientnutritionaninformation (amount, ingredient_id, ni_id) VALUES (17.0, 616, 2);
INSERT INTO public.tblingredientnutritionaninformation (amount, ingredient_id, ni_id) VALUES (3.0, 616, 3);
INSERT INTO public.tblingredient (ingredient_id,name) VALUES (617,'Морской гриб');
INSERT INTO public.tblingredientnutritionaninformation (amount, ingredient_id, ni_id) VALUES (0.1, 617, 1);
INSERT INTO public.tblingredientnutritionaninformation (amount, ingredient_id, ni_id) VALUES (1.9, 617, 2);
INSERT INTO public.tblingredientnutritionaninformation (amount, ingredient_id, ni_id) VALUES (26.5, 617, 3);
INSERT INTO public.tblingredient (ingredient_id,name) VALUES (618,'Морской дракон');
INSERT INTO public.tblingredientnutritionaninformation (amount, ingredient_id, ni_id) VALUES (1.5, 618, 1);
INSERT INTO public.tblingredientnutritionaninformation (amount, ingredient_id, ni_id) VALUES (15.3, 618, 2);
INSERT INTO public.tblingredientnutritionaninformation (amount, ingredient_id, ni_id) VALUES (0.0, 618, 3);
INSERT INTO public.tblingredient (ingredient_id,name) VALUES (619,'Морской еж');
INSERT INTO public.tblingredientnutritionaninformation (amount, ingredient_id, ni_id) VALUES (4.3, 619, 1);
INSERT INTO public.tblingredientnutritionaninformation (amount, ingredient_id, ni_id) VALUES (13.8, 619, 2);
INSERT INTO public.tblingredientnutritionaninformation (amount, ingredient_id, ni_id) VALUES (2.5, 619, 3);
INSERT INTO public.tblingredient (ingredient_id,name) VALUES (620,'Морской желудь балянус');
INSERT INTO public.tblingredientnutritionaninformation (amount, ingredient_id, ni_id) VALUES (0.1, 620, 1);
INSERT INTO public.tblingredientnutritionaninformation (amount, ingredient_id, ni_id) VALUES (17.5, 620, 2);
INSERT INTO public.tblingredientnutritionaninformation (amount, ingredient_id, ni_id) VALUES (0.0, 620, 3);
INSERT INTO public.tblingredient (ingredient_id,name) VALUES (621,'Морской петух');
INSERT INTO public.tblingredientnutritionaninformation (amount, ingredient_id, ni_id) VALUES (2.7, 621, 1);
INSERT INTO public.tblingredientnutritionaninformation (amount, ingredient_id, ni_id) VALUES (18.0, 621, 2);
INSERT INTO public.tblingredientnutritionaninformation (amount, ingredient_id, ni_id) VALUES (0.0, 621, 3);
INSERT INTO public.tblingredient (ingredient_id,name) VALUES (622,'Мука амарантовая');
INSERT INTO public.tblingredientnutritionaninformation (amount, ingredient_id, ni_id) VALUES (1.7, 622, 1);
INSERT INTO public.tblingredientnutritionaninformation (amount, ingredient_id, ni_id) VALUES (8.9, 622, 2);
INSERT INTO public.tblingredientnutritionaninformation (amount, ingredient_id, ni_id) VALUES (61.7, 622, 3);
INSERT INTO public.tblingredient (ingredient_id,name) VALUES (623,'Мука арахисовая');
INSERT INTO public.tblingredientnutritionaninformation (amount, ingredient_id, ni_id) VALUES (47.0, 623, 1);
INSERT INTO public.tblingredientnutritionaninformation (amount, ingredient_id, ni_id) VALUES (25.0, 623, 2);
INSERT INTO public.tblingredientnutritionaninformation (amount, ingredient_id, ni_id) VALUES (14.5, 623, 3);
INSERT INTO public.tblingredient (ingredient_id,name) VALUES (624,'Мука гороховая');
INSERT INTO public.tblingredientnutritionaninformation (amount, ingredient_id, ni_id) VALUES (2.0, 624, 1);
INSERT INTO public.tblingredientnutritionaninformation (amount, ingredient_id, ni_id) VALUES (21.0, 624, 2);
INSERT INTO public.tblingredientnutritionaninformation (amount, ingredient_id, ni_id) VALUES (49.0, 624, 3);
INSERT INTO public.tblingredient (ingredient_id,name) VALUES (625,'Мука гречневая');
INSERT INTO public.tblingredientnutritionaninformation (amount, ingredient_id, ni_id) VALUES (1.7, 625, 1);
INSERT INTO public.tblingredientnutritionaninformation (amount, ingredient_id, ni_id) VALUES (13.0, 625, 2);
INSERT INTO public.tblingredientnutritionaninformation (amount, ingredient_id, ni_id) VALUES (67.5, 625, 3);
INSERT INTO public.tblingredient (ingredient_id,name) VALUES (626,'Мука из грецкого ореха');
INSERT INTO public.tblingredientnutritionaninformation (amount, ingredient_id, ni_id) VALUES (18.0, 626, 1);
INSERT INTO public.tblingredientnutritionaninformation (amount, ingredient_id, ni_id) VALUES (15.0, 626, 2);
INSERT INTO public.tblingredientnutritionaninformation (amount, ingredient_id, ni_id) VALUES (3.0, 626, 3);
INSERT INTO public.tblingredient (ingredient_id,name) VALUES (627,'Мука из зародышей пшеницы');
INSERT INTO public.tblingredientnutritionaninformation (amount, ingredient_id, ni_id) VALUES (7.7, 627, 1);
INSERT INTO public.tblingredientnutritionaninformation (amount, ingredient_id, ni_id) VALUES (33.9, 627, 2);
INSERT INTO public.tblingredientnutritionaninformation (amount, ingredient_id, ni_id) VALUES (32.8, 627, 3);
INSERT INTO public.tblingredient (ingredient_id,name) VALUES (628,'Мука из зеленой гречки');
INSERT INTO public.tblingredientnutritionaninformation (amount, ingredient_id, ni_id) VALUES (3.3, 628, 1);
INSERT INTO public.tblingredientnutritionaninformation (amount, ingredient_id, ni_id) VALUES (12.6, 628, 2);
INSERT INTO public.tblingredientnutritionaninformation (amount, ingredient_id, ni_id) VALUES (62.0, 628, 3);
INSERT INTO public.tblingredient (ingredient_id,name) VALUES (629,'Мука из овсяных отрубей');
INSERT INTO public.tblingredientnutritionaninformation (amount, ingredient_id, ni_id) VALUES (7.1, 629, 1);
INSERT INTO public.tblingredientnutritionaninformation (amount, ingredient_id, ni_id) VALUES (18.0, 629, 2);
INSERT INTO public.tblingredientnutritionaninformation (amount, ingredient_id, ni_id) VALUES (45.3, 629, 3);
INSERT INTO public.tblingredient (ingredient_id,name) VALUES (630,'Мука из семян тыквы');
INSERT INTO public.tblingredientnutritionaninformation (amount, ingredient_id, ni_id) VALUES (10.0, 630, 1);
INSERT INTO public.tblingredientnutritionaninformation (amount, ingredient_id, ni_id) VALUES (43.0, 630, 2);
INSERT INTO public.tblingredientnutritionaninformation (amount, ingredient_id, ni_id) VALUES (35.0, 630, 3);
INSERT INTO public.tblingredient (ingredient_id,name) VALUES (631,'Мука из семян чёрного кунжута');
INSERT INTO public.tblingredientnutritionaninformation (amount, ingredient_id, ni_id) VALUES (21.3, 631, 1);
INSERT INTO public.tblingredientnutritionaninformation (amount, ingredient_id, ni_id) VALUES (26.3, 631, 2);
INSERT INTO public.tblingredientnutritionaninformation (amount, ingredient_id, ni_id) VALUES (16.3, 631, 3);
INSERT INTO public.tblingredient (ingredient_id,name) VALUES (632,'Мука из фундука');
INSERT INTO public.tblingredientnutritionaninformation (amount, ingredient_id, ni_id) VALUES (61.0, 632, 1);
INSERT INTO public.tblingredientnutritionaninformation (amount, ingredient_id, ni_id) VALUES (15.0, 632, 2);
INSERT INTO public.tblingredientnutritionaninformation (amount, ingredient_id, ni_id) VALUES (9.4, 632, 3);
INSERT INTO public.tblingredient (ingredient_id,name) VALUES (633,'Мука кедровая');
INSERT INTO public.tblingredientnutritionaninformation (amount, ingredient_id, ni_id) VALUES (19.0, 633, 1);
INSERT INTO public.tblingredientnutritionaninformation (amount, ingredient_id, ni_id) VALUES (31.0, 633, 2);
INSERT INTO public.tblingredientnutritionaninformation (amount, ingredient_id, ni_id) VALUES (33.0, 633, 3);
INSERT INTO public.tblingredient (ingredient_id,name) VALUES (634,'Мука кокосовая');
INSERT INTO public.tblingredientnutritionaninformation (amount, ingredient_id, ni_id) VALUES (16.6, 634, 1);
INSERT INTO public.tblingredientnutritionaninformation (amount, ingredient_id, ni_id) VALUES (20.0, 634, 2);
INSERT INTO public.tblingredientnutritionaninformation (amount, ingredient_id, ni_id) VALUES (60.0, 634, 3);
INSERT INTO public.tblingredient (ingredient_id,name) VALUES (635,'Мука конопляная');
INSERT INTO public.tblingredientnutritionaninformation (amount, ingredient_id, ni_id) VALUES (7.9, 635, 1);
INSERT INTO public.tblingredientnutritionaninformation (amount, ingredient_id, ni_id) VALUES (30.0, 635, 2);
INSERT INTO public.tblingredientnutritionaninformation (amount, ingredient_id, ni_id) VALUES (24.7, 635, 3);
INSERT INTO public.tblingredient (ingredient_id,name) VALUES (636,'Мука кукурузная');
INSERT INTO public.tblingredientnutritionaninformation (amount, ingredient_id, ni_id) VALUES (1.0, 636, 1);
INSERT INTO public.tblingredientnutritionaninformation (amount, ingredient_id, ni_id) VALUES (8.0, 636, 2);
INSERT INTO public.tblingredientnutritionaninformation (amount, ingredient_id, ni_id) VALUES (75.0, 636, 3);
INSERT INTO public.tblingredient (ingredient_id,name) VALUES (637,'Мука кунжутная');
INSERT INTO public.tblingredientnutritionaninformation (amount, ingredient_id, ni_id) VALUES (12.0, 637, 1);
INSERT INTO public.tblingredientnutritionaninformation (amount, ingredient_id, ni_id) VALUES (45.0, 637, 2);
INSERT INTO public.tblingredientnutritionaninformation (amount, ingredient_id, ni_id) VALUES (32.0, 637, 3);
INSERT INTO public.tblingredient (ingredient_id,name) VALUES (638,'Мука льняная');
INSERT INTO public.tblingredientnutritionaninformation (amount, ingredient_id, ni_id) VALUES (10.0, 638, 1);
INSERT INTO public.tblingredientnutritionaninformation (amount, ingredient_id, ni_id) VALUES (36.0, 638, 2);
INSERT INTO public.tblingredientnutritionaninformation (amount, ingredient_id, ni_id) VALUES (9.0, 638, 3);
INSERT INTO public.tblingredient (ingredient_id,name) VALUES (639,'Мука манная');
INSERT INTO public.tblingredientnutritionaninformation (amount, ingredient_id, ni_id) VALUES (1.0, 639, 1);
INSERT INTO public.tblingredientnutritionaninformation (amount, ingredient_id, ni_id) VALUES (12.0, 639, 2);
INSERT INTO public.tblingredientnutritionaninformation (amount, ingredient_id, ni_id) VALUES (71.0, 639, 3);
INSERT INTO public.tblingredient (ingredient_id,name) VALUES (640,'Мука миндальная');
INSERT INTO public.tblingredientnutritionaninformation (amount, ingredient_id, ni_id) VALUES (54.5, 640, 1);
INSERT INTO public.tblingredientnutritionaninformation (amount, ingredient_id, ni_id) VALUES (25.8, 640, 2);
INSERT INTO public.tblingredientnutritionaninformation (amount, ingredient_id, ni_id) VALUES (13.0, 640, 3);
INSERT INTO public.tblingredient (ingredient_id,name) VALUES (641,'Мука нутовая');
INSERT INTO public.tblingredientnutritionaninformation (amount, ingredient_id, ni_id) VALUES (2.9, 641, 1);
INSERT INTO public.tblingredientnutritionaninformation (amount, ingredient_id, ni_id) VALUES (10.9, 641, 2);
INSERT INTO public.tblingredientnutritionaninformation (amount, ingredient_id, ni_id) VALUES (66.0, 641, 3);
INSERT INTO public.tblingredient (ingredient_id,name) VALUES (642,'Мука овсяная цельносмолотая');
INSERT INTO public.tblingredientnutritionaninformation (amount, ingredient_id, ni_id) VALUES (6.1, 642, 1);
INSERT INTO public.tblingredientnutritionaninformation (amount, ingredient_id, ni_id) VALUES (17.0, 642, 2);
INSERT INTO public.tblingredientnutritionaninformation (amount, ingredient_id, ni_id) VALUES (61.3, 642, 3);
INSERT INTO public.tblingredient (ingredient_id,name) VALUES (643,'Мука ореховая');
INSERT INTO public.tblingredientnutritionaninformation (amount, ingredient_id, ni_id) VALUES (1.8, 643, 1);
INSERT INTO public.tblingredientnutritionaninformation (amount, ingredient_id, ni_id) VALUES (50.1, 643, 2);
INSERT INTO public.tblingredientnutritionaninformation (amount, ingredient_id, ni_id) VALUES (35.5, 643, 3);
INSERT INTO public.tblingredient (ingredient_id,name) VALUES (644,'Мука подсолнечная');
INSERT INTO public.tblingredientnutritionaninformation (amount, ingredient_id, ni_id) VALUES (12.0, 644, 1);
INSERT INTO public.tblingredientnutritionaninformation (amount, ingredient_id, ni_id) VALUES (48.1, 644, 2);
INSERT INTO public.tblingredientnutritionaninformation (amount, ingredient_id, ni_id) VALUES (30.6, 644, 3);
INSERT INTO public.tblingredient (ingredient_id,name) VALUES (645,'Мука полбы');
INSERT INTO public.tblingredientnutritionaninformation (amount, ingredient_id, ni_id) VALUES (2.4, 645, 1);
INSERT INTO public.tblingredientnutritionaninformation (amount, ingredient_id, ni_id) VALUES (17.0, 645, 2);
INSERT INTO public.tblingredientnutritionaninformation (amount, ingredient_id, ni_id) VALUES (67.8, 645, 3);
INSERT INTO public.tblingredient (ingredient_id,name) VALUES (646,'Мука пшеничная 1-го сорта');
INSERT INTO public.tblingredientnutritionaninformation (amount, ingredient_id, ni_id) VALUES (1.3, 646, 1);
INSERT INTO public.tblingredientnutritionaninformation (amount, ingredient_id, ni_id) VALUES (10.6, 646, 2);
INSERT INTO public.tblingredientnutritionaninformation (amount, ingredient_id, ni_id) VALUES (67.6, 646, 3);
INSERT INTO public.tblingredient (ingredient_id,name) VALUES (647,'Мука пшеничная 2-го сорта');
INSERT INTO public.tblingredientnutritionaninformation (amount, ingredient_id, ni_id) VALUES (1.8, 647, 1);
INSERT INTO public.tblingredientnutritionaninformation (amount, ingredient_id, ni_id) VALUES (11.7, 647, 2);
INSERT INTO public.tblingredientnutritionaninformation (amount, ingredient_id, ni_id) VALUES (63.7, 647, 3);
INSERT INTO public.tblingredient (ingredient_id,name) VALUES (648,'Мука пшеничная высшего сорта');
INSERT INTO public.tblingredientnutritionaninformation (amount, ingredient_id, ni_id) VALUES (1.1, 648, 1);
INSERT INTO public.tblingredientnutritionaninformation (amount, ingredient_id, ni_id) VALUES (10.3, 648, 2);
INSERT INTO public.tblingredientnutritionaninformation (amount, ingredient_id, ni_id) VALUES (68.9, 648, 3);
INSERT INTO public.tblingredient (ingredient_id,name) VALUES (649,'Мука пшеничная цельнозерновая');
INSERT INTO public.tblingredientnutritionaninformation (amount, ingredient_id, ni_id) VALUES (2.2, 649, 1);
INSERT INTO public.tblingredientnutritionaninformation (amount, ingredient_id, ni_id) VALUES (11.5, 649, 2);
INSERT INTO public.tblingredientnutritionaninformation (amount, ingredient_id, ni_id) VALUES (55.8, 649, 3);
INSERT INTO public.tblingredient (ingredient_id,name) VALUES (650,'Мука ржаная обдирная');
INSERT INTO public.tblingredientnutritionaninformation (amount, ingredient_id, ni_id) VALUES (1.0, 650, 1);
INSERT INTO public.tblingredientnutritionaninformation (amount, ingredient_id, ni_id) VALUES (9.0, 650, 2);
INSERT INTO public.tblingredientnutritionaninformation (amount, ingredient_id, ni_id) VALUES (73.0, 650, 3);
INSERT INTO public.tblingredient (ingredient_id,name) VALUES (651,'Мука ржаная сеяная');
INSERT INTO public.tblingredientnutritionaninformation (amount, ingredient_id, ni_id) VALUES (1.4, 651, 1);
INSERT INTO public.tblingredientnutritionaninformation (amount, ingredient_id, ni_id) VALUES (6.9, 651, 2);
INSERT INTO public.tblingredientnutritionaninformation (amount, ingredient_id, ni_id) VALUES (67.3, 651, 3);
INSERT INTO public.tblingredient (ingredient_id,name) VALUES (652,'Мука рисовая');
INSERT INTO public.tblingredientnutritionaninformation (amount, ingredient_id, ni_id) VALUES (0.5, 652, 1);
INSERT INTO public.tblingredientnutritionaninformation (amount, ingredient_id, ni_id) VALUES (7.0, 652, 2);
INSERT INTO public.tblingredientnutritionaninformation (amount, ingredient_id, ni_id) VALUES (78.0, 652, 3);
INSERT INTO public.tblingredient (ingredient_id,name) VALUES (653,'Мука соевая необезжиренная');
INSERT INTO public.tblingredientnutritionaninformation (amount, ingredient_id, ni_id) VALUES (18.6, 653, 1);
INSERT INTO public.tblingredientnutritionaninformation (amount, ingredient_id, ni_id) VALUES (36.5, 653, 2);
INSERT INTO public.tblingredientnutritionaninformation (amount, ingredient_id, ni_id) VALUES (17.9, 653, 3);
INSERT INTO public.tblingredient (ingredient_id,name) VALUES (654,'Мука соевая обезжиренная');
INSERT INTO public.tblingredientnutritionaninformation (amount, ingredient_id, ni_id) VALUES (1.0, 654, 1);
INSERT INTO public.tblingredientnutritionaninformation (amount, ingredient_id, ni_id) VALUES (48.9, 654, 2);
INSERT INTO public.tblingredientnutritionaninformation (amount, ingredient_id, ni_id) VALUES (21.7, 654, 3);
INSERT INTO public.tblingredient (ingredient_id,name) VALUES (655,'Мука соевая полуобезжиренная');
INSERT INTO public.tblingredientnutritionaninformation (amount, ingredient_id, ni_id) VALUES (9.5, 655, 1);
INSERT INTO public.tblingredientnutritionaninformation (amount, ingredient_id, ni_id) VALUES (43.0, 655, 2);
INSERT INTO public.tblingredientnutritionaninformation (amount, ingredient_id, ni_id) VALUES (19.1, 655, 3);
INSERT INTO public.tblingredient (ingredient_id,name) VALUES (656,'Мука тритикале');
INSERT INTO public.tblingredientnutritionaninformation (amount, ingredient_id, ni_id) VALUES (1.8, 656, 1);
INSERT INTO public.tblingredientnutritionaninformation (amount, ingredient_id, ni_id) VALUES (13.2, 656, 2);
INSERT INTO public.tblingredientnutritionaninformation (amount, ingredient_id, ni_id) VALUES (73.1, 656, 3);
INSERT INTO public.tblingredient (ingredient_id,name) VALUES (657,'Мука тыквенная');
INSERT INTO public.tblingredientnutritionaninformation (amount, ingredient_id, ni_id) VALUES (9.0, 657, 1);
INSERT INTO public.tblingredientnutritionaninformation (amount, ingredient_id, ni_id) VALUES (33.0, 657, 2);
INSERT INTO public.tblingredientnutritionaninformation (amount, ingredient_id, ni_id) VALUES (23.0, 657, 3);
INSERT INTO public.tblingredient (ingredient_id,name) VALUES (658,'Мука чечевичная');
INSERT INTO public.tblingredientnutritionaninformation (amount, ingredient_id, ni_id) VALUES (1.0, 658, 1);
INSERT INTO public.tblingredientnutritionaninformation (amount, ingredient_id, ni_id) VALUES (28.0, 658, 2);
INSERT INTO public.tblingredientnutritionaninformation (amount, ingredient_id, ni_id) VALUES (56.0, 658, 3);
INSERT INTO public.tblingredient (ingredient_id,name) VALUES (659,'Мука ячменная');
INSERT INTO public.tblingredientnutritionaninformation (amount, ingredient_id, ni_id) VALUES (1.6, 659, 1);
INSERT INTO public.tblingredientnutritionaninformation (amount, ingredient_id, ni_id) VALUES (10.0, 659, 2);
INSERT INTO public.tblingredientnutritionaninformation (amount, ingredient_id, ni_id) VALUES (56.1, 659, 3);
INSERT INTO public.tblingredient (ingredient_id,name) VALUES (660,'Муксун');
INSERT INTO public.tblingredientnutritionaninformation (amount, ingredient_id, ni_id) VALUES (2.0, 660, 1);
INSERT INTO public.tblingredientnutritionaninformation (amount, ingredient_id, ni_id) VALUES (17.5, 660, 2);
INSERT INTO public.tblingredientnutritionaninformation (amount, ingredient_id, ni_id) VALUES (0.0, 660, 3);
INSERT INTO public.tblingredient (ingredient_id,name) VALUES (661,'Мускатный орех');
INSERT INTO public.tblingredientnutritionaninformation (amount, ingredient_id, ni_id) VALUES (50.0, 661, 1);
INSERT INTO public.tblingredientnutritionaninformation (amount, ingredient_id, ni_id) VALUES (20.0, 661, 2);
INSERT INTO public.tblingredientnutritionaninformation (amount, ingredient_id, ni_id) VALUES (7.0, 661, 3);
INSERT INTO public.tblingredient (ingredient_id,name) VALUES (662,'Мушмула германская');
INSERT INTO public.tblingredientnutritionaninformation (amount, ingredient_id, ni_id) VALUES (0.0, 662, 1);
INSERT INTO public.tblingredientnutritionaninformation (amount, ingredient_id, ni_id) VALUES (0.0, 662, 2);
INSERT INTO public.tblingredientnutritionaninformation (amount, ingredient_id, ni_id) VALUES (12.0, 662, 3);
INSERT INTO public.tblingredient (ingredient_id,name) VALUES (663,'Мушмула японская');
INSERT INTO public.tblingredientnutritionaninformation (amount, ingredient_id, ni_id) VALUES (0.2, 663, 1);
INSERT INTO public.tblingredientnutritionaninformation (amount, ingredient_id, ni_id) VALUES (0.4, 663, 2);
INSERT INTO public.tblingredientnutritionaninformation (amount, ingredient_id, ni_id) VALUES (10.4, 663, 3);
INSERT INTO public.tblingredient (ingredient_id,name) VALUES (664,'Мясо косули');
INSERT INTO public.tblingredientnutritionaninformation (amount, ingredient_id, ni_id) VALUES (6.0, 664, 1);
INSERT INTO public.tblingredientnutritionaninformation (amount, ingredient_id, ni_id) VALUES (21.4, 664, 2);
INSERT INTO public.tblingredientnutritionaninformation (amount, ingredient_id, ni_id) VALUES (0.0, 664, 3);
INSERT INTO public.tblingredient (ingredient_id,name) VALUES (665,'Мясо криля');
INSERT INTO public.tblingredientnutritionaninformation (amount, ingredient_id, ni_id) VALUES (1.8, 665, 1);
INSERT INTO public.tblingredientnutritionaninformation (amount, ingredient_id, ni_id) VALUES (17.5, 665, 2);
INSERT INTO public.tblingredientnutritionaninformation (amount, ingredient_id, ni_id) VALUES (2.8, 665, 3);
INSERT INTO public.tblingredient (ingredient_id,name) VALUES (666,'Мята свежая');
INSERT INTO public.tblingredientnutritionaninformation (amount, ingredient_id, ni_id) VALUES (0.4, 666, 1);
INSERT INTO public.tblingredientnutritionaninformation (amount, ingredient_id, ni_id) VALUES (3.7, 666, 2);
INSERT INTO public.tblingredientnutritionaninformation (amount, ingredient_id, ni_id) VALUES (8.0, 666, 3);
INSERT INTO public.tblingredient (ingredient_id,name) VALUES (667,'Мята сушеная');
INSERT INTO public.tblingredientnutritionaninformation (amount, ingredient_id, ni_id) VALUES (6.0, 667, 1);
INSERT INTO public.tblingredientnutritionaninformation (amount, ingredient_id, ni_id) VALUES (19.9, 667, 2);
INSERT INTO public.tblingredientnutritionaninformation (amount, ingredient_id, ni_id) VALUES (22.2, 667, 3);
INSERT INTO public.tblingredient (ingredient_id,name) VALUES (668,'Навага');
INSERT INTO public.tblingredientnutritionaninformation (amount, ingredient_id, ni_id) VALUES (1.0, 668, 1);
INSERT INTO public.tblingredientnutritionaninformation (amount, ingredient_id, ni_id) VALUES (16.1, 668, 2);
INSERT INTO public.tblingredientnutritionaninformation (amount, ingredient_id, ni_id) VALUES (0.0, 668, 3);
INSERT INTO public.tblingredient (ingredient_id,name) VALUES (669,'Навага беломорская');
INSERT INTO public.tblingredientnutritionaninformation (amount, ingredient_id, ni_id) VALUES (1.6, 669, 1);
INSERT INTO public.tblingredientnutritionaninformation (amount, ingredient_id, ni_id) VALUES (19.2, 669, 2);
INSERT INTO public.tblingredientnutritionaninformation (amount, ingredient_id, ni_id) VALUES (0.0, 669, 3);
INSERT INTO public.tblingredient (ingredient_id,name) VALUES (670,'Навага дальневосточная');
INSERT INTO public.tblingredientnutritionaninformation (amount, ingredient_id, ni_id) VALUES (0.9, 670, 1);
INSERT INTO public.tblingredientnutritionaninformation (amount, ingredient_id, ni_id) VALUES (15.1, 670, 2);
INSERT INTO public.tblingredientnutritionaninformation (amount, ingredient_id, ni_id) VALUES (0.0, 670, 3);
INSERT INTO public.tblingredient (ingredient_id,name) VALUES (671,'Налим (печень)');
INSERT INTO public.tblingredientnutritionaninformation (amount, ingredient_id, ni_id) VALUES (65.7, 671, 1);
INSERT INTO public.tblingredientnutritionaninformation (amount, ingredient_id, ni_id) VALUES (4.2, 671, 2);
INSERT INTO public.tblingredientnutritionaninformation (amount, ingredient_id, ni_id) VALUES (1.2, 671, 3);
INSERT INTO public.tblingredient (ingredient_id,name) VALUES (672,'Налим свежий');
INSERT INTO public.tblingredientnutritionaninformation (amount, ingredient_id, ni_id) VALUES (0.6, 672, 1);
INSERT INTO public.tblingredientnutritionaninformation (amount, ingredient_id, ni_id) VALUES (18.8, 672, 2);
INSERT INTO public.tblingredientnutritionaninformation (amount, ingredient_id, ni_id) VALUES (0.0, 672, 3);
INSERT INTO public.tblingredient (ingredient_id,name) VALUES (673,'Нектарин');
INSERT INTO public.tblingredientnutritionaninformation (amount, ingredient_id, ni_id) VALUES (0.2, 673, 1);
INSERT INTO public.tblingredientnutritionaninformation (amount, ingredient_id, ni_id) VALUES (0.9, 673, 2);
INSERT INTO public.tblingredientnutritionaninformation (amount, ingredient_id, ni_id) VALUES (11.8, 673, 3);
INSERT INTO public.tblingredient (ingredient_id,name) VALUES (674,'Нельма');
INSERT INTO public.tblingredientnutritionaninformation (amount, ingredient_id, ni_id) VALUES (2.8, 674, 1);
INSERT INTO public.tblingredientnutritionaninformation (amount, ingredient_id, ni_id) VALUES (22.3, 674, 2);
INSERT INTO public.tblingredientnutritionaninformation (amount, ingredient_id, ni_id) VALUES (0.0, 674, 3);
INSERT INTO public.tblingredient (ingredient_id,name) VALUES (675,'Нерка');
INSERT INTO public.tblingredientnutritionaninformation (amount, ingredient_id, ni_id) VALUES (8.4, 675, 1);
INSERT INTO public.tblingredientnutritionaninformation (amount, ingredient_id, ni_id) VALUES (20.3, 675, 2);
INSERT INTO public.tblingredientnutritionaninformation (amount, ingredient_id, ni_id) VALUES (0.0, 675, 3);
INSERT INTO public.tblingredient (ingredient_id,name) VALUES (676,'Нойна (Сахарное яблоко)');
INSERT INTO public.tblingredientnutritionaninformation (amount, ingredient_id, ni_id) VALUES (0.4, 676, 1);
INSERT INTO public.tblingredientnutritionaninformation (amount, ingredient_id, ni_id) VALUES (0.4, 676, 2);
INSERT INTO public.tblingredientnutritionaninformation (amount, ingredient_id, ni_id) VALUES (9.8, 676, 3);
INSERT INTO public.tblingredient (ingredient_id,name) VALUES (677,'Нони');
INSERT INTO public.tblingredientnutritionaninformation (amount, ingredient_id, ni_id) VALUES (0.3, 677, 1);
INSERT INTO public.tblingredientnutritionaninformation (amount, ingredient_id, ni_id) VALUES (0.1, 677, 2);
INSERT INTO public.tblingredientnutritionaninformation (amount, ingredient_id, ni_id) VALUES (10.0, 677, 3);
INSERT INTO public.tblingredient (ingredient_id,name) VALUES (678,'Нототения');
INSERT INTO public.tblingredientnutritionaninformation (amount, ingredient_id, ni_id) VALUES (9.5, 678, 1);
INSERT INTO public.tblingredientnutritionaninformation (amount, ingredient_id, ni_id) VALUES (15.7, 678, 2);
INSERT INTO public.tblingredientnutritionaninformation (amount, ingredient_id, ni_id) VALUES (0.0, 678, 3);
INSERT INTO public.tblingredient (ingredient_id,name) VALUES (679,'Нут');
INSERT INTO public.tblingredientnutritionaninformation (amount, ingredient_id, ni_id) VALUES (6.0, 679, 1);
INSERT INTO public.tblingredientnutritionaninformation (amount, ingredient_id, ni_id) VALUES (19.0, 679, 2);
INSERT INTO public.tblingredientnutritionaninformation (amount, ingredient_id, ni_id) VALUES (61.0, 679, 3);
INSERT INTO public.tblingredient (ingredient_id,name) VALUES (680,'Облепиха');
INSERT INTO public.tblingredientnutritionaninformation (amount, ingredient_id, ni_id) VALUES (5.4, 680, 1);
INSERT INTO public.tblingredientnutritionaninformation (amount, ingredient_id, ni_id) VALUES (1.2, 680, 2);
INSERT INTO public.tblingredientnutritionaninformation (amount, ingredient_id, ni_id) VALUES (5.7, 680, 3);
INSERT INTO public.tblingredient (ingredient_id,name) VALUES (681,'Овсяная крупа');
INSERT INTO public.tblingredientnutritionaninformation (amount, ingredient_id, ni_id) VALUES (6.1, 681, 1);
INSERT INTO public.tblingredientnutritionaninformation (amount, ingredient_id, ni_id) VALUES (12.3, 681, 2);
INSERT INTO public.tblingredientnutritionaninformation (amount, ingredient_id, ni_id) VALUES (59.5, 681, 3);
INSERT INTO public.tblingredient (ingredient_id,name) VALUES (682,'Овсяная манка Гарнец безглютеновая');
INSERT INTO public.tblingredientnutritionaninformation (amount, ingredient_id, ni_id) VALUES (6.1, 682, 1);
INSERT INTO public.tblingredientnutritionaninformation (amount, ingredient_id, ni_id) VALUES (12.3, 682, 2);
INSERT INTO public.tblingredientnutritionaninformation (amount, ingredient_id, ni_id) VALUES (59.5, 682, 3);
INSERT INTO public.tblingredient (ingredient_id,name) VALUES (683,'Овсяные отруби');
INSERT INTO public.tblingredientnutritionaninformation (amount, ingredient_id, ni_id) VALUES (7.7, 683, 1);
INSERT INTO public.tblingredientnutritionaninformation (amount, ingredient_id, ni_id) VALUES (18.0, 683, 2);
INSERT INTO public.tblingredientnutritionaninformation (amount, ingredient_id, ni_id) VALUES (45.3, 683, 3);
INSERT INTO public.tblingredient (ingredient_id,name) VALUES (684,'Овсяные хлопья');
INSERT INTO public.tblingredientnutritionaninformation (amount, ingredient_id, ni_id) VALUES (7.2, 684, 1);
INSERT INTO public.tblingredientnutritionaninformation (amount, ingredient_id, ni_id) VALUES (11.9, 684, 2);
INSERT INTO public.tblingredientnutritionaninformation (amount, ingredient_id, ni_id) VALUES (69.3, 684, 3);
INSERT INTO public.tblingredient (ingredient_id,name) VALUES (685,'Огурец');
INSERT INTO public.tblingredientnutritionaninformation (amount, ingredient_id, ni_id) VALUES (0.1, 685, 1);
INSERT INTO public.tblingredientnutritionaninformation (amount, ingredient_id, ni_id) VALUES (0.8, 685, 2);
INSERT INTO public.tblingredientnutritionaninformation (amount, ingredient_id, ni_id) VALUES (2.8, 685, 3);
INSERT INTO public.tblingredient (ingredient_id,name) VALUES (686,'Огурец маринованный');
INSERT INTO public.tblingredientnutritionaninformation (amount, ingredient_id, ni_id) VALUES (0.0, 686, 1);
INSERT INTO public.tblingredientnutritionaninformation (amount, ingredient_id, ni_id) VALUES (2.8, 686, 2);
INSERT INTO public.tblingredientnutritionaninformation (amount, ingredient_id, ni_id) VALUES (1.3, 686, 3);
INSERT INTO public.tblingredient (ingredient_id,name) VALUES (687,'Огурец солёный');
INSERT INTO public.tblingredientnutritionaninformation (amount, ingredient_id, ni_id) VALUES (0.1, 687, 1);
INSERT INTO public.tblingredientnutritionaninformation (amount, ingredient_id, ni_id) VALUES (0.8, 687, 2);
INSERT INTO public.tblingredientnutritionaninformation (amount, ingredient_id, ni_id) VALUES (1.7, 687, 3);
INSERT INTO public.tblingredient (ingredient_id,name) VALUES (688,'Одуванчик');
INSERT INTO public.tblingredientnutritionaninformation (amount, ingredient_id, ni_id) VALUES (0.7, 688, 1);
INSERT INTO public.tblingredientnutritionaninformation (amount, ingredient_id, ni_id) VALUES (2.7, 688, 2);
INSERT INTO public.tblingredientnutritionaninformation (amount, ingredient_id, ni_id) VALUES (6.7, 688, 3);
INSERT INTO public.tblingredient (ingredient_id,name) VALUES (689,'Окара');
INSERT INTO public.tblingredientnutritionaninformation (amount, ingredient_id, ni_id) VALUES (1.8, 689, 1);
INSERT INTO public.tblingredientnutritionaninformation (amount, ingredient_id, ni_id) VALUES (3.9, 689, 2);
INSERT INTO public.tblingredientnutritionaninformation (amount, ingredient_id, ni_id) VALUES (14.0, 689, 3);
INSERT INTO public.tblingredient (ingredient_id,name) VALUES (690,'Окунь морской свежий');
INSERT INTO public.tblingredientnutritionaninformation (amount, ingredient_id, ni_id) VALUES (1.5, 690, 1);
INSERT INTO public.tblingredientnutritionaninformation (amount, ingredient_id, ni_id) VALUES (15.3, 690, 2);
INSERT INTO public.tblingredientnutritionaninformation (amount, ingredient_id, ni_id) VALUES (0.0, 690, 3);
INSERT INTO public.tblingredient (ingredient_id,name) VALUES (691,'Окунь речной свежий');
INSERT INTO public.tblingredientnutritionaninformation (amount, ingredient_id, ni_id) VALUES (0.9, 691, 1);
INSERT INTO public.tblingredientnutritionaninformation (amount, ingredient_id, ni_id) VALUES (18.5, 691, 2);
INSERT INTO public.tblingredientnutritionaninformation (amount, ingredient_id, ni_id) VALUES (0.0, 691, 3);
INSERT INTO public.tblingredient (ingredient_id,name) VALUES (692,'Оленина');
INSERT INTO public.tblingredientnutritionaninformation (amount, ingredient_id, ni_id) VALUES (8.5, 692, 1);
INSERT INTO public.tblingredientnutritionaninformation (amount, ingredient_id, ni_id) VALUES (19.5, 692, 2);
INSERT INTO public.tblingredientnutritionaninformation (amount, ingredient_id, ni_id) VALUES (0.0, 692, 3);
INSERT INTO public.tblingredient (ingredient_id,name) VALUES (693,'Оливки');
INSERT INTO public.tblingredientnutritionaninformation (amount, ingredient_id, ni_id) VALUES (10.7, 693, 1);
INSERT INTO public.tblingredientnutritionaninformation (amount, ingredient_id, ni_id) VALUES (0.8, 693, 2);
INSERT INTO public.tblingredientnutritionaninformation (amount, ingredient_id, ni_id) VALUES (6.3, 693, 3);
INSERT INTO public.tblingredient (ingredient_id,name) VALUES (694,'Омуль свежий');
INSERT INTO public.tblingredientnutritionaninformation (amount, ingredient_id, ni_id) VALUES (2.0, 694, 1);
INSERT INTO public.tblingredientnutritionaninformation (amount, ingredient_id, ni_id) VALUES (17.5, 694, 2);
INSERT INTO public.tblingredientnutritionaninformation (amount, ingredient_id, ni_id) VALUES (0.0, 694, 3);
INSERT INTO public.tblingredient (ingredient_id,name) VALUES (695,'Опята свежие');
INSERT INTO public.tblingredientnutritionaninformation (amount, ingredient_id, ni_id) VALUES (1.2, 695, 1);
INSERT INTO public.tblingredientnutritionaninformation (amount, ingredient_id, ni_id) VALUES (2.2, 695, 2);
INSERT INTO public.tblingredientnutritionaninformation (amount, ingredient_id, ni_id) VALUES (0.5, 695, 3);
INSERT INTO public.tblingredient (ingredient_id,name) VALUES (696,'Орегано сушеный');
INSERT INTO public.tblingredientnutritionaninformation (amount, ingredient_id, ni_id) VALUES (10.3, 696, 1);
INSERT INTO public.tblingredientnutritionaninformation (amount, ingredient_id, ni_id) VALUES (11.0, 696, 2);
INSERT INTO public.tblingredientnutritionaninformation (amount, ingredient_id, ni_id) VALUES (21.6, 696, 3);
INSERT INTO public.tblingredient (ingredient_id,name) VALUES (697,'Орех кола');
INSERT INTO public.tblingredientnutritionaninformation (amount, ingredient_id, ni_id) VALUES (0.1, 697, 1);
INSERT INTO public.tblingredientnutritionaninformation (amount, ingredient_id, ni_id) VALUES (7.9, 697, 2);
INSERT INTO public.tblingredientnutritionaninformation (amount, ingredient_id, ni_id) VALUES (5.2, 697, 3);
INSERT INTO public.tblingredient (ingredient_id,name) VALUES (698,'Орех кукуи');
INSERT INTO public.tblingredientnutritionaninformation (amount, ingredient_id, ni_id) VALUES (75.8, 698, 1);
INSERT INTO public.tblingredientnutritionaninformation (amount, ingredient_id, ni_id) VALUES (7.9, 698, 2);
INSERT INTO public.tblingredientnutritionaninformation (amount, ingredient_id, ni_id) VALUES (5.2, 698, 3);
INSERT INTO public.tblingredient (ingredient_id,name) VALUES (699,'Орех лещина');
INSERT INTO public.tblingredientnutritionaninformation (amount, ingredient_id, ni_id) VALUES (62.6, 699, 1);
INSERT INTO public.tblingredientnutritionaninformation (amount, ingredient_id, ni_id) VALUES (13.1, 699, 2);
INSERT INTO public.tblingredientnutritionaninformation (amount, ingredient_id, ni_id) VALUES (9.3, 699, 3);
INSERT INTO public.tblingredient (ingredient_id,name) VALUES (700,'Орех макадамия');
INSERT INTO public.tblingredientnutritionaninformation (amount, ingredient_id, ni_id) VALUES (75.8, 700, 1);
INSERT INTO public.tblingredientnutritionaninformation (amount, ingredient_id, ni_id) VALUES (7.9, 700, 2);
INSERT INTO public.tblingredientnutritionaninformation (amount, ingredient_id, ni_id) VALUES (5.2, 700, 3);
INSERT INTO public.tblingredient (ingredient_id,name) VALUES (701,'Орех пекан');
INSERT INTO public.tblingredientnutritionaninformation (amount, ingredient_id, ni_id) VALUES (72.0, 701, 1);
INSERT INTO public.tblingredientnutritionaninformation (amount, ingredient_id, ni_id) VALUES (9.2, 701, 2);
INSERT INTO public.tblingredientnutritionaninformation (amount, ingredient_id, ni_id) VALUES (4.3, 701, 3);
INSERT INTO public.tblingredient (ingredient_id,name) VALUES (702,'Орех пили');
INSERT INTO public.tblingredientnutritionaninformation (amount, ingredient_id, ni_id) VALUES (79.6, 702, 1);
INSERT INTO public.tblingredientnutritionaninformation (amount, ingredient_id, ni_id) VALUES (10.8, 702, 2);
INSERT INTO public.tblingredientnutritionaninformation (amount, ingredient_id, ni_id) VALUES (4.0, 702, 3);
INSERT INTO public.tblingredient (ingredient_id,name) VALUES (703,'Орех сейшельский Коко-де-мер');
INSERT INTO public.tblingredientnutritionaninformation (amount, ingredient_id, ni_id) VALUES (33.5, 703, 1);
INSERT INTO public.tblingredientnutritionaninformation (amount, ingredient_id, ni_id) VALUES (3.3, 703, 2);
INSERT INTO public.tblingredientnutritionaninformation (amount, ingredient_id, ni_id) VALUES (6.2, 703, 3);
INSERT INTO public.tblingredient (ingredient_id,name) VALUES (704,'Орех чилим');
INSERT INTO public.tblingredientnutritionaninformation (amount, ingredient_id, ni_id) VALUES (3.4, 704, 1);
INSERT INTO public.tblingredientnutritionaninformation (amount, ingredient_id, ni_id) VALUES (11.9, 704, 2);
INSERT INTO public.tblingredientnutritionaninformation (amount, ingredient_id, ni_id) VALUES (55.4, 704, 3);
INSERT INTO public.tblingredient (ingredient_id,name) VALUES (705,'Орзо (ризони)');
INSERT INTO public.tblingredientnutritionaninformation (amount, ingredient_id, ni_id) VALUES (1.2, 705, 1);
INSERT INTO public.tblingredientnutritionaninformation (amount, ingredient_id, ni_id) VALUES (12.0, 705, 2);
INSERT INTO public.tblingredientnutritionaninformation (amount, ingredient_id, ni_id) VALUES (71.0, 705, 3);
INSERT INTO public.tblingredient (ingredient_id,name) VALUES (706,'Осётр свежий');
INSERT INTO public.tblingredientnutritionaninformation (amount, ingredient_id, ni_id) VALUES (10.9, 706, 1);
INSERT INTO public.tblingredientnutritionaninformation (amount, ingredient_id, ni_id) VALUES (16.4, 706, 2);
INSERT INTO public.tblingredientnutritionaninformation (amount, ingredient_id, ni_id) VALUES (0.0, 706, 3);
INSERT INTO public.tblingredient (ingredient_id,name) VALUES (707,'Осьминог');
INSERT INTO public.tblingredientnutritionaninformation (amount, ingredient_id, ni_id) VALUES (0.0, 707, 1);
INSERT INTO public.tblingredientnutritionaninformation (amount, ingredient_id, ni_id) VALUES (18.2, 707, 2);
INSERT INTO public.tblingredientnutritionaninformation (amount, ingredient_id, ni_id) VALUES (0.0, 707, 3);
INSERT INTO public.tblingredient (ingredient_id,name) VALUES (708,'Палтус свежий');
INSERT INTO public.tblingredientnutritionaninformation (amount, ingredient_id, ni_id) VALUES (3.0, 708, 1);
INSERT INTO public.tblingredientnutritionaninformation (amount, ingredient_id, ni_id) VALUES (18.9, 708, 2);
INSERT INTO public.tblingredientnutritionaninformation (amount, ingredient_id, ni_id) VALUES (0.0, 708, 3);
INSERT INTO public.tblingredient (ingredient_id,name) VALUES (709,'Пангасиус');
INSERT INTO public.tblingredientnutritionaninformation (amount, ingredient_id, ni_id) VALUES (3.0, 709, 1);
INSERT INTO public.tblingredientnutritionaninformation (amount, ingredient_id, ni_id) VALUES (15.0, 709, 2);
INSERT INTO public.tblingredientnutritionaninformation (amount, ingredient_id, ni_id) VALUES (0.0, 709, 3);
INSERT INTO public.tblingredient (ingredient_id,name) VALUES (710,'Папайя');
INSERT INTO public.tblingredientnutritionaninformation (amount, ingredient_id, ni_id) VALUES (0.1, 710, 1);
INSERT INTO public.tblingredientnutritionaninformation (amount, ingredient_id, ni_id) VALUES (0.6, 710, 2);
INSERT INTO public.tblingredientnutritionaninformation (amount, ingredient_id, ni_id) VALUES (9.2, 710, 3);
INSERT INTO public.tblingredient (ingredient_id,name) VALUES (711,'Папарделле');
INSERT INTO public.tblingredientnutritionaninformation (amount, ingredient_id, ni_id) VALUES (1.1, 711, 1);
INSERT INTO public.tblingredientnutritionaninformation (amount, ingredient_id, ni_id) VALUES (10.0, 711, 2);
INSERT INTO public.tblingredientnutritionaninformation (amount, ingredient_id, ni_id) VALUES (71.5, 711, 3);
INSERT INTO public.tblingredient (ingredient_id,name) VALUES (712,'Паприка сушеная');
INSERT INTO public.tblingredientnutritionaninformation (amount, ingredient_id, ni_id) VALUES (12.8, 712, 1);
INSERT INTO public.tblingredientnutritionaninformation (amount, ingredient_id, ni_id) VALUES (14.1, 712, 2);
INSERT INTO public.tblingredientnutritionaninformation (amount, ingredient_id, ni_id) VALUES (34.0, 712, 3);
INSERT INTO public.tblingredient (ingredient_id,name) VALUES (713,'Пассифлора голубая (Кавалерская звезда)');
INSERT INTO public.tblingredientnutritionaninformation (amount, ingredient_id, ni_id) VALUES (0.4, 713, 1);
INSERT INTO public.tblingredientnutritionaninformation (amount, ingredient_id, ni_id) VALUES (2.4, 713, 2);
INSERT INTO public.tblingredientnutritionaninformation (amount, ingredient_id, ni_id) VALUES (13.4, 713, 3);
INSERT INTO public.tblingredient (ingredient_id,name) VALUES (714,'Паста (Макаронные изделия)');
INSERT INTO public.tblingredientnutritionaninformation (amount, ingredient_id, ni_id) VALUES (1.1, 714, 1);
INSERT INTO public.tblingredientnutritionaninformation (amount, ingredient_id, ni_id) VALUES (10.0, 714, 2);
INSERT INTO public.tblingredientnutritionaninformation (amount, ingredient_id, ni_id) VALUES (71.5, 714, 3);
INSERT INTO public.tblingredient (ingredient_id,name) VALUES (715,'Пастернак');
INSERT INTO public.tblingredientnutritionaninformation (amount, ingredient_id, ni_id) VALUES (0.5, 715, 1);
INSERT INTO public.tblingredientnutritionaninformation (amount, ingredient_id, ni_id) VALUES (1.4, 715, 2);
INSERT INTO public.tblingredientnutritionaninformation (amount, ingredient_id, ni_id) VALUES (9.2, 715, 3);
INSERT INTO public.tblingredient (ingredient_id,name) VALUES (716,'Пастушья сумка');
INSERT INTO public.tblingredientnutritionaninformation (amount, ingredient_id, ni_id) VALUES (0.1, 716, 1);
INSERT INTO public.tblingredientnutritionaninformation (amount, ingredient_id, ni_id) VALUES (0.7, 716, 2);
INSERT INTO public.tblingredientnutritionaninformation (amount, ingredient_id, ni_id) VALUES (5.2, 716, 3);
INSERT INTO public.tblingredient (ingredient_id,name) VALUES (717,'Патиссон');
INSERT INTO public.tblingredientnutritionaninformation (amount, ingredient_id, ni_id) VALUES (0.1, 717, 1);
INSERT INTO public.tblingredientnutritionaninformation (amount, ingredient_id, ni_id) VALUES (0.6, 717, 2);
INSERT INTO public.tblingredientnutritionaninformation (amount, ingredient_id, ni_id) VALUES (4.3, 717, 3);
INSERT INTO public.tblingredient (ingredient_id,name) VALUES (718,'Пахта 0.5%');
INSERT INTO public.tblingredientnutritionaninformation (amount, ingredient_id, ni_id) VALUES (0.5, 718, 1);
INSERT INTO public.tblingredientnutritionaninformation (amount, ingredient_id, ni_id) VALUES (3.4, 718, 2);
INSERT INTO public.tblingredientnutritionaninformation (amount, ingredient_id, ni_id) VALUES (4.7, 718, 3);
INSERT INTO public.tblingredient (ingredient_id,name) VALUES (719,'Пахта 1%');
INSERT INTO public.tblingredientnutritionaninformation (amount, ingredient_id, ni_id) VALUES (1.0, 719, 1);
INSERT INTO public.tblingredientnutritionaninformation (amount, ingredient_id, ni_id) VALUES (3.3, 719, 2);
INSERT INTO public.tblingredientnutritionaninformation (amount, ingredient_id, ni_id) VALUES (4.7, 719, 3);
INSERT INTO public.tblingredient (ingredient_id,name) VALUES (720,'Пачули');
INSERT INTO public.tblingredientnutritionaninformation (amount, ingredient_id, ni_id) VALUES (0.0, 720, 1);
INSERT INTO public.tblingredientnutritionaninformation (amount, ingredient_id, ni_id) VALUES (0.0, 720, 2);
INSERT INTO public.tblingredientnutritionaninformation (amount, ingredient_id, ni_id) VALUES (0.0, 720, 3);
INSERT INTO public.tblingredient (ingredient_id,name) VALUES (721,'Пекмез можжевеловый');
INSERT INTO public.tblingredientnutritionaninformation (amount, ingredient_id, ni_id) VALUES (0.2, 721, 1);
INSERT INTO public.tblingredientnutritionaninformation (amount, ingredient_id, ni_id) VALUES (0.8, 721, 2);
INSERT INTO public.tblingredientnutritionaninformation (amount, ingredient_id, ni_id) VALUES (57.6, 721, 3);
INSERT INTO public.tblingredient (ingredient_id,name) VALUES (722,'Пекмез рожкового дерева');
INSERT INTO public.tblingredientnutritionaninformation (amount, ingredient_id, ni_id) VALUES (0.5, 722, 1);
INSERT INTO public.tblingredientnutritionaninformation (amount, ingredient_id, ni_id) VALUES (3.2, 722, 2);
INSERT INTO public.tblingredientnutritionaninformation (amount, ingredient_id, ni_id) VALUES (59.0, 722, 3);
INSERT INTO public.tblingredient (ingredient_id,name) VALUES (723,'Пекмез финиковый');
INSERT INTO public.tblingredientnutritionaninformation (amount, ingredient_id, ni_id) VALUES (0.5, 723, 1);
INSERT INTO public.tblingredientnutritionaninformation (amount, ingredient_id, ni_id) VALUES (1.1, 723, 2);
INSERT INTO public.tblingredientnutritionaninformation (amount, ingredient_id, ni_id) VALUES (57.0, 723, 3);
INSERT INTO public.tblingredient (ingredient_id,name) VALUES (724,'Пекмез шелковицы');
INSERT INTO public.tblingredientnutritionaninformation (amount, ingredient_id, ni_id) VALUES (0.5, 724, 1);
INSERT INTO public.tblingredientnutritionaninformation (amount, ingredient_id, ni_id) VALUES (1.0, 724, 2);
INSERT INTO public.tblingredientnutritionaninformation (amount, ingredient_id, ni_id) VALUES (61.0, 724, 3);
INSERT INTO public.tblingredient (ingredient_id,name) VALUES (725,'Пектин');
INSERT INTO public.tblingredientnutritionaninformation (amount, ingredient_id, ni_id) VALUES (0.0, 725, 1);
INSERT INTO public.tblingredientnutritionaninformation (amount, ingredient_id, ni_id) VALUES (0.0, 725, 2);
INSERT INTO public.tblingredientnutritionaninformation (amount, ingredient_id, ni_id) VALUES (89.6, 725, 3);
INSERT INTO public.tblingredient (ingredient_id,name) VALUES (726,'Пеламида');
INSERT INTO public.tblingredientnutritionaninformation (amount, ingredient_id, ni_id) VALUES (14.2, 726, 1);
INSERT INTO public.tblingredientnutritionaninformation (amount, ingredient_id, ni_id) VALUES (22.4, 726, 2);
INSERT INTO public.tblingredientnutritionaninformation (amount, ingredient_id, ni_id) VALUES (0.0, 726, 3);
INSERT INTO public.tblingredient (ingredient_id,name) VALUES (727,'Пеленгас');
INSERT INTO public.tblingredientnutritionaninformation (amount, ingredient_id, ni_id) VALUES (5.0, 727, 1);
INSERT INTO public.tblingredientnutritionaninformation (amount, ingredient_id, ni_id) VALUES (18.0, 727, 2);
INSERT INTO public.tblingredientnutritionaninformation (amount, ingredient_id, ni_id) VALUES (0.0, 727, 3);
INSERT INTO public.tblingredient (ingredient_id,name) VALUES (728,'Пенне');
INSERT INTO public.tblingredientnutritionaninformation (amount, ingredient_id, ni_id) VALUES (1.1, 728, 1);
INSERT INTO public.tblingredientnutritionaninformation (amount, ingredient_id, ni_id) VALUES (10.4, 728, 2);
INSERT INTO public.tblingredientnutritionaninformation (amount, ingredient_id, ni_id) VALUES (71.5, 728, 3);
INSERT INTO public.tblingredient (ingredient_id,name) VALUES (729,'Пепино');
INSERT INTO public.tblingredientnutritionaninformation (amount, ingredient_id, ni_id) VALUES (0.0, 729, 1);
INSERT INTO public.tblingredientnutritionaninformation (amount, ingredient_id, ni_id) VALUES (0.0, 729, 2);
INSERT INTO public.tblingredientnutritionaninformation (amount, ingredient_id, ni_id) VALUES (20.0, 729, 3);
INSERT INTO public.tblingredient (ingredient_id,name) VALUES (730,'Перепелка');
INSERT INTO public.tblingredientnutritionaninformation (amount, ingredient_id, ni_id) VALUES (4.5, 730, 1);
INSERT INTO public.tblingredientnutritionaninformation (amount, ingredient_id, ni_id) VALUES (21.8, 730, 2);
INSERT INTO public.tblingredientnutritionaninformation (amount, ingredient_id, ni_id) VALUES (0.0, 730, 3);
INSERT INTO public.tblingredient (ingredient_id,name) VALUES (731,'Перец анчо сушеный');
INSERT INTO public.tblingredientnutritionaninformation (amount, ingredient_id, ni_id) VALUES (8.2, 731, 1);
INSERT INTO public.tblingredientnutritionaninformation (amount, ingredient_id, ni_id) VALUES (11.9, 731, 2);
INSERT INTO public.tblingredientnutritionaninformation (amount, ingredient_id, ni_id) VALUES (29.8, 731, 3);
INSERT INTO public.tblingredient (ingredient_id,name) VALUES (732,'Перец белый');
INSERT INTO public.tblingredientnutritionaninformation (amount, ingredient_id, ni_id) VALUES (2.1, 732, 1);
INSERT INTO public.tblingredientnutritionaninformation (amount, ingredient_id, ni_id) VALUES (10.4, 732, 2);
INSERT INTO public.tblingredientnutritionaninformation (amount, ingredient_id, ni_id) VALUES (42.4, 732, 3);
INSERT INTO public.tblingredient (ingredient_id,name) VALUES (733,'Перец белый молотый');
INSERT INTO public.tblingredientnutritionaninformation (amount, ingredient_id, ni_id) VALUES (2.1, 733, 1);
INSERT INTO public.tblingredientnutritionaninformation (amount, ingredient_id, ni_id) VALUES (10.4, 733, 2);
INSERT INTO public.tblingredientnutritionaninformation (amount, ingredient_id, ni_id) VALUES (42.4, 733, 3);
INSERT INTO public.tblingredient (ingredient_id,name) VALUES (734,'Перец водяной (горец перечный)');
INSERT INTO public.tblingredientnutritionaninformation (amount, ingredient_id, ni_id) VALUES (0.1, 734, 1);
INSERT INTO public.tblingredientnutritionaninformation (amount, ingredient_id, ni_id) VALUES (0.1, 734, 2);
INSERT INTO public.tblingredientnutritionaninformation (amount, ingredient_id, ni_id) VALUES (0.1, 734, 3);
INSERT INTO public.tblingredient (ingredient_id,name) VALUES (735,'Перец длинный чёрный');
INSERT INTO public.tblingredientnutritionaninformation (amount, ingredient_id, ni_id) VALUES (3.2, 735, 1);
INSERT INTO public.tblingredientnutritionaninformation (amount, ingredient_id, ni_id) VALUES (10.9, 735, 2);
INSERT INTO public.tblingredientnutritionaninformation (amount, ingredient_id, ni_id) VALUES (38.3, 735, 3);
INSERT INTO public.tblingredient (ingredient_id,name) VALUES (736,'Перец душистый');
INSERT INTO public.tblingredientnutritionaninformation (amount, ingredient_id, ni_id) VALUES (8.7, 736, 1);
INSERT INTO public.tblingredientnutritionaninformation (amount, ingredient_id, ni_id) VALUES (6.1, 736, 2);
INSERT INTO public.tblingredientnutritionaninformation (amount, ingredient_id, ni_id) VALUES (50.5, 736, 3);
INSERT INTO public.tblingredient (ingredient_id,name) VALUES (737,'Перец зелёный горошек');
INSERT INTO public.tblingredientnutritionaninformation (amount, ingredient_id, ni_id) VALUES (0.2, 737, 1);
INSERT INTO public.tblingredientnutritionaninformation (amount, ingredient_id, ni_id) VALUES (2.0, 737, 2);
INSERT INTO public.tblingredientnutritionaninformation (amount, ingredient_id, ni_id) VALUES (7.9, 737, 3);
INSERT INTO public.tblingredient (ingredient_id,name) VALUES (738,'Перец кайенский');
INSERT INTO public.tblingredientnutritionaninformation (amount, ingredient_id, ni_id) VALUES (0.2, 738, 1);
INSERT INTO public.tblingredientnutritionaninformation (amount, ingredient_id, ni_id) VALUES (0.7, 738, 2);
INSERT INTO public.tblingredientnutritionaninformation (amount, ingredient_id, ni_id) VALUES (9.8, 738, 3);
INSERT INTO public.tblingredient (ingredient_id,name) VALUES (739,'Перец красный молотый');
INSERT INTO public.tblingredientnutritionaninformation (amount, ingredient_id, ni_id) VALUES (0.3, 739, 1);
INSERT INTO public.tblingredientnutritionaninformation (amount, ingredient_id, ni_id) VALUES (0.7, 739, 2);
INSERT INTO public.tblingredientnutritionaninformation (amount, ingredient_id, ni_id) VALUES (4.6, 739, 3);
INSERT INTO public.tblingredient (ingredient_id,name) VALUES (740,'Перец мини');
INSERT INTO public.tblingredientnutritionaninformation (amount, ingredient_id, ni_id) VALUES (0.0, 740, 1);
INSERT INTO public.tblingredientnutritionaninformation (amount, ingredient_id, ni_id) VALUES (1.3, 740, 2);
INSERT INTO public.tblingredientnutritionaninformation (amount, ingredient_id, ni_id) VALUES (5.7, 740, 3);
INSERT INTO public.tblingredient (ingredient_id,name) VALUES (741,'Перец пепперони');
INSERT INTO public.tblingredientnutritionaninformation (amount, ingredient_id, ni_id) VALUES (0.6, 741, 1);
INSERT INTO public.tblingredientnutritionaninformation (amount, ingredient_id, ni_id) VALUES (1.4, 741, 2);
INSERT INTO public.tblingredientnutritionaninformation (amount, ingredient_id, ni_id) VALUES (5.9, 741, 3);
INSERT INTO public.tblingredient (ingredient_id,name) VALUES (742,'Перец пири-пири');
INSERT INTO public.tblingredientnutritionaninformation (amount, ingredient_id, ni_id) VALUES (0.2, 742, 1);
INSERT INTO public.tblingredientnutritionaninformation (amount, ingredient_id, ni_id) VALUES (2.0, 742, 2);
INSERT INTO public.tblingredientnutritionaninformation (amount, ingredient_id, ni_id) VALUES (9.5, 742, 3);
INSERT INTO public.tblingredient (ingredient_id,name) VALUES (743,'Перец Рамиро');
INSERT INTO public.tblingredientnutritionaninformation (amount, ingredient_id, ni_id) VALUES (0.1, 743, 1);
INSERT INTO public.tblingredientnutritionaninformation (amount, ingredient_id, ni_id) VALUES (1.3, 743, 2);
INSERT INTO public.tblingredientnutritionaninformation (amount, ingredient_id, ni_id) VALUES (5.2, 743, 3);
INSERT INTO public.tblingredient (ingredient_id,name) VALUES (744,'Перец ратунда');
INSERT INTO public.tblingredientnutritionaninformation (amount, ingredient_id, ni_id) VALUES (0.1, 744, 1);
INSERT INTO public.tblingredientnutritionaninformation (amount, ingredient_id, ni_id) VALUES (1.3, 744, 2);
INSERT INTO public.tblingredientnutritionaninformation (amount, ingredient_id, ni_id) VALUES (4.9, 744, 3);
INSERT INTO public.tblingredient (ingredient_id,name) VALUES (745,'Перец розовый горошек');
INSERT INTO public.tblingredientnutritionaninformation (amount, ingredient_id, ni_id) VALUES (0.0, 745, 1);
INSERT INTO public.tblingredientnutritionaninformation (amount, ingredient_id, ni_id) VALUES (0.1, 745, 2);
INSERT INTO public.tblingredientnutritionaninformation (amount, ingredient_id, ni_id) VALUES (0.1, 745, 3);
INSERT INTO public.tblingredient (ingredient_id,name) VALUES (746,'Перец серрано');
INSERT INTO public.tblingredientnutritionaninformation (amount, ingredient_id, ni_id) VALUES (0.4, 746, 1);
INSERT INTO public.tblingredientnutritionaninformation (amount, ingredient_id, ni_id) VALUES (1.7, 746, 2);
INSERT INTO public.tblingredientnutritionaninformation (amount, ingredient_id, ni_id) VALUES (3.0, 746, 3);
INSERT INTO public.tblingredient (ingredient_id,name) VALUES (747,'Перец сладкий жёлтый');
INSERT INTO public.tblingredientnutritionaninformation (amount, ingredient_id, ni_id) VALUES (0.0, 747, 1);
INSERT INTO public.tblingredientnutritionaninformation (amount, ingredient_id, ni_id) VALUES (1.3, 747, 2);
INSERT INTO public.tblingredientnutritionaninformation (amount, ingredient_id, ni_id) VALUES (5.3, 747, 3);
INSERT INTO public.tblingredient (ingredient_id,name) VALUES (748,'Перец сладкий зелёный');
INSERT INTO public.tblingredientnutritionaninformation (amount, ingredient_id, ni_id) VALUES (0.0, 748, 1);
INSERT INTO public.tblingredientnutritionaninformation (amount, ingredient_id, ni_id) VALUES (1.3, 748, 2);
INSERT INTO public.tblingredientnutritionaninformation (amount, ingredient_id, ni_id) VALUES (6.9, 748, 3);
INSERT INTO public.tblingredient (ingredient_id,name) VALUES (749,'Перец сладкий красный');
INSERT INTO public.tblingredientnutritionaninformation (amount, ingredient_id, ni_id) VALUES (0.0, 749, 1);
INSERT INTO public.tblingredientnutritionaninformation (amount, ingredient_id, ni_id) VALUES (1.3, 749, 2);
INSERT INTO public.tblingredientnutritionaninformation (amount, ingredient_id, ni_id) VALUES (5.3, 749, 3);
INSERT INTO public.tblingredient (ingredient_id,name) VALUES (750,'Перец хабанеро');
INSERT INTO public.tblingredientnutritionaninformation (amount, ingredient_id, ni_id) VALUES (0.2, 750, 1);
INSERT INTO public.tblingredientnutritionaninformation (amount, ingredient_id, ni_id) VALUES (2.0, 750, 2);
INSERT INTO public.tblingredientnutritionaninformation (amount, ingredient_id, ni_id) VALUES (9.5, 750, 3);
INSERT INTO public.tblingredient (ingredient_id,name) VALUES (751,'Перец халапеньо');
INSERT INTO public.tblingredientnutritionaninformation (amount, ingredient_id, ni_id) VALUES (0.6, 751, 1);
INSERT INTO public.tblingredientnutritionaninformation (amount, ingredient_id, ni_id) VALUES (1.4, 751, 2);
INSERT INTO public.tblingredientnutritionaninformation (amount, ingredient_id, ni_id) VALUES (5.9, 751, 3);
INSERT INTO public.tblingredient (ingredient_id,name) VALUES (752,'Перец чёрный горошек');
INSERT INTO public.tblingredientnutritionaninformation (amount, ingredient_id, ni_id) VALUES (3.0, 752, 1);
INSERT INTO public.tblingredientnutritionaninformation (amount, ingredient_id, ni_id) VALUES (14.7, 752, 2);
INSERT INTO public.tblingredientnutritionaninformation (amount, ingredient_id, ni_id) VALUES (41.6, 752, 3);
INSERT INTO public.tblingredient (ingredient_id,name) VALUES (753,'Перец чёрный молотый');
INSERT INTO public.tblingredientnutritionaninformation (amount, ingredient_id, ni_id) VALUES (3.3, 753, 1);
INSERT INTO public.tblingredientnutritionaninformation (amount, ingredient_id, ni_id) VALUES (10.4, 753, 2);
INSERT INTO public.tblingredientnutritionaninformation (amount, ingredient_id, ni_id) VALUES (38.7, 753, 3);
INSERT INTO public.tblingredient (ingredient_id,name) VALUES (754,'Перец чили');
INSERT INTO public.tblingredientnutritionaninformation (amount, ingredient_id, ni_id) VALUES (0.2, 754, 1);
INSERT INTO public.tblingredientnutritionaninformation (amount, ingredient_id, ni_id) VALUES (2.0, 754, 2);
INSERT INTO public.tblingredientnutritionaninformation (amount, ingredient_id, ni_id) VALUES (9.5, 754, 3);
INSERT INTO public.tblingredient (ingredient_id,name) VALUES (755,'Перец чипотле');
INSERT INTO public.tblingredientnutritionaninformation (amount, ingredient_id, ni_id) VALUES (8.2, 755, 1);
INSERT INTO public.tblingredientnutritionaninformation (amount, ingredient_id, ni_id) VALUES (11.9, 755, 2);
INSERT INTO public.tblingredientnutritionaninformation (amount, ingredient_id, ni_id) VALUES (29.8, 755, 3);
INSERT INTO public.tblingredient (ingredient_id,name) VALUES (756,'Перец японский (сычуанский, китайский)');
INSERT INTO public.tblingredientnutritionaninformation (amount, ingredient_id, ni_id) VALUES (2.1, 756, 1);
INSERT INTO public.tblingredientnutritionaninformation (amount, ingredient_id, ni_id) VALUES (10.4, 756, 2);
INSERT INTO public.tblingredientnutritionaninformation (amount, ingredient_id, ni_id) VALUES (42.4, 756, 3);
INSERT INTO public.tblingredient (ingredient_id,name) VALUES (757,'Перилла');
INSERT INTO public.tblingredientnutritionaninformation (amount, ingredient_id, ni_id) VALUES (0.0, 757, 1);
INSERT INTO public.tblingredientnutritionaninformation (amount, ingredient_id, ni_id) VALUES (0.0, 757, 2);
INSERT INTO public.tblingredientnutritionaninformation (amount, ingredient_id, ni_id) VALUES (0.0, 757, 3);
INSERT INTO public.tblingredient (ingredient_id,name) VALUES (758,'Перловая крупа');
INSERT INTO public.tblingredientnutritionaninformation (amount, ingredient_id, ni_id) VALUES (1.1, 758, 1);
INSERT INTO public.tblingredientnutritionaninformation (amount, ingredient_id, ni_id) VALUES (9.3, 758, 2);
INSERT INTO public.tblingredientnutritionaninformation (amount, ingredient_id, ni_id) VALUES (73.7, 758, 3);
INSERT INTO public.tblingredient (ingredient_id,name) VALUES (759,'Персик');
INSERT INTO public.tblingredientnutritionaninformation (amount, ingredient_id, ni_id) VALUES (0.1, 759, 1);
INSERT INTO public.tblingredientnutritionaninformation (amount, ingredient_id, ni_id) VALUES (0.9, 759, 2);
INSERT INTO public.tblingredientnutritionaninformation (amount, ingredient_id, ni_id) VALUES (11.3, 759, 3);
INSERT INTO public.tblingredient (ingredient_id,name) VALUES (760,'Петрушка');
INSERT INTO public.tblingredientnutritionaninformation (amount, ingredient_id, ni_id) VALUES (0.4, 760, 1);
INSERT INTO public.tblingredientnutritionaninformation (amount, ingredient_id, ni_id) VALUES (3.7, 760, 2);
INSERT INTO public.tblingredientnutritionaninformation (amount, ingredient_id, ni_id) VALUES (7.6, 760, 3);
INSERT INTO public.tblingredient (ingredient_id,name) VALUES (761,'Петрушка (корень)');
INSERT INTO public.tblingredientnutritionaninformation (amount, ingredient_id, ni_id) VALUES (0.6, 761, 1);
INSERT INTO public.tblingredientnutritionaninformation (amount, ingredient_id, ni_id) VALUES (1.5, 761, 2);
INSERT INTO public.tblingredientnutritionaninformation (amount, ingredient_id, ni_id) VALUES (10.1, 761, 3);
INSERT INTO public.tblingredient (ingredient_id,name) VALUES (762,'Петрушка сушеная');
INSERT INTO public.tblingredientnutritionaninformation (amount, ingredient_id, ni_id) VALUES (4.4, 762, 1);
INSERT INTO public.tblingredientnutritionaninformation (amount, ingredient_id, ni_id) VALUES (22.4, 762, 2);
INSERT INTO public.tblingredientnutritionaninformation (amount, ingredient_id, ni_id) VALUES (21.2, 762, 3);
INSERT INTO public.tblingredient (ingredient_id,name) VALUES (763,'Пикша');
INSERT INTO public.tblingredientnutritionaninformation (amount, ingredient_id, ni_id) VALUES (0.2, 763, 1);
INSERT INTO public.tblingredientnutritionaninformation (amount, ingredient_id, ni_id) VALUES (17.2, 763, 2);
INSERT INTO public.tblingredientnutritionaninformation (amount, ingredient_id, ni_id) VALUES (0.0, 763, 3);
INSERT INTO public.tblingredient (ingredient_id,name) VALUES (764,'Пита');
INSERT INTO public.tblingredientnutritionaninformation (amount, ingredient_id, ni_id) VALUES (0.8, 764, 1);
INSERT INTO public.tblingredientnutritionaninformation (amount, ingredient_id, ni_id) VALUES (7.4, 764, 2);
INSERT INTO public.tblingredientnutritionaninformation (amount, ingredient_id, ni_id) VALUES (49.9, 764, 3);
INSERT INTO public.tblingredient (ingredient_id,name) VALUES (765,'Питайя');
INSERT INTO public.tblingredientnutritionaninformation (amount, ingredient_id, ni_id) VALUES (0.3, 765, 1);
INSERT INTO public.tblingredientnutritionaninformation (amount, ingredient_id, ni_id) VALUES (0.5, 765, 2);
INSERT INTO public.tblingredientnutritionaninformation (amount, ingredient_id, ni_id) VALUES (12.0, 765, 3);
INSERT INTO public.tblingredient (ingredient_id,name) VALUES (766,'Пишмание');
INSERT INTO public.tblingredientnutritionaninformation (amount, ingredient_id, ni_id) VALUES (12.0, 766, 1);
INSERT INTO public.tblingredientnutritionaninformation (amount, ingredient_id, ni_id) VALUES (3.3, 766, 2);
INSERT INTO public.tblingredientnutritionaninformation (amount, ingredient_id, ni_id) VALUES (83.3, 766, 3);
INSERT INTO public.tblingredient (ingredient_id,name) VALUES (767,'Плоды дерева ши (карите)');
INSERT INTO public.tblingredientnutritionaninformation (amount, ingredient_id, ni_id) VALUES (0.0, 767, 1);
INSERT INTO public.tblingredientnutritionaninformation (amount, ingredient_id, ni_id) VALUES (0.0, 767, 2);
INSERT INTO public.tblingredientnutritionaninformation (amount, ingredient_id, ni_id) VALUES (0.0, 767, 3);
INSERT INTO public.tblingredient (ingredient_id,name) VALUES (768,'Плотва свежая');
INSERT INTO public.tblingredientnutritionaninformation (amount, ingredient_id, ni_id) VALUES (2.0, 768, 1);
INSERT INTO public.tblingredientnutritionaninformation (amount, ingredient_id, ni_id) VALUES (17.5, 768, 2);
INSERT INTO public.tblingredientnutritionaninformation (amount, ingredient_id, ni_id) VALUES (0.0, 768, 3);
INSERT INTO public.tblingredient (ingredient_id,name) VALUES (769,'Плуот');
INSERT INTO public.tblingredientnutritionaninformation (amount, ingredient_id, ni_id) VALUES (0.1, 769, 1);
INSERT INTO public.tblingredientnutritionaninformation (amount, ingredient_id, ni_id) VALUES (1.2, 769, 2);
INSERT INTO public.tblingredientnutritionaninformation (amount, ingredient_id, ni_id) VALUES (11.0, 769, 3);
INSERT INTO public.tblingredient (ingredient_id,name) VALUES (770,'Подберёзовики свежие');
INSERT INTO public.tblingredientnutritionaninformation (amount, ingredient_id, ni_id) VALUES (0.9, 770, 1);
INSERT INTO public.tblingredientnutritionaninformation (amount, ingredient_id, ni_id) VALUES (2.3, 770, 2);
INSERT INTO public.tblingredientnutritionaninformation (amount, ingredient_id, ni_id) VALUES (3.7, 770, 3);
INSERT INTO public.tblingredient (ingredient_id,name) VALUES (771,'Подберёзовики сушёные');
INSERT INTO public.tblingredientnutritionaninformation (amount, ingredient_id, ni_id) VALUES (9.2, 771, 1);
INSERT INTO public.tblingredientnutritionaninformation (amount, ingredient_id, ni_id) VALUES (23.5, 771, 2);
INSERT INTO public.tblingredientnutritionaninformation (amount, ingredient_id, ni_id) VALUES (14.3, 771, 3);
INSERT INTO public.tblingredient (ingredient_id,name) VALUES (772,'Подорожник');
INSERT INTO public.tblingredientnutritionaninformation (amount, ingredient_id, ni_id) VALUES (0.1, 772, 1);
INSERT INTO public.tblingredientnutritionaninformation (amount, ingredient_id, ni_id) VALUES (0.4, 772, 2);
INSERT INTO public.tblingredientnutritionaninformation (amount, ingredient_id, ni_id) VALUES (7.0, 772, 3);
INSERT INTO public.tblingredient (ingredient_id,name) VALUES (773,'Подосиновики свежие');
INSERT INTO public.tblingredientnutritionaninformation (amount, ingredient_id, ni_id) VALUES (0.5, 773, 1);
INSERT INTO public.tblingredientnutritionaninformation (amount, ingredient_id, ni_id) VALUES (3.3, 773, 2);
INSERT INTO public.tblingredientnutritionaninformation (amount, ingredient_id, ni_id) VALUES (3.7, 773, 3);
INSERT INTO public.tblingredient (ingredient_id,name) VALUES (774,'Подосиновики сушёные');
INSERT INTO public.tblingredientnutritionaninformation (amount, ingredient_id, ni_id) VALUES (5.4, 774, 1);
INSERT INTO public.tblingredientnutritionaninformation (amount, ingredient_id, ni_id) VALUES (35.4, 774, 2);
INSERT INTO public.tblingredientnutritionaninformation (amount, ingredient_id, ni_id) VALUES (33.2, 774, 3);
INSERT INTO public.tblingredient (ingredient_id,name) VALUES (775,'Полба');
INSERT INTO public.tblingredientnutritionaninformation (amount, ingredient_id, ni_id) VALUES (2.2, 775, 1);
INSERT INTO public.tblingredientnutritionaninformation (amount, ingredient_id, ni_id) VALUES (14.7, 775, 2);
INSERT INTO public.tblingredientnutritionaninformation (amount, ingredient_id, ni_id) VALUES (61.2, 775, 3);
INSERT INTO public.tblingredient (ingredient_id,name) VALUES (776,'Полынь');
INSERT INTO public.tblingredientnutritionaninformation (amount, ingredient_id, ni_id) VALUES (0.0, 776, 1);
INSERT INTO public.tblingredientnutritionaninformation (amount, ingredient_id, ni_id) VALUES (1.5, 776, 2);
INSERT INTO public.tblingredientnutritionaninformation (amount, ingredient_id, ni_id) VALUES (5.0, 776, 3);
INSERT INTO public.tblingredient (ingredient_id,name) VALUES (777,'Польский гриб');
INSERT INTO public.tblingredientnutritionaninformation (amount, ingredient_id, ni_id) VALUES (0.7, 777, 1);
INSERT INTO public.tblingredientnutritionaninformation (amount, ingredient_id, ni_id) VALUES (1.7, 777, 2);
INSERT INTO public.tblingredientnutritionaninformation (amount, ingredient_id, ni_id) VALUES (1.5, 777, 3);
INSERT INTO public.tblingredient (ingredient_id,name) VALUES (778,'Помело');
INSERT INTO public.tblingredientnutritionaninformation (amount, ingredient_id, ni_id) VALUES (0.2, 778, 1);
INSERT INTO public.tblingredientnutritionaninformation (amount, ingredient_id, ni_id) VALUES (0.6, 778, 2);
INSERT INTO public.tblingredientnutritionaninformation (amount, ingredient_id, ni_id) VALUES (6.7, 778, 3);
INSERT INTO public.tblingredient (ingredient_id,name) VALUES (779,'Поросенок молочный');
INSERT INTO public.tblingredientnutritionaninformation (amount, ingredient_id, ni_id) VALUES (3.0, 779, 1);
INSERT INTO public.tblingredientnutritionaninformation (amount, ingredient_id, ni_id) VALUES (20.6, 779, 2);
INSERT INTO public.tblingredientnutritionaninformation (amount, ingredient_id, ni_id) VALUES (0.0, 779, 3);
INSERT INTO public.tblingredient (ingredient_id,name) VALUES (780,'Портвейн');
INSERT INTO public.tblingredientnutritionaninformation (amount, ingredient_id, ni_id) VALUES (0.0, 780, 1);
INSERT INTO public.tblingredientnutritionaninformation (amount, ingredient_id, ni_id) VALUES (0.4, 780, 2);
INSERT INTO public.tblingredientnutritionaninformation (amount, ingredient_id, ni_id) VALUES (12.0, 780, 3);
INSERT INTO public.tblingredient (ingredient_id,name) VALUES (781,'Портобелло свежие');
INSERT INTO public.tblingredientnutritionaninformation (amount, ingredient_id, ni_id) VALUES (0.2, 781, 1);
INSERT INTO public.tblingredientnutritionaninformation (amount, ingredient_id, ni_id) VALUES (2.5, 781, 2);
INSERT INTO public.tblingredientnutritionaninformation (amount, ingredient_id, ni_id) VALUES (3.6, 781, 3);
INSERT INTO public.tblingredient (ingredient_id,name) VALUES (782,'Портулак');
INSERT INTO public.tblingredientnutritionaninformation (amount, ingredient_id, ni_id) VALUES (0.1, 782, 1);
INSERT INTO public.tblingredientnutritionaninformation (amount, ingredient_id, ni_id) VALUES (1.3, 782, 2);
INSERT INTO public.tblingredientnutritionaninformation (amount, ingredient_id, ni_id) VALUES (3.4, 782, 3);
INSERT INTO public.tblingredient (ingredient_id,name) VALUES (783,'Простокваша 0.1%');
INSERT INTO public.tblingredientnutritionaninformation (amount, ingredient_id, ni_id) VALUES (0.1, 783, 1);
INSERT INTO public.tblingredientnutritionaninformation (amount, ingredient_id, ni_id) VALUES (3.0, 783, 2);
INSERT INTO public.tblingredientnutritionaninformation (amount, ingredient_id, ni_id) VALUES (3.8, 783, 3);
INSERT INTO public.tblingredient (ingredient_id,name) VALUES (784,'Простокваша 1%');
INSERT INTO public.tblingredientnutritionaninformation (amount, ingredient_id, ni_id) VALUES (1.0, 784, 1);
INSERT INTO public.tblingredientnutritionaninformation (amount, ingredient_id, ni_id) VALUES (3.0, 784, 2);
INSERT INTO public.tblingredientnutritionaninformation (amount, ingredient_id, ni_id) VALUES (4.1, 784, 3);
INSERT INTO public.tblingredient (ingredient_id,name) VALUES (785,'Простокваша 2.5%');
INSERT INTO public.tblingredientnutritionaninformation (amount, ingredient_id, ni_id) VALUES (2.5, 785, 1);
INSERT INTO public.tblingredientnutritionaninformation (amount, ingredient_id, ni_id) VALUES (2.9, 785, 2);
INSERT INTO public.tblingredientnutritionaninformation (amount, ingredient_id, ni_id) VALUES (4.1, 785, 3);
INSERT INTO public.tblingredient (ingredient_id,name) VALUES (786,'Простокваша 3.2%');
INSERT INTO public.tblingredientnutritionaninformation (amount, ingredient_id, ni_id) VALUES (3.2, 786, 1);
INSERT INTO public.tblingredientnutritionaninformation (amount, ingredient_id, ni_id) VALUES (2.8, 786, 2);
INSERT INTO public.tblingredientnutritionaninformation (amount, ingredient_id, ni_id) VALUES (4.1, 786, 3);
INSERT INTO public.tblingredient (ingredient_id,name) VALUES (787,'Простокваша Останкинская 2.5%');
INSERT INTO public.tblingredientnutritionaninformation (amount, ingredient_id, ni_id) VALUES (2.5, 787, 1);
INSERT INTO public.tblingredientnutritionaninformation (amount, ingredient_id, ni_id) VALUES (2.8, 787, 2);
INSERT INTO public.tblingredientnutritionaninformation (amount, ingredient_id, ni_id) VALUES (4.2, 787, 3);
INSERT INTO public.tblingredient (ingredient_id,name) VALUES (788,'Прошутто');
INSERT INTO public.tblingredientnutritionaninformation (amount, ingredient_id, ni_id) VALUES (20.9, 788, 1);
INSERT INTO public.tblingredientnutritionaninformation (amount, ingredient_id, ni_id) VALUES (22.6, 788, 2);
INSERT INTO public.tblingredientnutritionaninformation (amount, ingredient_id, ni_id) VALUES (0.0, 788, 3);
INSERT INTO public.tblingredient (ingredient_id,name) VALUES (789,'Псиллиум');
INSERT INTO public.tblingredientnutritionaninformation (amount, ingredient_id, ni_id) VALUES (0.1, 789, 1);
INSERT INTO public.tblingredientnutritionaninformation (amount, ingredient_id, ni_id) VALUES (2.9, 789, 2);
INSERT INTO public.tblingredientnutritionaninformation (amount, ingredient_id, ni_id) VALUES (7.3, 789, 3);
INSERT INTO public.tblingredient (ingredient_id,name) VALUES (790,'Путассу');
INSERT INTO public.tblingredientnutritionaninformation (amount, ingredient_id, ni_id) VALUES (0.9, 790, 1);
INSERT INTO public.tblingredientnutritionaninformation (amount, ingredient_id, ni_id) VALUES (16.1, 790, 2);
INSERT INTO public.tblingredientnutritionaninformation (amount, ingredient_id, ni_id) VALUES (0.0, 790, 3);
INSERT INTO public.tblingredient (ingredient_id,name) VALUES (791,'Пчелиная пыльца');
INSERT INTO public.tblingredientnutritionaninformation (amount, ingredient_id, ni_id) VALUES (0.8, 791, 1);
INSERT INTO public.tblingredientnutritionaninformation (amount, ingredient_id, ni_id) VALUES (12.9, 791, 2);
INSERT INTO public.tblingredientnutritionaninformation (amount, ingredient_id, ni_id) VALUES (38.7, 791, 3);
INSERT INTO public.tblingredient (ingredient_id,name) VALUES (792,'Пшеница пророщенная');
INSERT INTO public.tblingredientnutritionaninformation (amount, ingredient_id, ni_id) VALUES (1.3, 792, 1);
INSERT INTO public.tblingredientnutritionaninformation (amount, ingredient_id, ni_id) VALUES (7.5, 792, 2);
INSERT INTO public.tblingredientnutritionaninformation (amount, ingredient_id, ni_id) VALUES (41.4, 792, 3);
INSERT INTO public.tblingredient (ingredient_id,name) VALUES (793,'Пшеничная крупа');
INSERT INTO public.tblingredientnutritionaninformation (amount, ingredient_id, ni_id) VALUES (1.3, 793, 1);
INSERT INTO public.tblingredientnutritionaninformation (amount, ingredient_id, ni_id) VALUES (11.5, 793, 2);
INSERT INTO public.tblingredientnutritionaninformation (amount, ingredient_id, ni_id) VALUES (62.0, 793, 3);
INSERT INTO public.tblingredient (ingredient_id,name) VALUES (794,'Пшеничные отруби');
INSERT INTO public.tblingredientnutritionaninformation (amount, ingredient_id, ni_id) VALUES (4.1, 794, 1);
INSERT INTO public.tblingredientnutritionaninformation (amount, ingredient_id, ni_id) VALUES (14.7, 794, 2);
INSERT INTO public.tblingredientnutritionaninformation (amount, ingredient_id, ni_id) VALUES (20.6, 794, 3);
INSERT INTO public.tblingredient (ingredient_id,name) VALUES (795,'Пшеничные хлопья');
INSERT INTO public.tblingredientnutritionaninformation (amount, ingredient_id, ni_id) VALUES (1.0, 795, 1);
INSERT INTO public.tblingredientnutritionaninformation (amount, ingredient_id, ni_id) VALUES (16.0, 795, 2);
INSERT INTO public.tblingredientnutritionaninformation (amount, ingredient_id, ni_id) VALUES (70.0, 795, 3);
INSERT INTO public.tblingredient (ingredient_id,name) VALUES (796,'Пшенная крупа');
INSERT INTO public.tblingredientnutritionaninformation (amount, ingredient_id, ni_id) VALUES (3.3, 796, 1);
INSERT INTO public.tblingredientnutritionaninformation (amount, ingredient_id, ni_id) VALUES (11.5, 796, 2);
INSERT INTO public.tblingredientnutritionaninformation (amount, ingredient_id, ni_id) VALUES (69.3, 796, 3);
INSERT INTO public.tblingredient (ingredient_id,name) VALUES (797,'Рис белый');
INSERT INTO public.tblingredientnutritionaninformation (amount, ingredient_id, ni_id) VALUES (0.7, 797, 1);
INSERT INTO public.tblingredientnutritionaninformation (amount, ingredient_id, ni_id) VALUES (6.7, 797, 2);
INSERT INTO public.tblingredientnutritionaninformation (amount, ingredient_id, ni_id) VALUES (78.9, 797, 3);
INSERT INTO public.tblingredient (ingredient_id,name) VALUES (798,'Рис бурый');
INSERT INTO public.tblingredientnutritionaninformation (amount, ingredient_id, ni_id) VALUES (1.8, 798, 1);
INSERT INTO public.tblingredientnutritionaninformation (amount, ingredient_id, ni_id) VALUES (7.4, 798, 2);
INSERT INTO public.tblingredientnutritionaninformation (amount, ingredient_id, ni_id) VALUES (72.9, 798, 3);
INSERT INTO public.tblingredient (ingredient_id,name) VALUES (799,'Рис дикий чёрный');
INSERT INTO public.tblingredientnutritionaninformation (amount, ingredient_id, ni_id) VALUES (0.4, 799, 1);
INSERT INTO public.tblingredientnutritionaninformation (amount, ingredient_id, ni_id) VALUES (4.1, 799, 2);
INSERT INTO public.tblingredientnutritionaninformation (amount, ingredient_id, ni_id) VALUES (21.0, 799, 3);
INSERT INTO public.tblingredient (ingredient_id,name) VALUES (800,'Рис длиннозерный');
INSERT INTO public.tblingredientnutritionaninformation (amount, ingredient_id, ni_id) VALUES (0.7, 800, 1);
INSERT INTO public.tblingredientnutritionaninformation (amount, ingredient_id, ni_id) VALUES (7.1, 800, 2);
INSERT INTO public.tblingredientnutritionaninformation (amount, ingredient_id, ni_id) VALUES (78.0, 800, 3);
INSERT INTO public.tblingredient (ingredient_id,name) VALUES (801,'Рис золотистый');
INSERT INTO public.tblingredientnutritionaninformation (amount, ingredient_id, ni_id) VALUES (0.4, 801, 1);
INSERT INTO public.tblingredientnutritionaninformation (amount, ingredient_id, ni_id) VALUES (8.1, 801, 2);
INSERT INTO public.tblingredientnutritionaninformation (amount, ingredient_id, ni_id) VALUES (78.0, 801, 3);
INSERT INTO public.tblingredient (ingredient_id,name) VALUES (802,'Рис коричневый');
INSERT INTO public.tblingredientnutritionaninformation (amount, ingredient_id, ni_id) VALUES (4.4, 802, 1);
INSERT INTO public.tblingredientnutritionaninformation (amount, ingredient_id, ni_id) VALUES (6.3, 802, 2);
INSERT INTO public.tblingredientnutritionaninformation (amount, ingredient_id, ni_id) VALUES (65.1, 802, 3);
INSERT INTO public.tblingredient (ingredient_id,name) VALUES (803,'Рис красный нешлифованный');
INSERT INTO public.tblingredientnutritionaninformation (amount, ingredient_id, ni_id) VALUES (2.5, 803, 1);
INSERT INTO public.tblingredientnutritionaninformation (amount, ingredient_id, ni_id) VALUES (10.5, 803, 2);
INSERT INTO public.tblingredientnutritionaninformation (amount, ingredient_id, ni_id) VALUES (70.5, 803, 3);
INSERT INTO public.tblingredient (ingredient_id,name) VALUES (804,'Рис круглозерный шлифованный');
INSERT INTO public.tblingredientnutritionaninformation (amount, ingredient_id, ni_id) VALUES (0.4, 804, 1);
INSERT INTO public.tblingredientnutritionaninformation (amount, ingredient_id, ni_id) VALUES (0.1, 804, 2);
INSERT INTO public.tblingredientnutritionaninformation (amount, ingredient_id, ni_id) VALUES (79.0, 804, 3);
INSERT INTO public.tblingredient (ingredient_id,name) VALUES (805,'Рисовая бумага');
INSERT INTO public.tblingredientnutritionaninformation (amount, ingredient_id, ni_id) VALUES (0.0, 805, 1);
INSERT INTO public.tblingredientnutritionaninformation (amount, ingredient_id, ni_id) VALUES (5.8, 805, 2);
INSERT INTO public.tblingredientnutritionaninformation (amount, ingredient_id, ni_id) VALUES (77.0, 805, 3);
INSERT INTO public.tblingredient (ingredient_id,name) VALUES (806,'Рисовые отруби');
INSERT INTO public.tblingredientnutritionaninformation (amount, ingredient_id, ni_id) VALUES (20.9, 806, 1);
INSERT INTO public.tblingredientnutritionaninformation (amount, ingredient_id, ni_id) VALUES (13.4, 806, 2);
INSERT INTO public.tblingredientnutritionaninformation (amount, ingredient_id, ni_id) VALUES (28.9, 806, 3);
INSERT INTO public.tblingredient (ingredient_id,name) VALUES (807,'Рисовые хлопья');
INSERT INTO public.tblingredientnutritionaninformation (amount, ingredient_id, ni_id) VALUES (2.0, 807, 1);
INSERT INTO public.tblingredientnutritionaninformation (amount, ingredient_id, ni_id) VALUES (7.0, 807, 2);
INSERT INTO public.tblingredientnutritionaninformation (amount, ingredient_id, ni_id) VALUES (77.0, 807, 3);
INSERT INTO public.tblingredient (ingredient_id,name) VALUES (808,'Рожки Myllyn Paras');
INSERT INTO public.tblingredientnutritionaninformation (amount, ingredient_id, ni_id) VALUES (1.1, 808, 1);
INSERT INTO public.tblingredientnutritionaninformation (amount, ingredient_id, ni_id) VALUES (10.4, 808, 2);
INSERT INTO public.tblingredientnutritionaninformation (amount, ingredient_id, ni_id) VALUES (71.5, 808, 3);
INSERT INTO public.tblingredient (ingredient_id,name) VALUES (809,'Рожь (зерна)');
INSERT INTO public.tblingredientnutritionaninformation (amount, ingredient_id, ni_id) VALUES (2.2, 809, 1);
INSERT INTO public.tblingredientnutritionaninformation (amount, ingredient_id, ni_id) VALUES (9.9, 809, 2);
INSERT INTO public.tblingredientnutritionaninformation (amount, ingredient_id, ni_id) VALUES (55.8, 809, 3);
INSERT INTO public.tblingredient (ingredient_id,name) VALUES (810,'Розмарин');
INSERT INTO public.tblingredientnutritionaninformation (amount, ingredient_id, ni_id) VALUES (5.9, 810, 1);
INSERT INTO public.tblingredientnutritionaninformation (amount, ingredient_id, ni_id) VALUES (3.3, 810, 2);
INSERT INTO public.tblingredientnutritionaninformation (amount, ingredient_id, ni_id) VALUES (20.7, 810, 3);
INSERT INTO public.tblingredient (ingredient_id,name) VALUES (811,'Розмарин сушеный');
INSERT INTO public.tblingredientnutritionaninformation (amount, ingredient_id, ni_id) VALUES (15.2, 811, 1);
INSERT INTO public.tblingredientnutritionaninformation (amount, ingredient_id, ni_id) VALUES (4.8, 811, 2);
INSERT INTO public.tblingredientnutritionaninformation (amount, ingredient_id, ni_id) VALUES (64.0, 811, 3);
INSERT INTO public.tblingredient (ingredient_id,name) VALUES (812,'Розовая эссенция');
INSERT INTO public.tblingredientnutritionaninformation (amount, ingredient_id, ni_id) VALUES (0.0, 812, 1);
INSERT INTO public.tblingredientnutritionaninformation (amount, ingredient_id, ni_id) VALUES (0.0, 812, 2);
INSERT INTO public.tblingredientnutritionaninformation (amount, ingredient_id, ni_id) VALUES (0.0, 812, 3);
INSERT INTO public.tblingredient (ingredient_id,name) VALUES (813,'Ром');
INSERT INTO public.tblingredientnutritionaninformation (amount, ingredient_id, ni_id) VALUES (0.0, 813, 1);
INSERT INTO public.tblingredientnutritionaninformation (amount, ingredient_id, ni_id) VALUES (0.0, 813, 2);
INSERT INTO public.tblingredientnutritionaninformation (amount, ingredient_id, ni_id) VALUES (0.0, 813, 3);
INSERT INTO public.tblingredient (ingredient_id,name) VALUES (814,'Ромовая эссенция');
INSERT INTO public.tblingredientnutritionaninformation (amount, ingredient_id, ni_id) VALUES (0.0, 814, 1);
INSERT INTO public.tblingredientnutritionaninformation (amount, ingredient_id, ni_id) VALUES (0.0, 814, 2);
INSERT INTO public.tblingredientnutritionaninformation (amount, ingredient_id, ni_id) VALUES (0.4, 814, 3);
INSERT INTO public.tblingredient (ingredient_id,name) VALUES (815,'Ротан');
INSERT INTO public.tblingredientnutritionaninformation (amount, ingredient_id, ni_id) VALUES (2.0, 815, 1);
INSERT INTO public.tblingredientnutritionaninformation (amount, ingredient_id, ni_id) VALUES (17.5, 815, 2);
INSERT INTO public.tblingredientnutritionaninformation (amount, ingredient_id, ni_id) VALUES (0.0, 815, 3);
INSERT INTO public.tblingredient (ingredient_id,name) VALUES (816,'Руккола');
INSERT INTO public.tblingredientnutritionaninformation (amount, ingredient_id, ni_id) VALUES (0.7, 816, 1);
INSERT INTO public.tblingredientnutritionaninformation (amount, ingredient_id, ni_id) VALUES (2.6, 816, 2);
INSERT INTO public.tblingredientnutritionaninformation (amount, ingredient_id, ni_id) VALUES (2.1, 816, 3);
INSERT INTO public.tblingredient (ingredient_id,name) VALUES (817,'Рыба-попугай');
INSERT INTO public.tblingredientnutritionaninformation (amount, ingredient_id, ni_id) VALUES (24.0, 817, 1);
INSERT INTO public.tblingredientnutritionaninformation (amount, ingredient_id, ni_id) VALUES (18.7, 817, 2);
INSERT INTO public.tblingredientnutritionaninformation (amount, ingredient_id, ni_id) VALUES (0.0, 817, 3);
INSERT INTO public.tblingredient (ingredient_id,name) VALUES (818,'Рыба-сабля');
INSERT INTO public.tblingredientnutritionaninformation (amount, ingredient_id, ni_id) VALUES (3.2, 818, 1);
INSERT INTO public.tblingredientnutritionaninformation (amount, ingredient_id, ni_id) VALUES (19.3, 818, 2);
INSERT INTO public.tblingredientnutritionaninformation (amount, ingredient_id, ni_id) VALUES (0.0, 818, 3);
INSERT INTO public.tblingredient (ingredient_id,name) VALUES (819,'Рыбец');
INSERT INTO public.tblingredientnutritionaninformation (amount, ingredient_id, ni_id) VALUES (2.0, 819, 1);
INSERT INTO public.tblingredientnutritionaninformation (amount, ingredient_id, ni_id) VALUES (17.5, 819, 2);
INSERT INTO public.tblingredientnutritionaninformation (amount, ingredient_id, ni_id) VALUES (0.0, 819, 3);
INSERT INTO public.tblingredient (ingredient_id,name) VALUES (820,'Рыжики свежие');
INSERT INTO public.tblingredientnutritionaninformation (amount, ingredient_id, ni_id) VALUES (0.8, 820, 1);
INSERT INTO public.tblingredientnutritionaninformation (amount, ingredient_id, ni_id) VALUES (1.9, 820, 2);
INSERT INTO public.tblingredientnutritionaninformation (amount, ingredient_id, ni_id) VALUES (2.7, 820, 3);
INSERT INTO public.tblingredient (ingredient_id,name) VALUES (821,'Рябина');
INSERT INTO public.tblingredientnutritionaninformation (amount, ingredient_id, ni_id) VALUES (0.1, 821, 1);
INSERT INTO public.tblingredientnutritionaninformation (amount, ingredient_id, ni_id) VALUES (1.5, 821, 2);
INSERT INTO public.tblingredientnutritionaninformation (amount, ingredient_id, ni_id) VALUES (10.9, 821, 3);
INSERT INTO public.tblingredient (ingredient_id,name) VALUES (822,'Рябчик');
INSERT INTO public.tblingredientnutritionaninformation (amount, ingredient_id, ni_id) VALUES (20.0, 822, 1);
INSERT INTO public.tblingredientnutritionaninformation (amount, ingredient_id, ni_id) VALUES (18.0, 822, 2);
INSERT INTO public.tblingredientnutritionaninformation (amount, ingredient_id, ni_id) VALUES (0.5, 822, 3);
INSERT INTO public.tblingredient (ingredient_id,name) VALUES (823,'Ряженка 1%');
INSERT INTO public.tblingredientnutritionaninformation (amount, ingredient_id, ni_id) VALUES (1.0, 823, 1);
INSERT INTO public.tblingredientnutritionaninformation (amount, ingredient_id, ni_id) VALUES (3.0, 823, 2);
INSERT INTO public.tblingredientnutritionaninformation (amount, ingredient_id, ni_id) VALUES (4.2, 823, 3);
INSERT INTO public.tblingredient (ingredient_id,name) VALUES (824,'Ряженка 2.5%');
INSERT INTO public.tblingredientnutritionaninformation (amount, ingredient_id, ni_id) VALUES (2.5, 824, 1);
INSERT INTO public.tblingredientnutritionaninformation (amount, ingredient_id, ni_id) VALUES (2.9, 824, 2);
INSERT INTO public.tblingredientnutritionaninformation (amount, ingredient_id, ni_id) VALUES (4.2, 824, 3);
INSERT INTO public.tblingredient (ingredient_id,name) VALUES (825,'Ряженка 3.2%');
INSERT INTO public.tblingredientnutritionaninformation (amount, ingredient_id, ni_id) VALUES (3.2, 825, 1);
INSERT INTO public.tblingredientnutritionaninformation (amount, ingredient_id, ni_id) VALUES (2.9, 825, 2);
INSERT INTO public.tblingredientnutritionaninformation (amount, ingredient_id, ni_id) VALUES (4.1, 825, 3);
INSERT INTO public.tblingredient (ingredient_id,name) VALUES (826,'Ряженка 4%');
INSERT INTO public.tblingredientnutritionaninformation (amount, ingredient_id, ni_id) VALUES (4.0, 826, 1);
INSERT INTO public.tblingredientnutritionaninformation (amount, ingredient_id, ni_id) VALUES (2.8, 826, 2);
INSERT INTO public.tblingredientnutritionaninformation (amount, ingredient_id, ni_id) VALUES (4.2, 826, 3);
INSERT INTO public.tblingredient (ingredient_id,name) VALUES (827,'Ряженка 6%');
INSERT INTO public.tblingredientnutritionaninformation (amount, ingredient_id, ni_id) VALUES (6.0, 827, 1);
INSERT INTO public.tblingredientnutritionaninformation (amount, ingredient_id, ni_id) VALUES (5.0, 827, 2);
INSERT INTO public.tblingredientnutritionaninformation (amount, ingredient_id, ni_id) VALUES (4.1, 827, 3);
INSERT INTO public.tblingredient (ingredient_id,name) VALUES (828,'Ряпушка');
INSERT INTO public.tblingredientnutritionaninformation (amount, ingredient_id, ni_id) VALUES (2.0, 828, 1);
INSERT INTO public.tblingredientnutritionaninformation (amount, ingredient_id, ni_id) VALUES (17.5, 828, 2);
INSERT INTO public.tblingredientnutritionaninformation (amount, ingredient_id, ni_id) VALUES (0.0, 828, 3);
INSERT INTO public.tblingredient (ingredient_id,name) VALUES (829,'Саго');
INSERT INTO public.tblingredientnutritionaninformation (amount, ingredient_id, ni_id) VALUES (0.7, 829, 1);
INSERT INTO public.tblingredientnutritionaninformation (amount, ingredient_id, ni_id) VALUES (1.0, 829, 2);
INSERT INTO public.tblingredientnutritionaninformation (amount, ingredient_id, ni_id) VALUES (85.0, 829, 3);
INSERT INTO public.tblingredient (ingredient_id,name) VALUES (830,'Сазан');
INSERT INTO public.tblingredientnutritionaninformation (amount, ingredient_id, ni_id) VALUES (5.3, 830, 1);
INSERT INTO public.tblingredientnutritionaninformation (amount, ingredient_id, ni_id) VALUES (18.4, 830, 2);
INSERT INTO public.tblingredientnutritionaninformation (amount, ingredient_id, ni_id) VALUES (0.0, 830, 3);
INSERT INTO public.tblingredient (ingredient_id,name) VALUES (831,'Сайда');
INSERT INTO public.tblingredientnutritionaninformation (amount, ingredient_id, ni_id) VALUES (0.9, 831, 1);
INSERT INTO public.tblingredientnutritionaninformation (amount, ingredient_id, ni_id) VALUES (19.4, 831, 2);
INSERT INTO public.tblingredientnutritionaninformation (amount, ingredient_id, ni_id) VALUES (0.0, 831, 3);
INSERT INTO public.tblingredient (ingredient_id,name) VALUES (832,'Сайра свежая');
INSERT INTO public.tblingredientnutritionaninformation (amount, ingredient_id, ni_id) VALUES (12.0, 832, 1);
INSERT INTO public.tblingredientnutritionaninformation (amount, ingredient_id, ni_id) VALUES (18.6, 832, 2);
INSERT INTO public.tblingredientnutritionaninformation (amount, ingredient_id, ni_id) VALUES (0.0, 832, 3);
INSERT INTO public.tblingredient (ingredient_id,name) VALUES (833,'Саке');
INSERT INTO public.tblingredientnutritionaninformation (amount, ingredient_id, ni_id) VALUES (0.0, 833, 1);
INSERT INTO public.tblingredientnutritionaninformation (amount, ingredient_id, ni_id) VALUES (0.5, 833, 2);
INSERT INTO public.tblingredientnutritionaninformation (amount, ingredient_id, ni_id) VALUES (5.0, 833, 3);
INSERT INTO public.tblingredient (ingredient_id,name) VALUES (834,'Салакка');
INSERT INTO public.tblingredientnutritionaninformation (amount, ingredient_id, ni_id) VALUES (0.0, 834, 1);
INSERT INTO public.tblingredientnutritionaninformation (amount, ingredient_id, ni_id) VALUES (0.0, 834, 2);
INSERT INTO public.tblingredientnutritionaninformation (amount, ingredient_id, ni_id) VALUES (12.0, 834, 3);
INSERT INTO public.tblingredient (ingredient_id,name) VALUES (835,'Салат Айсберг');
INSERT INTO public.tblingredientnutritionaninformation (amount, ingredient_id, ni_id) VALUES (0.1, 835, 1);
INSERT INTO public.tblingredientnutritionaninformation (amount, ingredient_id, ni_id) VALUES (0.9, 835, 2);
INSERT INTO public.tblingredientnutritionaninformation (amount, ingredient_id, ni_id) VALUES (1.8, 835, 3);
INSERT INTO public.tblingredient (ingredient_id,name) VALUES (836,'Сало');
INSERT INTO public.tblingredientnutritionaninformation (amount, ingredient_id, ni_id) VALUES (89.0, 836, 1);
INSERT INTO public.tblingredientnutritionaninformation (amount, ingredient_id, ni_id) VALUES (2.4, 836, 2);
INSERT INTO public.tblingredientnutritionaninformation (amount, ingredient_id, ni_id) VALUES (0.0, 836, 3);
INSERT INTO public.tblingredient (ingredient_id,name) VALUES (837,'Самогон');
INSERT INTO public.tblingredientnutritionaninformation (amount, ingredient_id, ni_id) VALUES (0.1, 837, 1);
INSERT INTO public.tblingredientnutritionaninformation (amount, ingredient_id, ni_id) VALUES (0.1, 837, 2);
INSERT INTO public.tblingredientnutritionaninformation (amount, ingredient_id, ni_id) VALUES (0.4, 837, 3);
INSERT INTO public.tblingredient (ingredient_id,name) VALUES (838,'Саподилла');
INSERT INTO public.tblingredientnutritionaninformation (amount, ingredient_id, ni_id) VALUES (1.1, 838, 1);
INSERT INTO public.tblingredientnutritionaninformation (amount, ingredient_id, ni_id) VALUES (0.4, 838, 2);
INSERT INTO public.tblingredientnutritionaninformation (amount, ingredient_id, ni_id) VALUES (14.7, 838, 3);
INSERT INTO public.tblingredient (ingredient_id,name) VALUES (839,'Сапота (Чёрное яблоко)');
INSERT INTO public.tblingredientnutritionaninformation (amount, ingredient_id, ni_id) VALUES (0.6, 839, 1);
INSERT INTO public.tblingredientnutritionaninformation (amount, ingredient_id, ni_id) VALUES (2.1, 839, 2);
INSERT INTO public.tblingredientnutritionaninformation (amount, ingredient_id, ni_id) VALUES (31.2, 839, 3);
INSERT INTO public.tblingredient (ingredient_id,name) VALUES (840,'Сарган черноморский');
INSERT INTO public.tblingredientnutritionaninformation (amount, ingredient_id, ni_id) VALUES (5.3, 840, 1);
INSERT INTO public.tblingredientnutritionaninformation (amount, ingredient_id, ni_id) VALUES (16.5, 840, 2);
INSERT INTO public.tblingredientnutritionaninformation (amount, ingredient_id, ni_id) VALUES (0.0, 840, 3);
INSERT INTO public.tblingredient (ingredient_id,name) VALUES (841,'Сардина свежая');
INSERT INTO public.tblingredientnutritionaninformation (amount, ingredient_id, ni_id) VALUES (9.6, 841, 1);
INSERT INTO public.tblingredientnutritionaninformation (amount, ingredient_id, ni_id) VALUES (20.6, 841, 2);
INSERT INTO public.tblingredientnutritionaninformation (amount, ingredient_id, ni_id) VALUES (0.0, 841, 3);
INSERT INTO public.tblingredient (ingredient_id,name) VALUES (842,'Сахар ванильный');
INSERT INTO public.tblingredientnutritionaninformation (amount, ingredient_id, ni_id) VALUES (0.0, 842, 1);
INSERT INTO public.tblingredientnutritionaninformation (amount, ingredient_id, ni_id) VALUES (0.0, 842, 2);
INSERT INTO public.tblingredientnutritionaninformation (amount, ingredient_id, ni_id) VALUES (98.5, 842, 3);
INSERT INTO public.tblingredient (ingredient_id,name) VALUES (843,'Сахар виноградный жидкий');
INSERT INTO public.tblingredientnutritionaninformation (amount, ingredient_id, ni_id) VALUES (0.0, 843, 1);
INSERT INTO public.tblingredientnutritionaninformation (amount, ingredient_id, ni_id) VALUES (0.0, 843, 2);
INSERT INTO public.tblingredientnutritionaninformation (amount, ingredient_id, ni_id) VALUES (65.0, 843, 3);
INSERT INTO public.tblingredient (ingredient_id,name) VALUES (844,'Сахар кленовый');
INSERT INTO public.tblingredientnutritionaninformation (amount, ingredient_id, ni_id) VALUES (0.2, 844, 1);
INSERT INTO public.tblingredientnutritionaninformation (amount, ingredient_id, ni_id) VALUES (0.1, 844, 2);
INSERT INTO public.tblingredientnutritionaninformation (amount, ingredient_id, ni_id) VALUES (90.9, 844, 3);
INSERT INTO public.tblingredient (ingredient_id,name) VALUES (845,'Сахар кокосовый');
INSERT INTO public.tblingredientnutritionaninformation (amount, ingredient_id, ni_id) VALUES (0.4, 845, 1);
INSERT INTO public.tblingredientnutritionaninformation (amount, ingredient_id, ni_id) VALUES (1.1, 845, 2);
INSERT INTO public.tblingredientnutritionaninformation (amount, ingredient_id, ni_id) VALUES (93.4, 845, 3);
INSERT INTO public.tblingredient (ingredient_id,name) VALUES (846,'Сахар тростниковый');
INSERT INTO public.tblingredientnutritionaninformation (amount, ingredient_id, ni_id) VALUES (0.0, 846, 1);
INSERT INTO public.tblingredientnutritionaninformation (amount, ingredient_id, ni_id) VALUES (0.0, 846, 2);
INSERT INTO public.tblingredientnutritionaninformation (amount, ingredient_id, ni_id) VALUES (99.4, 846, 3);
INSERT INTO public.tblingredient (ingredient_id,name) VALUES (847,'Сахар-песок');
INSERT INTO public.tblingredientnutritionaninformation (amount, ingredient_id, ni_id) VALUES (0.0, 847, 1);
INSERT INTO public.tblingredientnutritionaninformation (amount, ingredient_id, ni_id) VALUES (0.0, 847, 2);
INSERT INTO public.tblingredientnutritionaninformation (amount, ingredient_id, ni_id) VALUES (99.7, 847, 3);
INSERT INTO public.tblingredient (ingredient_id,name) VALUES (848,'Сахар-рафинад');
INSERT INTO public.tblingredientnutritionaninformation (amount, ingredient_id, ni_id) VALUES (0.0, 848, 1);
INSERT INTO public.tblingredientnutritionaninformation (amount, ingredient_id, ni_id) VALUES (0.0, 848, 2);
INSERT INTO public.tblingredientnutritionaninformation (amount, ingredient_id, ni_id) VALUES (99.9, 848, 3);
INSERT INTO public.tblingredient (ingredient_id,name) VALUES (849,'Сахар-сырец');
INSERT INTO public.tblingredientnutritionaninformation (amount, ingredient_id, ni_id) VALUES (0.0, 849, 1);
INSERT INTO public.tblingredientnutritionaninformation (amount, ingredient_id, ni_id) VALUES (0.0, 849, 2);
INSERT INTO public.tblingredientnutritionaninformation (amount, ingredient_id, ni_id) VALUES (95.3, 849, 3);
INSERT INTO public.tblingredient (ingredient_id,name) VALUES (850,'Сахарная пудра');
INSERT INTO public.tblingredientnutritionaninformation (amount, ingredient_id, ni_id) VALUES (0.0, 850, 1);
INSERT INTO public.tblingredientnutritionaninformation (amount, ingredient_id, ni_id) VALUES (0.0, 850, 2);
INSERT INTO public.tblingredientnutritionaninformation (amount, ingredient_id, ni_id) VALUES (99.8, 850, 3);
INSERT INTO public.tblingredient (ingredient_id,name) VALUES (851,'Сахарозаменитель ');
INSERT INTO public.tblingredientnutritionaninformation (amount, ingredient_id, ni_id) VALUES (0.0, 851, 1);
INSERT INTO public.tblingredientnutritionaninformation (amount, ingredient_id, ni_id) VALUES (0.0, 851, 2);
INSERT INTO public.tblingredientnutritionaninformation (amount, ingredient_id, ni_id) VALUES (0.2, 851, 3);
INSERT INTO public.tblingredient (ingredient_id,name) VALUES (852,'Сашими Изуми-тай');
INSERT INTO public.tblingredientnutritionaninformation (amount, ingredient_id, ni_id) VALUES (2.2, 852, 1);
INSERT INTO public.tblingredientnutritionaninformation (amount, ingredient_id, ni_id) VALUES (11.6, 852, 2);
INSERT INTO public.tblingredientnutritionaninformation (amount, ingredient_id, ni_id) VALUES (1.1, 852, 3);
INSERT INTO public.tblingredient (ingredient_id,name) VALUES (853,'Свекла');
INSERT INTO public.tblingredientnutritionaninformation (amount, ingredient_id, ni_id) VALUES (0.1, 853, 1);
INSERT INTO public.tblingredientnutritionaninformation (amount, ingredient_id, ni_id) VALUES (1.5, 853, 2);
INSERT INTO public.tblingredientnutritionaninformation (amount, ingredient_id, ni_id) VALUES (8.8, 853, 3);
INSERT INTO public.tblingredient (ingredient_id,name) VALUES (854,'Свиная вырезка');
INSERT INTO public.tblingredientnutritionaninformation (amount, ingredient_id, ni_id) VALUES (7.1, 854, 1);
INSERT INTO public.tblingredientnutritionaninformation (amount, ingredient_id, ni_id) VALUES (19.4, 854, 2);
INSERT INTO public.tblingredientnutritionaninformation (amount, ingredient_id, ni_id) VALUES (0.0, 854, 3);
INSERT INTO public.tblingredient (ingredient_id,name) VALUES (855,'Свиная грудинка без кости');
INSERT INTO public.tblingredientnutritionaninformation (amount, ingredient_id, ni_id) VALUES (53.0, 855, 1);
INSERT INTO public.tblingredientnutritionaninformation (amount, ingredient_id, ni_id) VALUES (10.1, 855, 2);
INSERT INTO public.tblingredientnutritionaninformation (amount, ingredient_id, ni_id) VALUES (0.0, 855, 3);
INSERT INTO public.tblingredient (ingredient_id,name) VALUES (856,'Свиная грудинка с костью');
INSERT INTO public.tblingredientnutritionaninformation (amount, ingredient_id, ni_id) VALUES (10.0, 856, 1);
INSERT INTO public.tblingredientnutritionaninformation (amount, ingredient_id, ni_id) VALUES (21.0, 856, 2);
INSERT INTO public.tblingredientnutritionaninformation (amount, ingredient_id, ni_id) VALUES (0.0, 856, 3);
INSERT INTO public.tblingredient (ingredient_id,name) VALUES (857,'Свиная лопатка');
INSERT INTO public.tblingredientnutritionaninformation (amount, ingredient_id, ni_id) VALUES (21.7, 857, 1);
INSERT INTO public.tblingredientnutritionaninformation (amount, ingredient_id, ni_id) VALUES (16.0, 857, 2);
INSERT INTO public.tblingredientnutritionaninformation (amount, ingredient_id, ni_id) VALUES (0.0, 857, 3);
INSERT INTO public.tblingredient (ingredient_id,name) VALUES (858,'Свиная печень');
INSERT INTO public.tblingredientnutritionaninformation (amount, ingredient_id, ni_id) VALUES (3.4, 858, 1);
INSERT INTO public.tblingredientnutritionaninformation (amount, ingredient_id, ni_id) VALUES (22.0, 858, 2);
INSERT INTO public.tblingredientnutritionaninformation (amount, ingredient_id, ni_id) VALUES (2.6, 858, 3);
INSERT INTO public.tblingredient (ingredient_id,name) VALUES (859,'Свиная шейка');
INSERT INTO public.tblingredientnutritionaninformation (amount, ingredient_id, ni_id) VALUES (31.9, 859, 1);
INSERT INTO public.tblingredientnutritionaninformation (amount, ingredient_id, ni_id) VALUES (13.6, 859, 2);
INSERT INTO public.tblingredientnutritionaninformation (amount, ingredient_id, ni_id) VALUES (0.0, 859, 3);
INSERT INTO public.tblingredient (ingredient_id,name) VALUES (860,'Свиная щековина');
INSERT INTO public.tblingredientnutritionaninformation (amount, ingredient_id, ni_id) VALUES (69.6, 860, 1);
INSERT INTO public.tblingredientnutritionaninformation (amount, ingredient_id, ni_id) VALUES (6.4, 860, 2);
INSERT INTO public.tblingredientnutritionaninformation (amount, ingredient_id, ni_id) VALUES (0.0, 860, 3);
INSERT INTO public.tblingredient (ingredient_id,name) VALUES (861,'Свиная щековина копченая');
INSERT INTO public.tblingredientnutritionaninformation (amount, ingredient_id, ni_id) VALUES (67.1, 861, 1);
INSERT INTO public.tblingredientnutritionaninformation (amount, ingredient_id, ni_id) VALUES (9.1, 861, 2);
INSERT INTO public.tblingredientnutritionaninformation (amount, ingredient_id, ni_id) VALUES (0.5, 861, 3);
INSERT INTO public.tblingredient (ingredient_id,name) VALUES (862,'Свиное сердце');
INSERT INTO public.tblingredientnutritionaninformation (amount, ingredient_id, ni_id) VALUES (4.8, 862, 1);
INSERT INTO public.tblingredientnutritionaninformation (amount, ingredient_id, ni_id) VALUES (16.9, 862, 2);
INSERT INTO public.tblingredientnutritionaninformation (amount, ingredient_id, ni_id) VALUES (2.2, 862, 3);
INSERT INTO public.tblingredient (ingredient_id,name) VALUES (863,'Свиной балык');
INSERT INTO public.tblingredientnutritionaninformation (amount, ingredient_id, ni_id) VALUES (24.9, 863, 1);
INSERT INTO public.tblingredientnutritionaninformation (amount, ingredient_id, ni_id) VALUES (15.4, 863, 2);
INSERT INTO public.tblingredientnutritionaninformation (amount, ingredient_id, ni_id) VALUES (0.0, 863, 3);
INSERT INTO public.tblingredient (ingredient_id,name) VALUES (864,'Свиной край на гриле');
INSERT INTO public.tblingredientnutritionaninformation (amount, ingredient_id, ni_id) VALUES (35.0, 864, 1);
INSERT INTO public.tblingredientnutritionaninformation (amount, ingredient_id, ni_id) VALUES (21.0, 864, 2);
INSERT INTO public.tblingredientnutritionaninformation (amount, ingredient_id, ni_id) VALUES (0.0, 864, 3);
INSERT INTO public.tblingredient (ingredient_id,name) VALUES (865,'Свиной окорок');
INSERT INTO public.tblingredientnutritionaninformation (amount, ingredient_id, ni_id) VALUES (21.3, 865, 1);
INSERT INTO public.tblingredientnutritionaninformation (amount, ingredient_id, ni_id) VALUES (18.0, 865, 2);
INSERT INTO public.tblingredientnutritionaninformation (amount, ingredient_id, ni_id) VALUES (0.0, 865, 3);
INSERT INTO public.tblingredient (ingredient_id,name) VALUES (866,'Свиной окорок копчено-вареный (Ашан)');
INSERT INTO public.tblingredientnutritionaninformation (amount, ingredient_id, ni_id) VALUES (26.0, 866, 1);
INSERT INTO public.tblingredientnutritionaninformation (amount, ingredient_id, ni_id) VALUES (14.0, 866, 2);
INSERT INTO public.tblingredientnutritionaninformation (amount, ingredient_id, ni_id) VALUES (0.0, 866, 3);
INSERT INTO public.tblingredient (ingredient_id,name) VALUES (867,'Свиной ошеек');
INSERT INTO public.tblingredientnutritionaninformation (amount, ingredient_id, ni_id) VALUES (22.8, 867, 1);
INSERT INTO public.tblingredientnutritionaninformation (amount, ingredient_id, ni_id) VALUES (16.1, 867, 2);
INSERT INTO public.tblingredientnutritionaninformation (amount, ingredient_id, ni_id) VALUES (0.0, 867, 3);
INSERT INTO public.tblingredient (ingredient_id,name) VALUES (868,'Свиной подгрудок');
INSERT INTO public.tblingredientnutritionaninformation (amount, ingredient_id, ni_id) VALUES (67.8, 868, 1);
INSERT INTO public.tblingredientnutritionaninformation (amount, ingredient_id, ni_id) VALUES (7.4, 868, 2);
INSERT INTO public.tblingredientnutritionaninformation (amount, ingredient_id, ni_id) VALUES (0.0, 868, 3);
INSERT INTO public.tblingredient (ingredient_id,name) VALUES (869,'Свиной фарш');
INSERT INTO public.tblingredientnutritionaninformation (amount, ingredient_id, ni_id) VALUES (21.0, 869, 1);
INSERT INTO public.tblingredientnutritionaninformation (amount, ingredient_id, ni_id) VALUES (17.0, 869, 2);
INSERT INTO public.tblingredientnutritionaninformation (amount, ingredient_id, ni_id) VALUES (0.0, 869, 3);
INSERT INTO public.tblingredient (ingredient_id,name) VALUES (870,'Свиной шпик');
INSERT INTO public.tblingredientnutritionaninformation (amount, ingredient_id, ni_id) VALUES (92.8, 870, 1);
INSERT INTO public.tblingredientnutritionaninformation (amount, ingredient_id, ni_id) VALUES (1.4, 870, 2);
INSERT INTO public.tblingredientnutritionaninformation (amount, ingredient_id, ni_id) VALUES (0.0, 870, 3);
INSERT INTO public.tblingredient (ingredient_id,name) VALUES (871,'Свиной язык');
INSERT INTO public.tblingredientnutritionaninformation (amount, ingredient_id, ni_id) VALUES (11.1, 871, 1);
INSERT INTO public.tblingredientnutritionaninformation (amount, ingredient_id, ni_id) VALUES (16.5, 871, 2);
INSERT INTO public.tblingredientnutritionaninformation (amount, ingredient_id, ni_id) VALUES (0.0, 871, 3);
INSERT INTO public.tblingredient (ingredient_id,name) VALUES (872,'Свиные легкие');
INSERT INTO public.tblingredientnutritionaninformation (amount, ingredient_id, ni_id) VALUES (2.7, 872, 1);
INSERT INTO public.tblingredientnutritionaninformation (amount, ingredient_id, ni_id) VALUES (14.1, 872, 2);
INSERT INTO public.tblingredientnutritionaninformation (amount, ingredient_id, ni_id) VALUES (0.0, 872, 3);
INSERT INTO public.tblingredient (ingredient_id,name) VALUES (873,'Свиные ноги');
INSERT INTO public.tblingredientnutritionaninformation (amount, ingredient_id, ni_id) VALUES (16.0, 873, 1);
INSERT INTO public.tblingredientnutritionaninformation (amount, ingredient_id, ni_id) VALUES (18.0, 873, 2);
INSERT INTO public.tblingredientnutritionaninformation (amount, ingredient_id, ni_id) VALUES (0.0, 873, 3);
INSERT INTO public.tblingredient (ingredient_id,name) VALUES (874,'Свиные почки');
INSERT INTO public.tblingredientnutritionaninformation (amount, ingredient_id, ni_id) VALUES (3.8, 874, 1);
INSERT INTO public.tblingredientnutritionaninformation (amount, ingredient_id, ni_id) VALUES (16.8, 874, 2);
INSERT INTO public.tblingredientnutritionaninformation (amount, ingredient_id, ni_id) VALUES (0.0, 874, 3);
INSERT INTO public.tblingredient (ingredient_id,name) VALUES (875,'Свиные ребра');
INSERT INTO public.tblingredientnutritionaninformation (amount, ingredient_id, ni_id) VALUES (29.3, 875, 1);
INSERT INTO public.tblingredientnutritionaninformation (amount, ingredient_id, ni_id) VALUES (15.2, 875, 2);
INSERT INTO public.tblingredientnutritionaninformation (amount, ingredient_id, ni_id) VALUES (0.0, 875, 3);
INSERT INTO public.tblingredient (ingredient_id,name) VALUES (876,'Свиные ребра копчено-вареные');
INSERT INTO public.tblingredientnutritionaninformation (amount, ingredient_id, ni_id) VALUES (55.0, 876, 1);
INSERT INTO public.tblingredientnutritionaninformation (amount, ingredient_id, ni_id) VALUES (10.0, 876, 2);
INSERT INTO public.tblingredientnutritionaninformation (amount, ingredient_id, ni_id) VALUES (0.0, 876, 3);
INSERT INTO public.tblingredient (ingredient_id,name) VALUES (877,'Свиные ребра копченые');
INSERT INTO public.tblingredientnutritionaninformation (amount, ingredient_id, ni_id) VALUES (52.7, 877, 1);
INSERT INTO public.tblingredientnutritionaninformation (amount, ingredient_id, ni_id) VALUES (10.0, 877, 2);
INSERT INTO public.tblingredientnutritionaninformation (amount, ingredient_id, ni_id) VALUES (0.0, 877, 3);
INSERT INTO public.tblingredient (ingredient_id,name) VALUES (878,'Свиные уши');
INSERT INTO public.tblingredientnutritionaninformation (amount, ingredient_id, ni_id) VALUES (14.1, 878, 1);
INSERT INTO public.tblingredientnutritionaninformation (amount, ingredient_id, ni_id) VALUES (21.0, 878, 2);
INSERT INTO public.tblingredientnutritionaninformation (amount, ingredient_id, ni_id) VALUES (0.0, 878, 3);
INSERT INTO public.tblingredient (ingredient_id,name) VALUES (879,'Свити');
INSERT INTO public.tblingredientnutritionaninformation (amount, ingredient_id, ni_id) VALUES (0.2, 879, 1);
INSERT INTO public.tblingredientnutritionaninformation (amount, ingredient_id, ni_id) VALUES (0.7, 879, 2);
INSERT INTO public.tblingredientnutritionaninformation (amount, ingredient_id, ni_id) VALUES (9.0, 879, 3);
INSERT INTO public.tblingredient (ingredient_id,name) VALUES (880,'Севрюга свежая');
INSERT INTO public.tblingredientnutritionaninformation (amount, ingredient_id, ni_id) VALUES (11.8, 880, 1);
INSERT INTO public.tblingredientnutritionaninformation (amount, ingredient_id, ni_id) VALUES (17.0, 880, 2);
INSERT INTO public.tblingredientnutritionaninformation (amount, ingredient_id, ni_id) VALUES (0.0, 880, 3);
INSERT INTO public.tblingredient (ingredient_id,name) VALUES (881,'Сейтан');
INSERT INTO public.tblingredientnutritionaninformation (amount, ingredient_id, ni_id) VALUES (3.5, 881, 1);
INSERT INTO public.tblingredientnutritionaninformation (amount, ingredient_id, ni_id) VALUES (55.8, 881, 2);
INSERT INTO public.tblingredientnutritionaninformation (amount, ingredient_id, ni_id) VALUES (20.3, 881, 3);
INSERT INTO public.tblingredient (ingredient_id,name) VALUES (882,'Сельдерей');
INSERT INTO public.tblingredientnutritionaninformation (amount, ingredient_id, ni_id) VALUES (0.1, 882, 1);
INSERT INTO public.tblingredientnutritionaninformation (amount, ingredient_id, ni_id) VALUES (0.9, 882, 2);
INSERT INTO public.tblingredientnutritionaninformation (amount, ingredient_id, ni_id) VALUES (2.1, 882, 3);
INSERT INTO public.tblingredient (ingredient_id,name) VALUES (883,'Сельдерей (корень)');
INSERT INTO public.tblingredientnutritionaninformation (amount, ingredient_id, ni_id) VALUES (0.3, 883, 1);
INSERT INTO public.tblingredientnutritionaninformation (amount, ingredient_id, ni_id) VALUES (1.3, 883, 2);
INSERT INTO public.tblingredientnutritionaninformation (amount, ingredient_id, ni_id) VALUES (6.5, 883, 3);
INSERT INTO public.tblingredient (ingredient_id,name) VALUES (884,'Сельдерей (корень) сушеный');
INSERT INTO public.tblingredientnutritionaninformation (amount, ingredient_id, ni_id) VALUES (2.0, 884, 1);
INSERT INTO public.tblingredientnutritionaninformation (amount, ingredient_id, ni_id) VALUES (7.8, 884, 2);
INSERT INTO public.tblingredientnutritionaninformation (amount, ingredient_id, ni_id) VALUES (36.6, 884, 3);
INSERT INTO public.tblingredient (ingredient_id,name) VALUES (885,'Сельдь свежая');
INSERT INTO public.tblingredientnutritionaninformation (amount, ingredient_id, ni_id) VALUES (10.7, 885, 1);
INSERT INTO public.tblingredientnutritionaninformation (amount, ingredient_id, ni_id) VALUES (16.3, 885, 2);
INSERT INTO public.tblingredientnutritionaninformation (amount, ingredient_id, ni_id) VALUES (0.0, 885, 3);
INSERT INTO public.tblingredient (ingredient_id,name) VALUES (886,'Сёмга свежая');
INSERT INTO public.tblingredientnutritionaninformation (amount, ingredient_id, ni_id) VALUES (6.0, 886, 1);
INSERT INTO public.tblingredientnutritionaninformation (amount, ingredient_id, ni_id) VALUES (21.6, 886, 2);
INSERT INTO public.tblingredientnutritionaninformation (amount, ingredient_id, ni_id) VALUES (0.0, 886, 3);
INSERT INTO public.tblingredient (ingredient_id,name) VALUES (887,'Семена горчицы');
INSERT INTO public.tblingredientnutritionaninformation (amount, ingredient_id, ni_id) VALUES (30.8, 887, 1);
INSERT INTO public.tblingredientnutritionaninformation (amount, ingredient_id, ni_id) VALUES (25.8, 887, 2);
INSERT INTO public.tblingredientnutritionaninformation (amount, ingredient_id, ni_id) VALUES (23.4, 887, 3);
INSERT INTO public.tblingredient (ingredient_id,name) VALUES (888,'Семена конопли');
INSERT INTO public.tblingredientnutritionaninformation (amount, ingredient_id, ni_id) VALUES (32.5, 888, 1);
INSERT INTO public.tblingredientnutritionaninformation (amount, ingredient_id, ni_id) VALUES (20.0, 888, 2);
INSERT INTO public.tblingredientnutritionaninformation (amount, ingredient_id, ni_id) VALUES (14.0, 888, 3);
INSERT INTO public.tblingredient (ingredient_id,name) VALUES (889,'Семена льна');
INSERT INTO public.tblingredientnutritionaninformation (amount, ingredient_id, ni_id) VALUES (42.2, 889, 1);
INSERT INTO public.tblingredientnutritionaninformation (amount, ingredient_id, ni_id) VALUES (18.3, 889, 2);
INSERT INTO public.tblingredientnutritionaninformation (amount, ingredient_id, ni_id) VALUES (28.9, 889, 3);
INSERT INTO public.tblingredient (ingredient_id,name) VALUES (890,'Семена льна Ваше здоровье');
INSERT INTO public.tblingredientnutritionaninformation (amount, ingredient_id, ni_id) VALUES (42.2, 890, 1);
INSERT INTO public.tblingredientnutritionaninformation (amount, ingredient_id, ni_id) VALUES (18.3, 890, 2);
INSERT INTO public.tblingredientnutritionaninformation (amount, ingredient_id, ni_id) VALUES (1.6, 890, 3);
INSERT INTO public.tblingredient (ingredient_id,name) VALUES (891,'Семена пажитника');
INSERT INTO public.tblingredientnutritionaninformation (amount, ingredient_id, ni_id) VALUES (6.4, 891, 1);
INSERT INTO public.tblingredientnutritionaninformation (amount, ingredient_id, ni_id) VALUES (23.0, 891, 2);
INSERT INTO public.tblingredientnutritionaninformation (amount, ingredient_id, ni_id) VALUES (58.3, 891, 3);
INSERT INTO public.tblingredient (ingredient_id,name) VALUES (892,'Семена укропа');
INSERT INTO public.tblingredientnutritionaninformation (amount, ingredient_id, ni_id) VALUES (14.5, 892, 1);
INSERT INTO public.tblingredientnutritionaninformation (amount, ingredient_id, ni_id) VALUES (16.0, 892, 2);
INSERT INTO public.tblingredientnutritionaninformation (amount, ingredient_id, ni_id) VALUES (55.1, 892, 3);
INSERT INTO public.tblingredient (ingredient_id,name) VALUES (893,'Семена фенхеля');
INSERT INTO public.tblingredientnutritionaninformation (amount, ingredient_id, ni_id) VALUES (14.8, 893, 1);
INSERT INTO public.tblingredientnutritionaninformation (amount, ingredient_id, ni_id) VALUES (15.8, 893, 2);
INSERT INTO public.tblingredientnutritionaninformation (amount, ingredient_id, ni_id) VALUES (52.3, 893, 3);
INSERT INTO public.tblingredient (ingredient_id,name) VALUES (894,'Семена чиа');
INSERT INTO public.tblingredientnutritionaninformation (amount, ingredient_id, ni_id) VALUES (30.7, 894, 1);
INSERT INTO public.tblingredientnutritionaninformation (amount, ingredient_id, ni_id) VALUES (16.5, 894, 2);
INSERT INTO public.tblingredientnutritionaninformation (amount, ingredient_id, ni_id) VALUES (42.1, 894, 3);
INSERT INTO public.tblingredient (ingredient_id,name) VALUES (895,'Семечки дынные');
INSERT INTO public.tblingredientnutritionaninformation (amount, ingredient_id, ni_id) VALUES (47.3, 895, 1);
INSERT INTO public.tblingredientnutritionaninformation (amount, ingredient_id, ni_id) VALUES (17.6, 895, 2);
INSERT INTO public.tblingredientnutritionaninformation (amount, ingredient_id, ni_id) VALUES (14.6, 895, 3);
INSERT INTO public.tblingredient (ingredient_id,name) VALUES (896,'Семечки подсолнечника');
INSERT INTO public.tblingredientnutritionaninformation (amount, ingredient_id, ni_id) VALUES (52.9, 896, 1);
INSERT INTO public.tblingredientnutritionaninformation (amount, ingredient_id, ni_id) VALUES (20.7, 896, 2);
INSERT INTO public.tblingredientnutritionaninformation (amount, ingredient_id, ni_id) VALUES (3.4, 896, 3);
INSERT INTO public.tblingredient (ingredient_id,name) VALUES (897,'Семечки тыквенные');
INSERT INTO public.tblingredientnutritionaninformation (amount, ingredient_id, ni_id) VALUES (45.8, 897, 1);
INSERT INTO public.tblingredientnutritionaninformation (amount, ingredient_id, ni_id) VALUES (24.5, 897, 2);
INSERT INTO public.tblingredientnutritionaninformation (amount, ingredient_id, ni_id) VALUES (4.7, 897, 3);
INSERT INTO public.tblingredient (ingredient_id,name) VALUES (898,'Сибас');
INSERT INTO public.tblingredientnutritionaninformation (amount, ingredient_id, ni_id) VALUES (3.0, 898, 1);
INSERT INTO public.tblingredientnutritionaninformation (amount, ingredient_id, ni_id) VALUES (18.0, 898, 2);
INSERT INTO public.tblingredientnutritionaninformation (amount, ingredient_id, ni_id) VALUES (0.0, 898, 3);
INSERT INTO public.tblingredient (ingredient_id,name) VALUES (899,'Сиг');
INSERT INTO public.tblingredientnutritionaninformation (amount, ingredient_id, ni_id) VALUES (7.5, 899, 1);
INSERT INTO public.tblingredientnutritionaninformation (amount, ingredient_id, ni_id) VALUES (19.0, 899, 2);
INSERT INTO public.tblingredientnutritionaninformation (amount, ingredient_id, ni_id) VALUES (0.0, 899, 3);
INSERT INTO public.tblingredient (ingredient_id,name) VALUES (900,'Сизигиум');
INSERT INTO public.tblingredientnutritionaninformation (amount, ingredient_id, ni_id) VALUES (0.3, 900, 1);
INSERT INTO public.tblingredientnutritionaninformation (amount, ingredient_id, ni_id) VALUES (0.6, 900, 2);
INSERT INTO public.tblingredientnutritionaninformation (amount, ingredient_id, ni_id) VALUES (5.6, 900, 3);
INSERT INTO public.tblingredient (ingredient_id,name) VALUES (901,'Скат');
INSERT INTO public.tblingredientnutritionaninformation (amount, ingredient_id, ni_id) VALUES (1.6, 901, 1);
INSERT INTO public.tblingredientnutritionaninformation (amount, ingredient_id, ni_id) VALUES (24.0, 901, 2);
INSERT INTO public.tblingredientnutritionaninformation (amount, ingredient_id, ni_id) VALUES (0.0, 901, 3);
INSERT INTO public.tblingredient (ingredient_id,name) VALUES (902,'Скорцонера');
INSERT INTO public.tblingredientnutritionaninformation (amount, ingredient_id, ni_id) VALUES (1.0, 902, 1);
INSERT INTO public.tblingredientnutritionaninformation (amount, ingredient_id, ni_id) VALUES (1.0, 902, 2);
INSERT INTO public.tblingredientnutritionaninformation (amount, ingredient_id, ni_id) VALUES (1.0, 902, 3);
INSERT INTO public.tblingredient (ingredient_id,name) VALUES (903,'Скумбрия свежая');
INSERT INTO public.tblingredientnutritionaninformation (amount, ingredient_id, ni_id) VALUES (13.2, 903, 1);
INSERT INTO public.tblingredientnutritionaninformation (amount, ingredient_id, ni_id) VALUES (18.0, 903, 2);
INSERT INTO public.tblingredientnutritionaninformation (amount, ingredient_id, ni_id) VALUES (0.0, 903, 3);
INSERT INTO public.tblingredient (ingredient_id,name) VALUES (904,'Слива');
INSERT INTO public.tblingredientnutritionaninformation (amount, ingredient_id, ni_id) VALUES (0.3, 904, 1);
INSERT INTO public.tblingredientnutritionaninformation (amount, ingredient_id, ni_id) VALUES (0.8, 904, 2);
INSERT INTO public.tblingredientnutritionaninformation (amount, ingredient_id, ni_id) VALUES (9.6, 904, 3);
INSERT INTO public.tblingredient (ingredient_id,name) VALUES (905,'Сливки 9%');
INSERT INTO public.tblingredientnutritionaninformation (amount, ingredient_id, ni_id) VALUES (9.0, 905, 1);
INSERT INTO public.tblingredientnutritionaninformation (amount, ingredient_id, ni_id) VALUES (2.8, 905, 2);
INSERT INTO public.tblingredientnutritionaninformation (amount, ingredient_id, ni_id) VALUES (4.0, 905, 3);
INSERT INTO public.tblingredient (ingredient_id,name) VALUES (906,'Сливки 10% (нежирные)');
INSERT INTO public.tblingredientnutritionaninformation (amount, ingredient_id, ni_id) VALUES (10.0, 906, 1);
INSERT INTO public.tblingredientnutritionaninformation (amount, ingredient_id, ni_id) VALUES (3.0, 906, 2);
INSERT INTO public.tblingredientnutritionaninformation (amount, ingredient_id, ni_id) VALUES (4.0, 906, 3);
INSERT INTO public.tblingredient (ingredient_id,name) VALUES (907,'Сливки 15% (маложирные)');
INSERT INTO public.tblingredientnutritionaninformation (amount, ingredient_id, ni_id) VALUES (15.0, 907, 1);
INSERT INTO public.tblingredientnutritionaninformation (amount, ingredient_id, ni_id) VALUES (2.3, 907, 2);
INSERT INTO public.tblingredientnutritionaninformation (amount, ingredient_id, ni_id) VALUES (3.6, 907, 3);
INSERT INTO public.tblingredient (ingredient_id,name) VALUES (908,'Сливки 20% (средней жирности)');
INSERT INTO public.tblingredientnutritionaninformation (amount, ingredient_id, ni_id) VALUES (20.0, 908, 1);
INSERT INTO public.tblingredientnutritionaninformation (amount, ingredient_id, ni_id) VALUES (2.8, 908, 2);
INSERT INTO public.tblingredientnutritionaninformation (amount, ingredient_id, ni_id) VALUES (3.7, 908, 3);
INSERT INTO public.tblingredient (ingredient_id,name) VALUES (909,'Сливки 33% (классические)');
INSERT INTO public.tblingredientnutritionaninformation (amount, ingredient_id, ni_id) VALUES (33.0, 909, 1);
INSERT INTO public.tblingredientnutritionaninformation (amount, ingredient_id, ni_id) VALUES (2.2, 909, 2);
INSERT INTO public.tblingredientnutritionaninformation (amount, ingredient_id, ni_id) VALUES (4.0, 909, 3);
INSERT INTO public.tblingredient (ingredient_id,name) VALUES (910,'Сливки 35% (жирные)');
INSERT INTO public.tblingredientnutritionaninformation (amount, ingredient_id, ni_id) VALUES (35.0, 910, 1);
INSERT INTO public.tblingredientnutritionaninformation (amount, ingredient_id, ni_id) VALUES (2.5, 910, 2);
INSERT INTO public.tblingredientnutritionaninformation (amount, ingredient_id, ni_id) VALUES (3.0, 910, 3);
INSERT INTO public.tblingredient (ingredient_id,name) VALUES (911,'Сливки сухие');
INSERT INTO public.tblingredientnutritionaninformation (amount, ingredient_id, ni_id) VALUES (42.7, 911, 1);
INSERT INTO public.tblingredientnutritionaninformation (amount, ingredient_id, ni_id) VALUES (23.0, 911, 2);
INSERT INTO public.tblingredientnutritionaninformation (amount, ingredient_id, ni_id) VALUES (26.3, 911, 3);
INSERT INTO public.tblingredient (ingredient_id,name) VALUES (912,'Сливовица');
INSERT INTO public.tblingredientnutritionaninformation (amount, ingredient_id, ni_id) VALUES (0.1, 912, 1);
INSERT INTO public.tblingredientnutritionaninformation (amount, ingredient_id, ni_id) VALUES (0.1, 912, 2);
INSERT INTO public.tblingredientnutritionaninformation (amount, ingredient_id, ni_id) VALUES (0.5, 912, 3);
INSERT INTO public.tblingredient (ingredient_id,name) VALUES (913,'Сметана 10% (нежирная)');
INSERT INTO public.tblingredientnutritionaninformation (amount, ingredient_id, ni_id) VALUES (10.0, 913, 1);
INSERT INTO public.tblingredientnutritionaninformation (amount, ingredient_id, ni_id) VALUES (3.0, 913, 2);
INSERT INTO public.tblingredientnutritionaninformation (amount, ingredient_id, ni_id) VALUES (2.9, 913, 3);
INSERT INTO public.tblingredient (ingredient_id,name) VALUES (914,'Сметана 12%');
INSERT INTO public.tblingredientnutritionaninformation (amount, ingredient_id, ni_id) VALUES (12.0, 914, 1);
INSERT INTO public.tblingredientnutritionaninformation (amount, ingredient_id, ni_id) VALUES (2.7, 914, 2);
INSERT INTO public.tblingredientnutritionaninformation (amount, ingredient_id, ni_id) VALUES (3.9, 914, 3);
INSERT INTO public.tblingredient (ingredient_id,name) VALUES (915,'Сметана 15% (маложирная)');
INSERT INTO public.tblingredientnutritionaninformation (amount, ingredient_id, ni_id) VALUES (15.0, 915, 1);
INSERT INTO public.tblingredientnutritionaninformation (amount, ingredient_id, ni_id) VALUES (2.6, 915, 2);
INSERT INTO public.tblingredientnutritionaninformation (amount, ingredient_id, ni_id) VALUES (3.0, 915, 3);
INSERT INTO public.tblingredient (ingredient_id,name) VALUES (916,'Сметана 18%');
INSERT INTO public.tblingredientnutritionaninformation (amount, ingredient_id, ni_id) VALUES (18.0, 916, 1);
INSERT INTO public.tblingredientnutritionaninformation (amount, ingredient_id, ni_id) VALUES (2.5, 916, 2);
INSERT INTO public.tblingredientnutritionaninformation (amount, ingredient_id, ni_id) VALUES (3.6, 916, 3);
INSERT INTO public.tblingredient (ingredient_id,name) VALUES (917,'Сметана 20% (средней жирности)');
INSERT INTO public.tblingredientnutritionaninformation (amount, ingredient_id, ni_id) VALUES (20.0, 917, 1);
INSERT INTO public.tblingredientnutritionaninformation (amount, ingredient_id, ni_id) VALUES (2.8, 917, 2);
INSERT INTO public.tblingredientnutritionaninformation (amount, ingredient_id, ni_id) VALUES (3.2, 917, 3);
INSERT INTO public.tblingredient (ingredient_id,name) VALUES (918,'Сметана 25% (классическая)');
INSERT INTO public.tblingredientnutritionaninformation (amount, ingredient_id, ni_id) VALUES (25.0, 918, 1);
INSERT INTO public.tblingredientnutritionaninformation (amount, ingredient_id, ni_id) VALUES (2.6, 918, 2);
INSERT INTO public.tblingredientnutritionaninformation (amount, ingredient_id, ni_id) VALUES (2.5, 918, 3);
INSERT INTO public.tblingredient (ingredient_id,name) VALUES (919,'Сметана 30%');
INSERT INTO public.tblingredientnutritionaninformation (amount, ingredient_id, ni_id) VALUES (30.0, 919, 1);
INSERT INTO public.tblingredientnutritionaninformation (amount, ingredient_id, ni_id) VALUES (2.4, 919, 2);
INSERT INTO public.tblingredientnutritionaninformation (amount, ingredient_id, ni_id) VALUES (3.1, 919, 3);
INSERT INTO public.tblingredient (ingredient_id,name) VALUES (920,'Сметана 40% (жирная)');
INSERT INTO public.tblingredientnutritionaninformation (amount, ingredient_id, ni_id) VALUES (40.0, 920, 1);
INSERT INTO public.tblingredientnutritionaninformation (amount, ingredient_id, ni_id) VALUES (2.4, 920, 2);
INSERT INTO public.tblingredientnutritionaninformation (amount, ingredient_id, ni_id) VALUES (2.6, 920, 3);
INSERT INTO public.tblingredient (ingredient_id,name) VALUES (921,'Смилакс (Сассапариль)');
INSERT INTO public.tblingredientnutritionaninformation (amount, ingredient_id, ni_id) VALUES (0.0, 921, 1);
INSERT INTO public.tblingredientnutritionaninformation (amount, ingredient_id, ni_id) VALUES (0.0, 921, 2);
INSERT INTO public.tblingredientnutritionaninformation (amount, ingredient_id, ni_id) VALUES (0.0, 921, 3);
INSERT INTO public.tblingredient (ingredient_id,name) VALUES (922,'Смородина белая');
INSERT INTO public.tblingredientnutritionaninformation (amount, ingredient_id, ni_id) VALUES (0.2, 922, 1);
INSERT INTO public.tblingredientnutritionaninformation (amount, ingredient_id, ni_id) VALUES (0.5, 922, 2);
INSERT INTO public.tblingredientnutritionaninformation (amount, ingredient_id, ni_id) VALUES (8.0, 922, 3);
INSERT INTO public.tblingredient (ingredient_id,name) VALUES (923,'Смородина красная');
INSERT INTO public.tblingredientnutritionaninformation (amount, ingredient_id, ni_id) VALUES (0.2, 923, 1);
INSERT INTO public.tblingredientnutritionaninformation (amount, ingredient_id, ni_id) VALUES (0.6, 923, 2);
INSERT INTO public.tblingredientnutritionaninformation (amount, ingredient_id, ni_id) VALUES (7.7, 923, 3);
INSERT INTO public.tblingredient (ingredient_id,name) VALUES (924,'Смородина чёрная');
INSERT INTO public.tblingredientnutritionaninformation (amount, ingredient_id, ni_id) VALUES (0.4, 924, 1);
INSERT INTO public.tblingredientnutritionaninformation (amount, ingredient_id, ni_id) VALUES (1.0, 924, 2);
INSERT INTO public.tblingredientnutritionaninformation (amount, ingredient_id, ni_id) VALUES (7.3, 924, 3);
INSERT INTO public.tblingredient (ingredient_id,name) VALUES (925,'Сморчки свежие');
INSERT INTO public.tblingredientnutritionaninformation (amount, ingredient_id, ni_id) VALUES (0.3, 925, 1);
INSERT INTO public.tblingredientnutritionaninformation (amount, ingredient_id, ni_id) VALUES (1.7, 925, 2);
INSERT INTO public.tblingredientnutritionaninformation (amount, ingredient_id, ni_id) VALUES (4.2, 925, 3);
INSERT INTO public.tblingredient (ingredient_id,name) VALUES (926,'Сода пищевая');
INSERT INTO public.tblingredientnutritionaninformation (amount, ingredient_id, ni_id) VALUES (0.0, 926, 1);
INSERT INTO public.tblingredientnutritionaninformation (amount, ingredient_id, ni_id) VALUES (0.0, 926, 2);
INSERT INTO public.tblingredientnutritionaninformation (amount, ingredient_id, ni_id) VALUES (0.0, 926, 3);
INSERT INTO public.tblingredient (ingredient_id,name) VALUES (927,'Соевая паста');
INSERT INTO public.tblingredientnutritionaninformation (amount, ingredient_id, ni_id) VALUES (20.2, 927, 1);
INSERT INTO public.tblingredientnutritionaninformation (amount, ingredient_id, ni_id) VALUES (8.3, 927, 2);
INSERT INTO public.tblingredientnutritionaninformation (amount, ingredient_id, ni_id) VALUES (21.7, 927, 3);
INSERT INTO public.tblingredient (ingredient_id,name) VALUES (928,'Соевая спаржа сухая (Фучжу)');
INSERT INTO public.tblingredientnutritionaninformation (amount, ingredient_id, ni_id) VALUES (20.0, 928, 1);
INSERT INTO public.tblingredientnutritionaninformation (amount, ingredient_id, ni_id) VALUES (45.0, 928, 2);
INSERT INTO public.tblingredientnutritionaninformation (amount, ingredient_id, ni_id) VALUES (20.0, 928, 3);
INSERT INTO public.tblingredient (ingredient_id,name) VALUES (929,'Соевое мясо');
INSERT INTO public.tblingredientnutritionaninformation (amount, ingredient_id, ni_id) VALUES (1.0, 929, 1);
INSERT INTO public.tblingredientnutritionaninformation (amount, ingredient_id, ni_id) VALUES (52.0, 929, 2);
INSERT INTO public.tblingredientnutritionaninformation (amount, ingredient_id, ni_id) VALUES (17.6, 929, 3);
INSERT INTO public.tblingredient (ingredient_id,name) VALUES (930,'Сок киви');
INSERT INTO public.tblingredientnutritionaninformation (amount, ingredient_id, ni_id) VALUES (0.3, 930, 1);
INSERT INTO public.tblingredientnutritionaninformation (amount, ingredient_id, ni_id) VALUES (0.0, 930, 2);
INSERT INTO public.tblingredientnutritionaninformation (amount, ingredient_id, ni_id) VALUES (10.0, 930, 3);
INSERT INTO public.tblingredient (ingredient_id,name) VALUES (931,'Сок нони');
INSERT INTO public.tblingredientnutritionaninformation (amount, ingredient_id, ni_id) VALUES (0.3, 931, 1);
INSERT INTO public.tblingredientnutritionaninformation (amount, ingredient_id, ni_id) VALUES (0.1, 931, 2);
INSERT INTO public.tblingredientnutritionaninformation (amount, ingredient_id, ni_id) VALUES (10.0, 931, 3);
INSERT INTO public.tblingredient (ingredient_id,name) VALUES (932,'Сок папайи');
INSERT INTO public.tblingredientnutritionaninformation (amount, ingredient_id, ni_id) VALUES (0.1, 932, 1);
INSERT INTO public.tblingredientnutritionaninformation (amount, ingredient_id, ni_id) VALUES (0.4, 932, 2);
INSERT INTO public.tblingredientnutritionaninformation (amount, ingredient_id, ni_id) VALUES (13.3, 932, 3);
INSERT INTO public.tblingredient (ingredient_id,name) VALUES (933,'Сок петрушки');
INSERT INTO public.tblingredientnutritionaninformation (amount, ingredient_id, ni_id) VALUES (0.4, 933, 1);
INSERT INTO public.tblingredientnutritionaninformation (amount, ingredient_id, ni_id) VALUES (3.7, 933, 2);
INSERT INTO public.tblingredientnutritionaninformation (amount, ingredient_id, ni_id) VALUES (7.6, 933, 3);
INSERT INTO public.tblingredient (ingredient_id,name) VALUES (934,'Сок сельдерея');
INSERT INTO public.tblingredientnutritionaninformation (amount, ingredient_id, ni_id) VALUES (0.3, 934, 1);
INSERT INTO public.tblingredientnutritionaninformation (amount, ingredient_id, ni_id) VALUES (0.7, 934, 2);
INSERT INTO public.tblingredientnutritionaninformation (amount, ingredient_id, ni_id) VALUES (4.8, 934, 3);
INSERT INTO public.tblingredient (ingredient_id,name) VALUES (935,'Солнечник');
INSERT INTO public.tblingredientnutritionaninformation (amount, ingredient_id, ni_id) VALUES (2.2, 935, 1);
INSERT INTO public.tblingredientnutritionaninformation (amount, ingredient_id, ni_id) VALUES (18.9, 935, 2);
INSERT INTO public.tblingredientnutritionaninformation (amount, ingredient_id, ni_id) VALUES (0.0, 935, 3);
INSERT INTO public.tblingredient (ingredient_id,name) VALUES (936,'Солод ржаной');
INSERT INTO public.tblingredientnutritionaninformation (amount, ingredient_id, ni_id) VALUES (1.2, 936, 1);
INSERT INTO public.tblingredientnutritionaninformation (amount, ingredient_id, ni_id) VALUES (9.8, 936, 2);
INSERT INTO public.tblingredientnutritionaninformation (amount, ingredient_id, ni_id) VALUES (66.4, 936, 3);
INSERT INTO public.tblingredient (ingredient_id,name) VALUES (937,'Солодка (корень)');
INSERT INTO public.tblingredientnutritionaninformation (amount, ingredient_id, ni_id) VALUES (0.1, 937, 1);
INSERT INTO public.tblingredientnutritionaninformation (amount, ingredient_id, ni_id) VALUES (0.0, 937, 2);
INSERT INTO public.tblingredientnutritionaninformation (amount, ingredient_id, ni_id) VALUES (93.5, 937, 3);
INSERT INTO public.tblingredient (ingredient_id,name) VALUES (938,'Солодка (лакрица)');
INSERT INTO public.tblingredientnutritionaninformation (amount, ingredient_id, ni_id) VALUES (0.1, 938, 1);
INSERT INTO public.tblingredientnutritionaninformation (amount, ingredient_id, ni_id) VALUES (0.0, 938, 2);
INSERT INTO public.tblingredientnutritionaninformation (amount, ingredient_id, ni_id) VALUES (93.0, 938, 3);
INSERT INTO public.tblingredient (ingredient_id,name) VALUES (939,'Соль');
INSERT INTO public.tblingredientnutritionaninformation (amount, ingredient_id, ni_id) VALUES (0.0, 939, 1);
INSERT INTO public.tblingredientnutritionaninformation (amount, ingredient_id, ni_id) VALUES (0.0, 939, 2);
INSERT INTO public.tblingredientnutritionaninformation (amount, ingredient_id, ni_id) VALUES (0.0, 939, 3);
INSERT INTO public.tblingredient (ingredient_id,name) VALUES (940,'Соль гималайская розовая');
INSERT INTO public.tblingredientnutritionaninformation (amount, ingredient_id, ni_id) VALUES (0.1, 940, 1);
INSERT INTO public.tblingredientnutritionaninformation (amount, ingredient_id, ni_id) VALUES (0.1, 940, 2);
INSERT INTO public.tblingredientnutritionaninformation (amount, ingredient_id, ni_id) VALUES (0.7, 940, 3);
INSERT INTO public.tblingredient (ingredient_id,name) VALUES (941,'Соль йодированная');
INSERT INTO public.tblingredientnutritionaninformation (amount, ingredient_id, ni_id) VALUES (0.0, 941, 1);
INSERT INTO public.tblingredientnutritionaninformation (amount, ingredient_id, ni_id) VALUES (0.0, 941, 2);
INSERT INTO public.tblingredientnutritionaninformation (amount, ingredient_id, ni_id) VALUES (0.0, 941, 3);
INSERT INTO public.tblingredient (ingredient_id,name) VALUES (942,'Соль морская');
INSERT INTO public.tblingredientnutritionaninformation (amount, ingredient_id, ni_id) VALUES (0.0, 942, 1);
INSERT INTO public.tblingredientnutritionaninformation (amount, ingredient_id, ni_id) VALUES (0.0, 942, 2);
INSERT INTO public.tblingredientnutritionaninformation (amount, ingredient_id, ni_id) VALUES (0.0, 942, 3);
INSERT INTO public.tblingredient (ingredient_id,name) VALUES (943,'Соль сванская');
INSERT INTO public.tblingredientnutritionaninformation (amount, ingredient_id, ni_id) VALUES (0.0, 943, 1);
INSERT INTO public.tblingredientnutritionaninformation (amount, ingredient_id, ni_id) VALUES (0.0, 943, 2);
INSERT INTO public.tblingredientnutritionaninformation (amount, ingredient_id, ni_id) VALUES (0.0, 943, 3);
INSERT INTO public.tblingredient (ingredient_id,name) VALUES (944,'Соль чёрная пищевая Четверговая');
INSERT INTO public.tblingredientnutritionaninformation (amount, ingredient_id, ni_id) VALUES (0.0, 944, 1);
INSERT INTO public.tblingredientnutritionaninformation (amount, ingredient_id, ni_id) VALUES (0.0, 944, 2);
INSERT INTO public.tblingredientnutritionaninformation (amount, ingredient_id, ni_id) VALUES (0.0, 944, 3);
INSERT INTO public.tblingredient (ingredient_id,name) VALUES (945,'Соль чесночная');
INSERT INTO public.tblingredientnutritionaninformation (amount, ingredient_id, ni_id) VALUES (0.2, 945, 1);
INSERT INTO public.tblingredientnutritionaninformation (amount, ingredient_id, ni_id) VALUES (4.3, 945, 2);
INSERT INTO public.tblingredientnutritionaninformation (amount, ingredient_id, ni_id) VALUES (1.9, 945, 3);
INSERT INTO public.tblingredient (ingredient_id,name) VALUES (946,'Сом свежий');
INSERT INTO public.tblingredientnutritionaninformation (amount, ingredient_id, ni_id) VALUES (8.5, 946, 1);
INSERT INTO public.tblingredientnutritionaninformation (amount, ingredient_id, ni_id) VALUES (16.8, 946, 2);
INSERT INTO public.tblingredientnutritionaninformation (amount, ingredient_id, ni_id) VALUES (0.0, 946, 3);
INSERT INTO public.tblingredient (ingredient_id,name) VALUES (947,'Сорго зерновое');
INSERT INTO public.tblingredientnutritionaninformation (amount, ingredient_id, ni_id) VALUES (3.3, 947, 1);
INSERT INTO public.tblingredientnutritionaninformation (amount, ingredient_id, ni_id) VALUES (11.8, 947, 2);
INSERT INTO public.tblingredientnutritionaninformation (amount, ingredient_id, ni_id) VALUES (66.4, 947, 3);
INSERT INTO public.tblingredient (ingredient_id,name) VALUES (948,'Соус соевый');
INSERT INTO public.tblingredientnutritionaninformation (amount, ingredient_id, ni_id) VALUES (0.0, 948, 1);
INSERT INTO public.tblingredientnutritionaninformation (amount, ingredient_id, ni_id) VALUES (7.0, 948, 2);
INSERT INTO public.tblingredientnutritionaninformation (amount, ingredient_id, ni_id) VALUES (8.0, 948, 3);
INSERT INTO public.tblingredient (ingredient_id,name) VALUES (949,'Соус томатный');
INSERT INTO public.tblingredientnutritionaninformation (amount, ingredient_id, ni_id) VALUES (7.8, 949, 1);
INSERT INTO public.tblingredientnutritionaninformation (amount, ingredient_id, ni_id) VALUES (1.7, 949, 2);
INSERT INTO public.tblingredientnutritionaninformation (amount, ingredient_id, ni_id) VALUES (4.5, 949, 3);
INSERT INTO public.tblingredient (ingredient_id,name) VALUES (950,'Соус чили');
INSERT INTO public.tblingredientnutritionaninformation (amount, ingredient_id, ni_id) VALUES (0.3, 950, 1);
INSERT INTO public.tblingredientnutritionaninformation (amount, ingredient_id, ni_id) VALUES (2.5, 950, 2);
INSERT INTO public.tblingredientnutritionaninformation (amount, ingredient_id, ni_id) VALUES (30.1, 950, 3);
INSERT INTO public.tblingredient (ingredient_id,name) VALUES (951,'Сочник');
INSERT INTO public.tblingredientnutritionaninformation (amount, ingredient_id, ni_id) VALUES (8.8, 951, 1);
INSERT INTO public.tblingredientnutritionaninformation (amount, ingredient_id, ni_id) VALUES (10.1, 951, 2);
INSERT INTO public.tblingredientnutritionaninformation (amount, ingredient_id, ni_id) VALUES (40.5, 951, 3);
INSERT INTO public.tblingredient (ingredient_id,name) VALUES (952,'Соя');
INSERT INTO public.tblingredientnutritionaninformation (amount, ingredient_id, ni_id) VALUES (17.3, 952, 1);
INSERT INTO public.tblingredientnutritionaninformation (amount, ingredient_id, ni_id) VALUES (34.9, 952, 2);
INSERT INTO public.tblingredientnutritionaninformation (amount, ingredient_id, ni_id) VALUES (17.3, 952, 3);
INSERT INTO public.tblingredient (ingredient_id,name) VALUES (953,'Соя (ростки)');
INSERT INTO public.tblingredientnutritionaninformation (amount, ingredient_id, ni_id) VALUES (6.7, 953, 1);
INSERT INTO public.tblingredientnutritionaninformation (amount, ingredient_id, ni_id) VALUES (13.1, 953, 2);
INSERT INTO public.tblingredientnutritionaninformation (amount, ingredient_id, ni_id) VALUES (9.6, 953, 3);
INSERT INTO public.tblingredient (ingredient_id,name) VALUES (954,'Соя (сухие семена)');
INSERT INTO public.tblingredientnutritionaninformation (amount, ingredient_id, ni_id) VALUES (17.3, 954, 1);
INSERT INTO public.tblingredientnutritionaninformation (amount, ingredient_id, ni_id) VALUES (34.9, 954, 2);
INSERT INTO public.tblingredientnutritionaninformation (amount, ingredient_id, ni_id) VALUES (26.5, 954, 3);
INSERT INTO public.tblingredient (ingredient_id,name) VALUES (955,'Спагетти');
INSERT INTO public.tblingredientnutritionaninformation (amount, ingredient_id, ni_id) VALUES (1.1, 955, 1);
INSERT INTO public.tblingredientnutritionaninformation (amount, ingredient_id, ni_id) VALUES (10.4, 955, 2);
INSERT INTO public.tblingredientnutritionaninformation (amount, ingredient_id, ni_id) VALUES (71.5, 955, 3);
INSERT INTO public.tblingredient (ingredient_id,name) VALUES (956,'Спагеттини');
INSERT INTO public.tblingredientnutritionaninformation (amount, ingredient_id, ni_id) VALUES (1.6, 956, 1);
INSERT INTO public.tblingredientnutritionaninformation (amount, ingredient_id, ni_id) VALUES (11.2, 956, 2);
INSERT INTO public.tblingredientnutritionaninformation (amount, ingredient_id, ni_id) VALUES (68.4, 956, 3);
INSERT INTO public.tblingredient (ingredient_id,name) VALUES (957,'Спаржа');
INSERT INTO public.tblingredientnutritionaninformation (amount, ingredient_id, ni_id) VALUES (0.1, 957, 1);
INSERT INTO public.tblingredientnutritionaninformation (amount, ingredient_id, ni_id) VALUES (1.9, 957, 2);
INSERT INTO public.tblingredientnutritionaninformation (amount, ingredient_id, ni_id) VALUES (3.1, 957, 3);
INSERT INTO public.tblingredient (ingredient_id,name) VALUES (958,'Спирт этиловый 96%');
INSERT INTO public.tblingredientnutritionaninformation (amount, ingredient_id, ni_id) VALUES (0.0, 958, 1);
INSERT INTO public.tblingredientnutritionaninformation (amount, ingredient_id, ni_id) VALUES (0.0, 958, 2);
INSERT INTO public.tblingredientnutritionaninformation (amount, ingredient_id, ni_id) VALUES (3.8, 958, 3);
INSERT INTO public.tblingredient (ingredient_id,name) VALUES (959,'Ставрида свежая');
INSERT INTO public.tblingredientnutritionaninformation (amount, ingredient_id, ni_id) VALUES (5.0, 959, 1);
INSERT INTO public.tblingredientnutritionaninformation (amount, ingredient_id, ni_id) VALUES (19.0, 959, 2);
INSERT INTO public.tblingredientnutritionaninformation (amount, ingredient_id, ni_id) VALUES (0.0, 959, 3);
INSERT INTO public.tblingredient (ingredient_id,name) VALUES (960,'Стевия (Медовая трава)');
INSERT INTO public.tblingredientnutritionaninformation (amount, ingredient_id, ni_id) VALUES (0.0, 960, 1);
INSERT INTO public.tblingredientnutritionaninformation (amount, ingredient_id, ni_id) VALUES (0.0, 960, 2);
INSERT INTO public.tblingredientnutritionaninformation (amount, ingredient_id, ni_id) VALUES (0.1, 960, 3);
INSERT INTO public.tblingredient (ingredient_id,name) VALUES (961,'Стерлядь свежая');
INSERT INTO public.tblingredientnutritionaninformation (amount, ingredient_id, ni_id) VALUES (6.1, 961, 1);
INSERT INTO public.tblingredientnutritionaninformation (amount, ingredient_id, ni_id) VALUES (17.0, 961, 2);
INSERT INTO public.tblingredientnutritionaninformation (amount, ingredient_id, ni_id) VALUES (0.0, 961, 3);
INSERT INTO public.tblingredient (ingredient_id,name) VALUES (962,'Страусиное мясо');
INSERT INTO public.tblingredientnutritionaninformation (amount, ingredient_id, ni_id) VALUES (1.2, 962, 1);
INSERT INTO public.tblingredientnutritionaninformation (amount, ingredient_id, ni_id) VALUES (21.7, 962, 2);
INSERT INTO public.tblingredientnutritionaninformation (amount, ingredient_id, ni_id) VALUES (0.0, 962, 3);
INSERT INTO public.tblingredient (ingredient_id,name) VALUES (963,'Стрелолист обыкновенный (Болотник)');
INSERT INTO public.tblingredientnutritionaninformation (amount, ingredient_id, ni_id) VALUES (0.3, 963, 1);
INSERT INTO public.tblingredientnutritionaninformation (amount, ingredient_id, ni_id) VALUES (5.3, 963, 2);
INSERT INTO public.tblingredientnutritionaninformation (amount, ingredient_id, ni_id) VALUES (20.2, 963, 3);
INSERT INTO public.tblingredient (ingredient_id,name) VALUES (964,'Судак свежий');
INSERT INTO public.tblingredientnutritionaninformation (amount, ingredient_id, ni_id) VALUES (0.7, 964, 1);
INSERT INTO public.tblingredientnutritionaninformation (amount, ingredient_id, ni_id) VALUES (19.2, 964, 2);
INSERT INTO public.tblingredientnutritionaninformation (amount, ingredient_id, ni_id) VALUES (0.0, 964, 3);
INSERT INTO public.tblingredient (ingredient_id,name) VALUES (965,'Сузьма');
INSERT INTO public.tblingredientnutritionaninformation (amount, ingredient_id, ni_id) VALUES (3.2, 965, 1);
INSERT INTO public.tblingredientnutritionaninformation (amount, ingredient_id, ni_id) VALUES (2.8, 965, 2);
INSERT INTO public.tblingredientnutritionaninformation (amount, ingredient_id, ni_id) VALUES (4.2, 965, 3);
INSERT INTO public.tblingredient (ingredient_id,name) VALUES (966,'Сумах');
INSERT INTO public.tblingredientnutritionaninformation (amount, ingredient_id, ni_id) VALUES (9.0, 966, 1);
INSERT INTO public.tblingredientnutritionaninformation (amount, ingredient_id, ni_id) VALUES (10.0, 966, 2);
INSERT INTO public.tblingredientnutritionaninformation (amount, ingredient_id, ni_id) VALUES (28.0, 966, 3);
INSERT INTO public.tblingredient (ingredient_id,name) VALUES (967,'Сухари панировочные');
INSERT INTO public.tblingredientnutritionaninformation (amount, ingredient_id, ni_id) VALUES (1.9, 967, 1);
INSERT INTO public.tblingredientnutritionaninformation (amount, ingredient_id, ni_id) VALUES (9.7, 967, 2);
INSERT INTO public.tblingredientnutritionaninformation (amount, ingredient_id, ni_id) VALUES (77.6, 967, 3);
INSERT INTO public.tblingredient (ingredient_id,name) VALUES (968,'Сыворотка творожная');
INSERT INTO public.tblingredientnutritionaninformation (amount, ingredient_id, ni_id) VALUES (0.2, 968, 1);
INSERT INTO public.tblingredientnutritionaninformation (amount, ingredient_id, ni_id) VALUES (0.8, 968, 2);
INSERT INTO public.tblingredientnutritionaninformation (amount, ingredient_id, ni_id) VALUES (3.5, 968, 3);
INSERT INTO public.tblingredient (ingredient_id,name) VALUES (969,'Сыр Абонданс');
INSERT INTO public.tblingredientnutritionaninformation (amount, ingredient_id, ni_id) VALUES (26.6, 969, 1);
INSERT INTO public.tblingredientnutritionaninformation (amount, ingredient_id, ni_id) VALUES (26.3, 969, 2);
INSERT INTO public.tblingredientnutritionaninformation (amount, ingredient_id, ni_id) VALUES (0.0, 969, 3);
INSERT INTO public.tblingredient (ingredient_id,name) VALUES (970,'Сыр Адыгейский');
INSERT INTO public.tblingredientnutritionaninformation (amount, ingredient_id, ni_id) VALUES (14.0, 970, 1);
INSERT INTO public.tblingredientnutritionaninformation (amount, ingredient_id, ni_id) VALUES (18.5, 970, 2);
INSERT INTO public.tblingredientnutritionaninformation (amount, ingredient_id, ni_id) VALUES (0.0, 970, 3);
INSERT INTO public.tblingredient (ingredient_id,name) VALUES (971,'Сыр Алтайский');
INSERT INTO public.tblingredientnutritionaninformation (amount, ingredient_id, ni_id) VALUES (26.5, 971, 1);
INSERT INTO public.tblingredientnutritionaninformation (amount, ingredient_id, ni_id) VALUES (26.0, 971, 2);
INSERT INTO public.tblingredientnutritionaninformation (amount, ingredient_id, ni_id) VALUES (3.5, 971, 3);
INSERT INTO public.tblingredient (ingredient_id,name) VALUES (972,'Сыр Альпийский');
INSERT INTO public.tblingredientnutritionaninformation (amount, ingredient_id, ni_id) VALUES (27.0, 972, 1);
INSERT INTO public.tblingredientnutritionaninformation (amount, ingredient_id, ni_id) VALUES (25.0, 972, 2);
INSERT INTO public.tblingredientnutritionaninformation (amount, ingredient_id, ni_id) VALUES (0.0, 972, 3);
INSERT INTO public.tblingredient (ingredient_id,name) VALUES (973,'Сыр Амадеус');
INSERT INTO public.tblingredientnutritionaninformation (amount, ingredient_id, ni_id) VALUES (29.3, 973, 1);
INSERT INTO public.tblingredientnutritionaninformation (amount, ingredient_id, ni_id) VALUES (28.6, 973, 2);
INSERT INTO public.tblingredientnutritionaninformation (amount, ingredient_id, ni_id) VALUES (0.1, 973, 3);
INSERT INTO public.tblingredient (ingredient_id,name) VALUES (974,'Сыр Амбер');
INSERT INTO public.tblingredientnutritionaninformation (amount, ingredient_id, ni_id) VALUES (10.0, 974, 1);
INSERT INTO public.tblingredientnutritionaninformation (amount, ingredient_id, ni_id) VALUES (31.0, 974, 2);
INSERT INTO public.tblingredientnutritionaninformation (amount, ingredient_id, ni_id) VALUES (10.0, 974, 3);
INSERT INTO public.tblingredient (ingredient_id,name) VALUES (975,'Сыр Анари');
INSERT INTO public.tblingredientnutritionaninformation (amount, ingredient_id, ni_id) VALUES (15.0, 975, 1);
INSERT INTO public.tblingredientnutritionaninformation (amount, ingredient_id, ni_id) VALUES (11.0, 975, 2);
INSERT INTO public.tblingredientnutritionaninformation (amount, ingredient_id, ni_id) VALUES (2.0, 975, 3);
INSERT INTO public.tblingredient (ingredient_id,name) VALUES (976,'Сыр Аппенцеллер');
INSERT INTO public.tblingredientnutritionaninformation (amount, ingredient_id, ni_id) VALUES (31.7, 976, 1);
INSERT INTO public.tblingredientnutritionaninformation (amount, ingredient_id, ni_id) VALUES (24.7, 976, 2);
INSERT INTO public.tblingredientnutritionaninformation (amount, ingredient_id, ni_id) VALUES (2.0, 976, 3);
INSERT INTO public.tblingredient (ingredient_id,name) VALUES (977,'Сыр Асьяго');
INSERT INTO public.tblingredientnutritionaninformation (amount, ingredient_id, ni_id) VALUES (8.1, 977, 1);
INSERT INTO public.tblingredientnutritionaninformation (amount, ingredient_id, ni_id) VALUES (10.9, 977, 2);
INSERT INTO public.tblingredientnutritionaninformation (amount, ingredient_id, ni_id) VALUES (1.2, 977, 3);
INSERT INTO public.tblingredient (ingredient_id,name) VALUES (978,'Сыр Атлет');
INSERT INTO public.tblingredientnutritionaninformation (amount, ingredient_id, ni_id) VALUES (19.0, 978, 1);
INSERT INTO public.tblingredientnutritionaninformation (amount, ingredient_id, ni_id) VALUES (30.0, 978, 2);
INSERT INTO public.tblingredientnutritionaninformation (amount, ingredient_id, ni_id) VALUES (0.0, 978, 3);
INSERT INTO public.tblingredient (ingredient_id,name) VALUES (979,'Сыр Бавария Блю');
INSERT INTO public.tblingredientnutritionaninformation (amount, ingredient_id, ni_id) VALUES (43.8, 979, 1);
INSERT INTO public.tblingredientnutritionaninformation (amount, ingredient_id, ni_id) VALUES (13.5, 979, 2);
INSERT INTO public.tblingredientnutritionaninformation (amount, ingredient_id, ni_id) VALUES (0.5, 979, 3);
INSERT INTO public.tblingredient (ingredient_id,name) VALUES (980,'Сыр Бийский');
INSERT INTO public.tblingredientnutritionaninformation (amount, ingredient_id, ni_id) VALUES (29.9, 980, 1);
INSERT INTO public.tblingredientnutritionaninformation (amount, ingredient_id, ni_id) VALUES (24.2, 980, 2);
INSERT INTO public.tblingredientnutritionaninformation (amount, ingredient_id, ni_id) VALUES (0.0, 980, 3);
INSERT INTO public.tblingredient (ingredient_id,name) VALUES (981,'Сыр Бонгрейн Фол Эпи');
INSERT INTO public.tblingredientnutritionaninformation (amount, ingredient_id, ni_id) VALUES (16.0, 981, 1);
INSERT INTO public.tblingredientnutritionaninformation (amount, ingredient_id, ni_id) VALUES (28.8, 981, 2);
INSERT INTO public.tblingredientnutritionaninformation (amount, ingredient_id, ni_id) VALUES (1.8, 981, 3);
INSERT INTO public.tblingredient (ingredient_id,name) VALUES (982,'Сыр Бонфесто Моцарелла Пицца');
INSERT INTO public.tblingredientnutritionaninformation (amount, ingredient_id, ni_id) VALUES (20.3, 982, 1);
INSERT INTO public.tblingredientnutritionaninformation (amount, ingredient_id, ni_id) VALUES (18.4, 982, 2);
INSERT INTO public.tblingredientnutritionaninformation (amount, ingredient_id, ni_id) VALUES (0.0, 982, 3);
INSERT INTO public.tblingredient (ingredient_id,name) VALUES (983,'Сыр Бонфесто Рикотта Лайт мягкий');
INSERT INTO public.tblingredientnutritionaninformation (amount, ingredient_id, ni_id) VALUES (10.0, 983, 1);
INSERT INTO public.tblingredientnutritionaninformation (amount, ingredient_id, ni_id) VALUES (11.3, 983, 2);
INSERT INTO public.tblingredientnutritionaninformation (amount, ingredient_id, ni_id) VALUES (2.5, 983, 3);
INSERT INTO public.tblingredient (ingredient_id,name) VALUES (984,'Сыр Бофор');
INSERT INTO public.tblingredientnutritionaninformation (amount, ingredient_id, ni_id) VALUES (26.6, 984, 1);
INSERT INTO public.tblingredientnutritionaninformation (amount, ingredient_id, ni_id) VALUES (26.3, 984, 2);
INSERT INTO public.tblingredientnutritionaninformation (amount, ingredient_id, ni_id) VALUES (0.0, 984, 3);
INSERT INTO public.tblingredient (ingredient_id,name) VALUES (985,'Сыр Бри');
INSERT INTO public.tblingredientnutritionaninformation (amount, ingredient_id, ni_id) VALUES (23.0, 985, 1);
INSERT INTO public.tblingredientnutritionaninformation (amount, ingredient_id, ni_id) VALUES (21.0, 985, 2);
INSERT INTO public.tblingredientnutritionaninformation (amount, ingredient_id, ni_id) VALUES (0.0, 985, 3);
INSERT INTO public.tblingredient (ingredient_id,name) VALUES (986,'Сыр брынза (из коровьего молока)');
INSERT INTO public.tblingredientnutritionaninformation (amount, ingredient_id, ni_id) VALUES (20.1, 986, 1);
INSERT INTO public.tblingredientnutritionaninformation (amount, ingredient_id, ni_id) VALUES (17.9, 986, 2);
INSERT INTO public.tblingredientnutritionaninformation (amount, ingredient_id, ni_id) VALUES (0.0, 986, 3);
INSERT INTO public.tblingredient (ingredient_id,name) VALUES (987,'Сыр брынза (из овечьего молока)');
INSERT INTO public.tblingredientnutritionaninformation (amount, ingredient_id, ni_id) VALUES (25.5, 987, 1);
INSERT INTO public.tblingredientnutritionaninformation (amount, ingredient_id, ni_id) VALUES (14.6, 987, 2);
INSERT INTO public.tblingredientnutritionaninformation (amount, ingredient_id, ni_id) VALUES (0.0, 987, 3);
INSERT INTO public.tblingredient (ingredient_id,name) VALUES (988,'Сыр Бурата');
INSERT INTO public.tblingredientnutritionaninformation (amount, ingredient_id, ni_id) VALUES (35.0, 988, 1);
INSERT INTO public.tblingredientnutritionaninformation (amount, ingredient_id, ni_id) VALUES (0.0, 988, 2);
INSERT INTO public.tblingredientnutritionaninformation (amount, ingredient_id, ni_id) VALUES (0.0, 988, 3);
INSERT INTO public.tblingredient (ingredient_id,name) VALUES (989,'Сыр Вырусский');
INSERT INTO public.tblingredientnutritionaninformation (amount, ingredient_id, ni_id) VALUES (15.0, 989, 1);
INSERT INTO public.tblingredientnutritionaninformation (amount, ingredient_id, ni_id) VALUES (29.0, 989, 2);
INSERT INTO public.tblingredientnutritionaninformation (amount, ingredient_id, ni_id) VALUES (0.0, 989, 3);
INSERT INTO public.tblingredient (ingredient_id,name) VALUES (990,'Сыр Моцарелла');
INSERT INTO public.tblingredientnutritionaninformation (amount, ingredient_id, ni_id) VALUES (13.5, 990, 1);
INSERT INTO public.tblingredientnutritionaninformation (amount, ingredient_id, ni_id) VALUES (17.5, 990, 2);
INSERT INTO public.tblingredientnutritionaninformation (amount, ingredient_id, ni_id) VALUES (1.0, 990, 3);
INSERT INTO public.tblingredient (ingredient_id,name) VALUES (991,'Сыр Гауда');
INSERT INTO public.tblingredientnutritionaninformation (amount, ingredient_id, ni_id) VALUES (27.0, 991, 1);
INSERT INTO public.tblingredientnutritionaninformation (amount, ingredient_id, ni_id) VALUES (25.0, 991, 2);
INSERT INTO public.tblingredientnutritionaninformation (amount, ingredient_id, ni_id) VALUES (2.0, 991, 3);
INSERT INTO public.tblingredient (ingredient_id,name) VALUES (992,'Сыр Гермелин');
INSERT INTO public.tblingredientnutritionaninformation (amount, ingredient_id, ni_id) VALUES (25.0, 992, 1);
INSERT INTO public.tblingredientnutritionaninformation (amount, ingredient_id, ni_id) VALUES (20.0, 992, 2);
INSERT INTO public.tblingredientnutritionaninformation (amount, ingredient_id, ni_id) VALUES (1.0, 992, 3);
INSERT INTO public.tblingredient (ingredient_id,name) VALUES (993,'Сыр Косичка копченый');
INSERT INTO public.tblingredientnutritionaninformation (amount, ingredient_id, ni_id) VALUES (23.0, 993, 1);
INSERT INTO public.tblingredientnutritionaninformation (amount, ingredient_id, ni_id) VALUES (22.6, 993, 2);
INSERT INTO public.tblingredientnutritionaninformation (amount, ingredient_id, ni_id) VALUES (0.0, 993, 3);
INSERT INTO public.tblingredient (ingredient_id,name) VALUES (994,'Сыр Чечил');
INSERT INTO public.tblingredientnutritionaninformation (amount, ingredient_id, ni_id) VALUES (18.8, 994, 1);
INSERT INTO public.tblingredientnutritionaninformation (amount, ingredient_id, ni_id) VALUES (19.5, 994, 2);
INSERT INTO public.tblingredientnutritionaninformation (amount, ingredient_id, ni_id) VALUES (0.0, 994, 3);
INSERT INTO public.tblingredient (ingredient_id,name) VALUES (995,'Сыр Голландский');
INSERT INTO public.tblingredientnutritionaninformation (amount, ingredient_id, ni_id) VALUES (26.8, 995, 1);
INSERT INTO public.tblingredientnutritionaninformation (amount, ingredient_id, ni_id) VALUES (26.0, 995, 2);
INSERT INTO public.tblingredientnutritionaninformation (amount, ingredient_id, ni_id) VALUES (0.0, 995, 3);
INSERT INTO public.tblingredient (ingredient_id,name) VALUES (996,'Сыр Горгонзола');
INSERT INTO public.tblingredientnutritionaninformation (amount, ingredient_id, ni_id) VALUES (26.0, 996, 1);
INSERT INTO public.tblingredientnutritionaninformation (amount, ingredient_id, ni_id) VALUES (19.0, 996, 2);
INSERT INTO public.tblingredientnutritionaninformation (amount, ingredient_id, ni_id) VALUES (0.0, 996, 3);
INSERT INTO public.tblingredient (ingredient_id,name) VALUES (997,'Сыр Горный');
INSERT INTO public.tblingredientnutritionaninformation (amount, ingredient_id, ni_id) VALUES (29.7, 997, 1);
INSERT INTO public.tblingredientnutritionaninformation (amount, ingredient_id, ni_id) VALUES (29.3, 997, 2);
INSERT INTO public.tblingredientnutritionaninformation (amount, ingredient_id, ni_id) VALUES (1.0, 997, 3);
INSERT INTO public.tblingredient (ingredient_id,name) VALUES (998,'Сыр Грана Падано');
INSERT INTO public.tblingredientnutritionaninformation (amount, ingredient_id, ni_id) VALUES (28.0, 998, 1);
INSERT INTO public.tblingredientnutritionaninformation (amount, ingredient_id, ni_id) VALUES (33.0, 998, 2);
INSERT INTO public.tblingredientnutritionaninformation (amount, ingredient_id, ni_id) VALUES (0.0, 998, 3);
INSERT INTO public.tblingredient (ingredient_id,name) VALUES (999,'Сыр Грация 20%');
INSERT INTO public.tblingredientnutritionaninformation (amount, ingredient_id, ni_id) VALUES (9.0, 999, 1);
INSERT INTO public.tblingredientnutritionaninformation (amount, ingredient_id, ni_id) VALUES (30.0, 999, 2);
INSERT INTO public.tblingredientnutritionaninformation (amount, ingredient_id, ni_id) VALUES (0.0, 999, 3);
INSERT INTO public.tblingredient (ingredient_id,name) VALUES (1000,'Сыр Грюйер');
INSERT INTO public.tblingredientnutritionaninformation (amount, ingredient_id, ni_id) VALUES (31.0, 1000, 1);
INSERT INTO public.tblingredientnutritionaninformation (amount, ingredient_id, ni_id) VALUES (27.0, 1000, 2);
INSERT INTO public.tblingredientnutritionaninformation (amount, ingredient_id, ni_id) VALUES (0.0, 1000, 3);
INSERT INTO public.tblingredient (ingredient_id,name) VALUES (1001,'Сыр Данбо');
INSERT INTO public.tblingredientnutritionaninformation (amount, ingredient_id, ni_id) VALUES (26.0, 1001, 1);
INSERT INTO public.tblingredientnutritionaninformation (amount, ingredient_id, ni_id) VALUES (25.0, 1001, 2);
INSERT INTO public.tblingredientnutritionaninformation (amount, ingredient_id, ni_id) VALUES (1.0, 1001, 3);
INSERT INTO public.tblingredient (ingredient_id,name) VALUES (1002,'Сыр Датский');
INSERT INTO public.tblingredientnutritionaninformation (amount, ingredient_id, ni_id) VALUES (24.3, 1002, 1);
INSERT INTO public.tblingredientnutritionaninformation (amount, ingredient_id, ni_id) VALUES (25.0, 1002, 2);
INSERT INTO public.tblingredientnutritionaninformation (amount, ingredient_id, ni_id) VALUES (0.0, 1002, 3);
INSERT INTO public.tblingredient (ingredient_id,name) VALUES (1003,'Сыр Деревенский');
INSERT INTO public.tblingredientnutritionaninformation (amount, ingredient_id, ni_id) VALUES (5.3, 1003, 1);
INSERT INTO public.tblingredientnutritionaninformation (amount, ingredient_id, ni_id) VALUES (10.3, 1003, 2);
INSERT INTO public.tblingredientnutritionaninformation (amount, ingredient_id, ni_id) VALUES (3.0, 1003, 3);
INSERT INTO public.tblingredient (ingredient_id,name) VALUES (1004,'Сыр Джугас');
INSERT INTO public.tblingredientnutritionaninformation (amount, ingredient_id, ni_id) VALUES (25.0, 1004, 1);
INSERT INTO public.tblingredientnutritionaninformation (amount, ingredient_id, ni_id) VALUES (33.0, 1004, 2);
INSERT INTO public.tblingredientnutritionaninformation (amount, ingredient_id, ni_id) VALUES (1.7, 1004, 3);
INSERT INTO public.tblingredient (ingredient_id,name) VALUES (1005,'Сыр Домашний');
INSERT INTO public.tblingredientnutritionaninformation (amount, ingredient_id, ni_id) VALUES (5.0, 1005, 1);
INSERT INTO public.tblingredientnutritionaninformation (amount, ingredient_id, ni_id) VALUES (12.7, 1005, 2);
INSERT INTO public.tblingredientnutritionaninformation (amount, ingredient_id, ni_id) VALUES (4.0, 1005, 3);
INSERT INTO public.tblingredient (ingredient_id,name) VALUES (1006,'Сыр Дор Блю');
INSERT INTO public.tblingredientnutritionaninformation (amount, ingredient_id, ni_id) VALUES (30.0, 1006, 1);
INSERT INTO public.tblingredientnutritionaninformation (amount, ingredient_id, ni_id) VALUES (21.0, 1006, 2);
INSERT INTO public.tblingredientnutritionaninformation (amount, ingredient_id, ni_id) VALUES (0.0, 1006, 3);
INSERT INTO public.tblingredient (ingredient_id,name) VALUES (1007,'Сыр Дорогобужский');
INSERT INTO public.tblingredientnutritionaninformation (amount, ingredient_id, ni_id) VALUES (28.0, 1007, 1);
INSERT INTO public.tblingredientnutritionaninformation (amount, ingredient_id, ni_id) VALUES (20.0, 1007, 2);
INSERT INTO public.tblingredientnutritionaninformation (amount, ingredient_id, ni_id) VALUES (0.0, 1007, 3);
INSERT INTO public.tblingredient (ingredient_id,name) VALUES (1008,'Сыр зеленый');
INSERT INTO public.tblingredientnutritionaninformation (amount, ingredient_id, ni_id) VALUES (26.5, 1008, 1);
INSERT INTO public.tblingredientnutritionaninformation (amount, ingredient_id, ni_id) VALUES (26.0, 1008, 2);
INSERT INTO public.tblingredientnutritionaninformation (amount, ingredient_id, ni_id) VALUES (3.5, 1008, 3);
INSERT INTO public.tblingredient (ingredient_id,name) VALUES (1009,'Сыр Камамбер');
INSERT INTO public.tblingredientnutritionaninformation (amount, ingredient_id, ni_id) VALUES (23.0, 1009, 1);
INSERT INTO public.tblingredientnutritionaninformation (amount, ingredient_id, ni_id) VALUES (21.0, 1009, 2);
INSERT INTO public.tblingredientnutritionaninformation (amount, ingredient_id, ni_id) VALUES (0.0, 1009, 3);
INSERT INTO public.tblingredient (ingredient_id,name) VALUES (1010,'Сыр Камбоцола');
INSERT INTO public.tblingredientnutritionaninformation (amount, ingredient_id, ni_id) VALUES (43.8, 1010, 1);
INSERT INTO public.tblingredientnutritionaninformation (amount, ingredient_id, ni_id) VALUES (13.5, 1010, 2);
INSERT INTO public.tblingredientnutritionaninformation (amount, ingredient_id, ni_id) VALUES (0.5, 1010, 3);
INSERT INTO public.tblingredient (ingredient_id,name) VALUES (1011,'Сыр Кантали');
INSERT INTO public.tblingredientnutritionaninformation (amount, ingredient_id, ni_id) VALUES (14.1, 1011, 1);
INSERT INTO public.tblingredientnutritionaninformation (amount, ingredient_id, ni_id) VALUES (26.7, 1011, 2);
INSERT INTO public.tblingredientnutritionaninformation (amount, ingredient_id, ni_id) VALUES (0.0, 1011, 3);
INSERT INTO public.tblingredient (ingredient_id,name) VALUES (1012,'Сыр Качокавалло');
INSERT INTO public.tblingredientnutritionaninformation (amount, ingredient_id, ni_id) VALUES (13.1, 1012, 1);
INSERT INTO public.tblingredientnutritionaninformation (amount, ingredient_id, ni_id) VALUES (22.6, 1012, 2);
INSERT INTO public.tblingredientnutritionaninformation (amount, ingredient_id, ni_id) VALUES (0.0, 1012, 3);
INSERT INTO public.tblingredient (ingredient_id,name) VALUES (1013,'Сыр Киприно Light 15%');
INSERT INTO public.tblingredientnutritionaninformation (amount, ingredient_id, ni_id) VALUES (15.0, 1013, 1);
INSERT INTO public.tblingredientnutritionaninformation (amount, ingredient_id, ni_id) VALUES (29.5, 1013, 2);
INSERT INTO public.tblingredientnutritionaninformation (amount, ingredient_id, ni_id) VALUES (0.0, 1013, 3);
INSERT INTO public.tblingredient (ingredient_id,name) VALUES (1014,'Сыр Кисломолочный');
INSERT INTO public.tblingredientnutritionaninformation (amount, ingredient_id, ni_id) VALUES (0.7, 1014, 1);
INSERT INTO public.tblingredientnutritionaninformation (amount, ingredient_id, ni_id) VALUES (31.0, 1014, 2);
INSERT INTO public.tblingredientnutritionaninformation (amount, ingredient_id, ni_id) VALUES (0.3, 1014, 3);
INSERT INTO public.tblingredient (ingredient_id,name) VALUES (1015,'Сыр Козий');
INSERT INTO public.tblingredientnutritionaninformation (amount, ingredient_id, ni_id) VALUES (21.7, 1015, 1);
INSERT INTO public.tblingredientnutritionaninformation (amount, ingredient_id, ni_id) VALUES (21.3, 1015, 2);
INSERT INTO public.tblingredientnutritionaninformation (amount, ingredient_id, ni_id) VALUES (0.7, 1015, 3);
INSERT INTO public.tblingredient (ingredient_id,name) VALUES (1016,'Сыр колбасный копчёный');
INSERT INTO public.tblingredientnutritionaninformation (amount, ingredient_id, ni_id) VALUES (19.0, 1016, 1);
INSERT INTO public.tblingredientnutritionaninformation (amount, ingredient_id, ni_id) VALUES (23.0, 1016, 2);
INSERT INTO public.tblingredientnutritionaninformation (amount, ingredient_id, ni_id) VALUES (0.0, 1016, 3);
INSERT INTO public.tblingredient (ingredient_id,name) VALUES (1017,'Сыр Комте');
INSERT INTO public.tblingredientnutritionaninformation (amount, ingredient_id, ni_id) VALUES (32.0, 1017, 1);
INSERT INTO public.tblingredientnutritionaninformation (amount, ingredient_id, ni_id) VALUES (28.4, 1017, 2);
INSERT INTO public.tblingredientnutritionaninformation (amount, ingredient_id, ni_id) VALUES (0.0, 1017, 3);
INSERT INTO public.tblingredient (ingredient_id,name) VALUES (1018,'Сыр Копчёный');
INSERT INTO public.tblingredientnutritionaninformation (amount, ingredient_id, ni_id) VALUES (25.3, 1018, 1);
INSERT INTO public.tblingredientnutritionaninformation (amount, ingredient_id, ni_id) VALUES (27.7, 1018, 2);
INSERT INTO public.tblingredientnutritionaninformation (amount, ingredient_id, ni_id) VALUES (7.3, 1018, 3);
INSERT INTO public.tblingredient (ingredient_id,name) VALUES (1019,'Сыр Костромской');
INSERT INTO public.tblingredientnutritionaninformation (amount, ingredient_id, ni_id) VALUES (26.3, 1019, 1);
INSERT INTO public.tblingredientnutritionaninformation (amount, ingredient_id, ni_id) VALUES (25.2, 1019, 2);
INSERT INTO public.tblingredientnutritionaninformation (amount, ingredient_id, ni_id) VALUES (0.0, 1019, 3);
INSERT INTO public.tblingredient (ingredient_id,name) VALUES (1020,'Сыр Красная цена Голландский');
INSERT INTO public.tblingredientnutritionaninformation (amount, ingredient_id, ni_id) VALUES (25.2, 1020, 1);
INSERT INTO public.tblingredientnutritionaninformation (amount, ingredient_id, ni_id) VALUES (26.8, 1020, 2);
INSERT INTO public.tblingredientnutritionaninformation (amount, ingredient_id, ni_id) VALUES (0.0, 1020, 3);
INSERT INTO public.tblingredient (ingredient_id,name) VALUES (1021,'Сыр Красная цена Российский');
INSERT INTO public.tblingredientnutritionaninformation (amount, ingredient_id, ni_id) VALUES (22.5, 1021, 1);
INSERT INTO public.tblingredientnutritionaninformation (amount, ingredient_id, ni_id) VALUES (28.0, 1021, 2);
INSERT INTO public.tblingredientnutritionaninformation (amount, ingredient_id, ni_id) VALUES (0.0, 1021, 3);
INSERT INTO public.tblingredient (ingredient_id,name) VALUES (1022,'Сыр Красная цена Тильзитер');
INSERT INTO public.tblingredientnutritionaninformation (amount, ingredient_id, ni_id) VALUES (23.4, 1022, 1);
INSERT INTO public.tblingredientnutritionaninformation (amount, ingredient_id, ni_id) VALUES (26.0, 1022, 2);
INSERT INTO public.tblingredientnutritionaninformation (amount, ingredient_id, ni_id) VALUES (0.0, 1022, 3);
INSERT INTO public.tblingredient (ingredient_id,name) VALUES (1023,'Сыр Курт');
INSERT INTO public.tblingredientnutritionaninformation (amount, ingredient_id, ni_id) VALUES (16.0, 1023, 1);
INSERT INTO public.tblingredientnutritionaninformation (amount, ingredient_id, ni_id) VALUES (25.0, 1023, 2);
INSERT INTO public.tblingredientnutritionaninformation (amount, ingredient_id, ni_id) VALUES (2.7, 1023, 3);
INSERT INTO public.tblingredient (ingredient_id,name) VALUES (1024,'Сыр Латвийский');
INSERT INTO public.tblingredientnutritionaninformation (amount, ingredient_id, ni_id) VALUES (24.1, 1024, 1);
INSERT INTO public.tblingredientnutritionaninformation (amount, ingredient_id, ni_id) VALUES (23.3, 1024, 2);
INSERT INTO public.tblingredientnutritionaninformation (amount, ingredient_id, ni_id) VALUES (0.0, 1024, 3);
INSERT INTO public.tblingredient (ingredient_id,name) VALUES (1025,'Сыр Ливаро');
INSERT INTO public.tblingredientnutritionaninformation (amount, ingredient_id, ni_id) VALUES (29.0, 1025, 1);
INSERT INTO public.tblingredientnutritionaninformation (amount, ingredient_id, ni_id) VALUES (20.0, 1025, 2);
INSERT INTO public.tblingredientnutritionaninformation (amount, ingredient_id, ni_id) VALUES (0.0, 1025, 3);
INSERT INTO public.tblingredient (ingredient_id,name) VALUES (1026,'Сыр Лимбургер');
INSERT INTO public.tblingredientnutritionaninformation (amount, ingredient_id, ni_id) VALUES (27.3, 1026, 1);
INSERT INTO public.tblingredientnutritionaninformation (amount, ingredient_id, ni_id) VALUES (20.1, 1026, 2);
INSERT INTO public.tblingredientnutritionaninformation (amount, ingredient_id, ni_id) VALUES (0.1, 1026, 3);
INSERT INTO public.tblingredient (ingredient_id,name) VALUES (1027,'Сыр Литовский');
INSERT INTO public.tblingredientnutritionaninformation (amount, ingredient_id, ni_id) VALUES (14.7, 1027, 1);
INSERT INTO public.tblingredientnutritionaninformation (amount, ingredient_id, ni_id) VALUES (27.9, 1027, 2);
INSERT INTO public.tblingredientnutritionaninformation (amount, ingredient_id, ni_id) VALUES (0.0, 1027, 3);
INSERT INTO public.tblingredient (ingredient_id,name) VALUES (1028,'Сыр Маасдам');
INSERT INTO public.tblingredientnutritionaninformation (amount, ingredient_id, ni_id) VALUES (26.0, 1028, 1);
INSERT INTO public.tblingredientnutritionaninformation (amount, ingredient_id, ni_id) VALUES (23.5, 1028, 2);
INSERT INTO public.tblingredientnutritionaninformation (amount, ingredient_id, ni_id) VALUES (0.0, 1028, 3);
INSERT INTO public.tblingredient (ingredient_id,name) VALUES (1029,'Сыр Манчего');
INSERT INTO public.tblingredientnutritionaninformation (amount, ingredient_id, ni_id) VALUES (32.0, 1029, 1);
INSERT INTO public.tblingredientnutritionaninformation (amount, ingredient_id, ni_id) VALUES (24.0, 1029, 2);
INSERT INTO public.tblingredientnutritionaninformation (amount, ingredient_id, ni_id) VALUES (2.6, 1029, 3);
INSERT INTO public.tblingredient (ingredient_id,name) VALUES (1030,'Сыр Маскарпоне');
INSERT INTO public.tblingredientnutritionaninformation (amount, ingredient_id, ni_id) VALUES (41.5, 1030, 1);
INSERT INTO public.tblingredientnutritionaninformation (amount, ingredient_id, ni_id) VALUES (4.8, 1030, 2);
INSERT INTO public.tblingredientnutritionaninformation (amount, ingredient_id, ni_id) VALUES (4.8, 1030, 3);
INSERT INTO public.tblingredient (ingredient_id,name) VALUES (1031,'Сыр Мексиканский');
INSERT INTO public.tblingredientnutritionaninformation (amount, ingredient_id, ni_id) VALUES (19.4, 1031, 1);
INSERT INTO public.tblingredientnutritionaninformation (amount, ingredient_id, ni_id) VALUES (24.7, 1031, 2);
INSERT INTO public.tblingredientnutritionaninformation (amount, ingredient_id, ni_id) VALUES (3.4, 1031, 3);
INSERT INTO public.tblingredient (ingredient_id,name) VALUES (1032,'Сыр Мондзеер');
INSERT INTO public.tblingredientnutritionaninformation (amount, ingredient_id, ni_id) VALUES (20.3, 1032, 1);
INSERT INTO public.tblingredientnutritionaninformation (amount, ingredient_id, ni_id) VALUES (22.0, 1032, 2);
INSERT INTO public.tblingredientnutritionaninformation (amount, ingredient_id, ni_id) VALUES (6.7, 1032, 3);
INSERT INTO public.tblingredient (ingredient_id,name) VALUES (1033,'Сыр Московский');
INSERT INTO public.tblingredientnutritionaninformation (amount, ingredient_id, ni_id) VALUES (26.5, 1033, 1);
INSERT INTO public.tblingredientnutritionaninformation (amount, ingredient_id, ni_id) VALUES (26.0, 1033, 2);
INSERT INTO public.tblingredientnutritionaninformation (amount, ingredient_id, ni_id) VALUES (3.5, 1033, 3);
INSERT INTO public.tblingredient (ingredient_id,name) VALUES (1034,'Сыр Моцарелла');
INSERT INTO public.tblingredientnutritionaninformation (amount, ingredient_id, ni_id) VALUES (18.1, 1034, 1);
INSERT INTO public.tblingredientnutritionaninformation (amount, ingredient_id, ni_id) VALUES (18.8, 1034, 2);
INSERT INTO public.tblingredientnutritionaninformation (amount, ingredient_id, ni_id) VALUES (1.0, 1034, 3);
INSERT INTO public.tblingredient (ingredient_id,name) VALUES (1035,'Сыр Мраморный');
INSERT INTO public.tblingredientnutritionaninformation (amount, ingredient_id, ni_id) VALUES (25.2, 1035, 1);
INSERT INTO public.tblingredientnutritionaninformation (amount, ingredient_id, ni_id) VALUES (24.8, 1035, 2);
INSERT INTO public.tblingredientnutritionaninformation (amount, ingredient_id, ni_id) VALUES (0.0, 1035, 3);
INSERT INTO public.tblingredient (ingredient_id,name) VALUES (1036,'Сыр Мюнстер');
INSERT INTO public.tblingredientnutritionaninformation (amount, ingredient_id, ni_id) VALUES (17.6, 1036, 1);
INSERT INTO public.tblingredientnutritionaninformation (amount, ingredient_id, ni_id) VALUES (24.7, 1036, 2);
INSERT INTO public.tblingredientnutritionaninformation (amount, ingredient_id, ni_id) VALUES (3.5, 1036, 3);
INSERT INTO public.tblingredient (ingredient_id,name) VALUES (1037,'Сыр Ночерино');
INSERT INTO public.tblingredientnutritionaninformation (amount, ingredient_id, ni_id) VALUES (28.0, 1037, 1);
INSERT INTO public.tblingredientnutritionaninformation (amount, ingredient_id, ni_id) VALUES (20.0, 1037, 2);
INSERT INTO public.tblingredientnutritionaninformation (amount, ingredient_id, ni_id) VALUES (0.0, 1037, 3);
INSERT INTO public.tblingredient (ingredient_id,name) VALUES (1038,'Сыр Ольтермани 17%');
INSERT INTO public.tblingredientnutritionaninformation (amount, ingredient_id, ni_id) VALUES (17.0, 1038, 1);
INSERT INTO public.tblingredientnutritionaninformation (amount, ingredient_id, ni_id) VALUES (29.0, 1038, 2);
INSERT INTO public.tblingredientnutritionaninformation (amount, ingredient_id, ni_id) VALUES (0.0, 1038, 3);
INSERT INTO public.tblingredient (ingredient_id,name) VALUES (1039,'Сыр Ольтермани 29%');
INSERT INTO public.tblingredientnutritionaninformation (amount, ingredient_id, ni_id) VALUES (29.0, 1039, 1);
INSERT INTO public.tblingredientnutritionaninformation (amount, ingredient_id, ni_id) VALUES (25.0, 1039, 2);
INSERT INTO public.tblingredientnutritionaninformation (amount, ingredient_id, ni_id) VALUES (0.0, 1039, 3);
INSERT INTO public.tblingredient (ingredient_id,name) VALUES (1040,'Сыр Ольтермани 55%');
INSERT INTO public.tblingredientnutritionaninformation (amount, ingredient_id, ni_id) VALUES (34.0, 1040, 1);
INSERT INTO public.tblingredientnutritionaninformation (amount, ingredient_id, ni_id) VALUES (23.0, 1040, 2);
INSERT INTO public.tblingredientnutritionaninformation (amount, ingredient_id, ni_id) VALUES (0.0, 1040, 3);
INSERT INTO public.tblingredient (ingredient_id,name) VALUES (1041,'Сыр Ольтермани 9%');
INSERT INTO public.tblingredientnutritionaninformation (amount, ingredient_id, ni_id) VALUES (9.0, 1041, 1);
INSERT INTO public.tblingredientnutritionaninformation (amount, ingredient_id, ni_id) VALUES (31.0, 1041, 2);
INSERT INTO public.tblingredientnutritionaninformation (amount, ingredient_id, ni_id) VALUES (0.0, 1041, 3);
INSERT INTO public.tblingredient (ingredient_id,name) VALUES (1042,'Сыр Осетинский');
INSERT INTO public.tblingredientnutritionaninformation (amount, ingredient_id, ni_id) VALUES (26.5, 1042, 1);
INSERT INTO public.tblingredientnutritionaninformation (amount, ingredient_id, ni_id) VALUES (26.0, 1042, 2);
INSERT INTO public.tblingredientnutritionaninformation (amount, ingredient_id, ni_id) VALUES (3.5, 1042, 3);
INSERT INTO public.tblingredient (ingredient_id,name) VALUES (1043,'Сыр Панир');
INSERT INTO public.tblingredientnutritionaninformation (amount, ingredient_id, ni_id) VALUES (15.7, 1043, 1);
INSERT INTO public.tblingredientnutritionaninformation (amount, ingredient_id, ni_id) VALUES (12.8, 1043, 2);
INSERT INTO public.tblingredientnutritionaninformation (amount, ingredient_id, ni_id) VALUES (21.0, 1043, 3);
INSERT INTO public.tblingredient (ingredient_id,name) VALUES (1044,'Сыр Пармезан');
INSERT INTO public.tblingredientnutritionaninformation (amount, ingredient_id, ni_id) VALUES (28.0, 1044, 1);
INSERT INTO public.tblingredientnutritionaninformation (amount, ingredient_id, ni_id) VALUES (33.0, 1044, 2);
INSERT INTO public.tblingredientnutritionaninformation (amount, ingredient_id, ni_id) VALUES (0.0, 1044, 3);
INSERT INTO public.tblingredient (ingredient_id,name) VALUES (1045,'Сыр Пекорино');
INSERT INTO public.tblingredientnutritionaninformation (amount, ingredient_id, ni_id) VALUES (33.0, 1045, 1);
INSERT INTO public.tblingredientnutritionaninformation (amount, ingredient_id, ni_id) VALUES (25.5, 1045, 2);
INSERT INTO public.tblingredientnutritionaninformation (amount, ingredient_id, ni_id) VALUES (0.0, 1045, 3);
INSERT INTO public.tblingredient (ingredient_id,name) VALUES (1046,'Сыр Перлини копченый');
INSERT INTO public.tblingredientnutritionaninformation (amount, ingredient_id, ni_id) VALUES (18.0, 1046, 1);
INSERT INTO public.tblingredientnutritionaninformation (amount, ingredient_id, ni_id) VALUES (17.7, 1046, 2);
INSERT INTO public.tblingredientnutritionaninformation (amount, ingredient_id, ni_id) VALUES (0.0, 1046, 3);
INSERT INTO public.tblingredient (ingredient_id,name) VALUES (1047,'Сыр Песто зелёный');
INSERT INTO public.tblingredientnutritionaninformation (amount, ingredient_id, ni_id) VALUES (32.0, 1047, 1);
INSERT INTO public.tblingredientnutritionaninformation (amount, ingredient_id, ni_id) VALUES (23.0, 1047, 2);
INSERT INTO public.tblingredientnutritionaninformation (amount, ingredient_id, ni_id) VALUES (0.0, 1047, 3);
INSERT INTO public.tblingredient (ingredient_id,name) VALUES (1048,'Сыр плавленый');
INSERT INTO public.tblingredientnutritionaninformation (amount, ingredient_id, ni_id) VALUES (11.2, 1048, 1);
INSERT INTO public.tblingredientnutritionaninformation (amount, ingredient_id, ni_id) VALUES (16.8, 1048, 2);
INSERT INTO public.tblingredientnutritionaninformation (amount, ingredient_id, ni_id) VALUES (23.8, 1048, 3);
INSERT INTO public.tblingredient (ingredient_id,name) VALUES (1049,'Сыр Полесский');
INSERT INTO public.tblingredientnutritionaninformation (amount, ingredient_id, ni_id) VALUES (14.3, 1049, 1);
INSERT INTO public.tblingredientnutritionaninformation (amount, ingredient_id, ni_id) VALUES (23.0, 1049, 2);
INSERT INTO public.tblingredientnutritionaninformation (amount, ingredient_id, ni_id) VALUES (0.0, 1049, 3);
INSERT INTO public.tblingredient (ingredient_id,name) VALUES (1050,'Сыр Пошехонский');
INSERT INTO public.tblingredientnutritionaninformation (amount, ingredient_id, ni_id) VALUES (26.5, 1050, 1);
INSERT INTO public.tblingredientnutritionaninformation (amount, ingredient_id, ni_id) VALUES (26.0, 1050, 2);
INSERT INTO public.tblingredientnutritionaninformation (amount, ingredient_id, ni_id) VALUES (0.0, 1050, 3);
INSERT INTO public.tblingredient (ingredient_id,name) VALUES (1051,'Сыр Прибалтийский');
INSERT INTO public.tblingredientnutritionaninformation (amount, ingredient_id, ni_id) VALUES (25.2, 1051, 1);
INSERT INTO public.tblingredientnutritionaninformation (amount, ingredient_id, ni_id) VALUES (24.6, 1051, 2);
INSERT INTO public.tblingredientnutritionaninformation (amount, ingredient_id, ni_id) VALUES (0.0, 1051, 3);
INSERT INTO public.tblingredient (ingredient_id,name) VALUES (1052,'Сыр Раклет');
INSERT INTO public.tblingredientnutritionaninformation (amount, ingredient_id, ni_id) VALUES (28.0, 1052, 1);
INSERT INTO public.tblingredientnutritionaninformation (amount, ingredient_id, ni_id) VALUES (22.7, 1052, 2);
INSERT INTO public.tblingredientnutritionaninformation (amount, ingredient_id, ni_id) VALUES (1.0, 1052, 3);
INSERT INTO public.tblingredient (ingredient_id,name) VALUES (1053,'Сыр Реблошон');
INSERT INTO public.tblingredientnutritionaninformation (amount, ingredient_id, ni_id) VALUES (25.6, 1053, 1);
INSERT INTO public.tblingredientnutritionaninformation (amount, ingredient_id, ni_id) VALUES (19.7, 1053, 2);
INSERT INTO public.tblingredientnutritionaninformation (amount, ingredient_id, ni_id) VALUES (2.3, 1053, 3);
INSERT INTO public.tblingredient (ingredient_id,name) VALUES (1054,'Сыр Рикотта');
INSERT INTO public.tblingredientnutritionaninformation (amount, ingredient_id, ni_id) VALUES (13.0, 1054, 1);
INSERT INTO public.tblingredientnutritionaninformation (amount, ingredient_id, ni_id) VALUES (11.0, 1054, 2);
INSERT INTO public.tblingredientnutritionaninformation (amount, ingredient_id, ni_id) VALUES (3.0, 1054, 3);
INSERT INTO public.tblingredient (ingredient_id,name) VALUES (1055,'Сыр Рокамадур');
INSERT INTO public.tblingredientnutritionaninformation (amount, ingredient_id, ni_id) VALUES (21.7, 1055, 1);
INSERT INTO public.tblingredientnutritionaninformation (amount, ingredient_id, ni_id) VALUES (21.3, 1055, 2);
INSERT INTO public.tblingredientnutritionaninformation (amount, ingredient_id, ni_id) VALUES (0.7, 1055, 3);
INSERT INTO public.tblingredient (ingredient_id,name) VALUES (1056,'Сыр Рокишкио');
INSERT INTO public.tblingredientnutritionaninformation (amount, ingredient_id, ni_id) VALUES (25.0, 1056, 1);
INSERT INTO public.tblingredientnutritionaninformation (amount, ingredient_id, ni_id) VALUES (32.0, 1056, 2);
INSERT INTO public.tblingredientnutritionaninformation (amount, ingredient_id, ni_id) VALUES (0.0, 1056, 3);
INSERT INTO public.tblingredient (ingredient_id,name) VALUES (1057,'Сыр Рокфор');
INSERT INTO public.tblingredientnutritionaninformation (amount, ingredient_id, ni_id) VALUES (28.0, 1057, 1);
INSERT INTO public.tblingredientnutritionaninformation (amount, ingredient_id, ni_id) VALUES (20.0, 1057, 2);
INSERT INTO public.tblingredientnutritionaninformation (amount, ingredient_id, ni_id) VALUES (0.0, 1057, 3);
INSERT INTO public.tblingredient (ingredient_id,name) VALUES (1058,'Сыр Российский');
INSERT INTO public.tblingredientnutritionaninformation (amount, ingredient_id, ni_id) VALUES (29.5, 1058, 1);
INSERT INTO public.tblingredientnutritionaninformation (amount, ingredient_id, ni_id) VALUES (24.1, 1058, 2);
INSERT INTO public.tblingredientnutritionaninformation (amount, ingredient_id, ni_id) VALUES (0.3, 1058, 3);
INSERT INTO public.tblingredient (ingredient_id,name) VALUES (1059,'Сыр Ружетт');
INSERT INTO public.tblingredientnutritionaninformation (amount, ingredient_id, ni_id) VALUES (15.0, 1059, 1);
INSERT INTO public.tblingredientnutritionaninformation (amount, ingredient_id, ni_id) VALUES (35.0, 1059, 2);
INSERT INTO public.tblingredientnutritionaninformation (amount, ingredient_id, ni_id) VALUES (0.5, 1059, 3);
INSERT INTO public.tblingredient (ingredient_id,name) VALUES (1060,'Сыр с белой плесенью');
INSERT INTO public.tblingredientnutritionaninformation (amount, ingredient_id, ni_id) VALUES (21.7, 1060, 1);
INSERT INTO public.tblingredientnutritionaninformation (amount, ingredient_id, ni_id) VALUES (21.3, 1060, 2);
INSERT INTO public.tblingredientnutritionaninformation (amount, ingredient_id, ni_id) VALUES (0.0, 1060, 3);
INSERT INTO public.tblingredient (ingredient_id,name) VALUES (1061,'Сыр с голубой плесенью');
INSERT INTO public.tblingredientnutritionaninformation (amount, ingredient_id, ni_id) VALUES (31.0, 1061, 1);
INSERT INTO public.tblingredientnutritionaninformation (amount, ingredient_id, ni_id) VALUES (17.6, 1061, 2);
INSERT INTO public.tblingredientnutritionaninformation (amount, ingredient_id, ni_id) VALUES (1.8, 1061, 3);
INSERT INTO public.tblingredient (ingredient_id,name) VALUES (1062,'Сыр с красной плесенью');
INSERT INTO public.tblingredientnutritionaninformation (amount, ingredient_id, ni_id) VALUES (29.0, 1062, 1);
INSERT INTO public.tblingredientnutritionaninformation (amount, ingredient_id, ni_id) VALUES (20.0, 1062, 2);
INSERT INTO public.tblingredientnutritionaninformation (amount, ingredient_id, ni_id) VALUES (0.0, 1062, 3);
INSERT INTO public.tblingredient (ingredient_id,name) VALUES (1063,'Сыр с плесенью');
INSERT INTO public.tblingredientnutritionaninformation (amount, ingredient_id, ni_id) VALUES (29.0, 1063, 1);
INSERT INTO public.tblingredientnutritionaninformation (amount, ingredient_id, ni_id) VALUES (20.0, 1063, 2);
INSERT INTO public.tblingredientnutritionaninformation (amount, ingredient_id, ni_id) VALUES (0.0, 1063, 3);
INSERT INTO public.tblingredient (ingredient_id,name) VALUES (1064,'Сыр Салер');
INSERT INTO public.tblingredientnutritionaninformation (amount, ingredient_id, ni_id) VALUES (26.6, 1064, 1);
INSERT INTO public.tblingredientnutritionaninformation (amount, ingredient_id, ni_id) VALUES (26.3, 1064, 2);
INSERT INTO public.tblingredientnutritionaninformation (amount, ingredient_id, ni_id) VALUES (0.0, 1064, 3);
INSERT INTO public.tblingredient (ingredient_id,name) VALUES (1065,'Сыр Сбринц');
INSERT INTO public.tblingredientnutritionaninformation (amount, ingredient_id, ni_id) VALUES (33.0, 1065, 1);
INSERT INTO public.tblingredientnutritionaninformation (amount, ingredient_id, ni_id) VALUES (30.0, 1065, 2);
INSERT INTO public.tblingredientnutritionaninformation (amount, ingredient_id, ni_id) VALUES (0.0, 1065, 3);
INSERT INTO public.tblingredient (ingredient_id,name) VALUES (1066,'Сыр Сваля 45% в нарезке');
INSERT INTO public.tblingredientnutritionaninformation (amount, ingredient_id, ni_id) VALUES (25.2, 1066, 1);
INSERT INTO public.tblingredientnutritionaninformation (amount, ingredient_id, ni_id) VALUES (26.5, 1066, 2);
INSERT INTO public.tblingredientnutritionaninformation (amount, ingredient_id, ni_id) VALUES (0.0, 1066, 3);
INSERT INTO public.tblingredient (ingredient_id,name) VALUES (1067,'Сыр Сиртаки рассольный Classic');
INSERT INTO public.tblingredientnutritionaninformation (amount, ingredient_id, ni_id) VALUES (17.0, 1067, 1);
INSERT INTO public.tblingredientnutritionaninformation (amount, ingredient_id, ni_id) VALUES (10.0, 1067, 2);
INSERT INTO public.tblingredientnutritionaninformation (amount, ingredient_id, ni_id) VALUES (8.0, 1067, 3);
INSERT INTO public.tblingredient (ingredient_id,name) VALUES (1068,'Сыр Сметанковый');
INSERT INTO public.tblingredientnutritionaninformation (amount, ingredient_id, ni_id) VALUES (27.5, 1068, 1);
INSERT INTO public.tblingredientnutritionaninformation (amount, ingredient_id, ni_id) VALUES (21.0, 1068, 2);
INSERT INTO public.tblingredientnutritionaninformation (amount, ingredient_id, ni_id) VALUES (0.0, 1068, 3);
INSERT INTO public.tblingredient (ingredient_id,name) VALUES (1069,'Сыр Снофриск козий натуральный');
INSERT INTO public.tblingredientnutritionaninformation (amount, ingredient_id, ni_id) VALUES (25.0, 1069, 1);
INSERT INTO public.tblingredientnutritionaninformation (amount, ingredient_id, ni_id) VALUES (6.0, 1069, 2);
INSERT INTO public.tblingredientnutritionaninformation (amount, ingredient_id, ni_id) VALUES (0.0, 1069, 3);
INSERT INTO public.tblingredient (ingredient_id,name) VALUES (1070,'Сыр Степной');
INSERT INTO public.tblingredientnutritionaninformation (amount, ingredient_id, ni_id) VALUES (26.3, 1070, 1);
INSERT INTO public.tblingredientnutritionaninformation (amount, ingredient_id, ni_id) VALUES (24.0, 1070, 2);
INSERT INTO public.tblingredientnutritionaninformation (amount, ingredient_id, ni_id) VALUES (1.7, 1070, 3);
INSERT INTO public.tblingredient (ingredient_id,name) VALUES (1071,'Сыр Стилтон');
INSERT INTO public.tblingredientnutritionaninformation (amount, ingredient_id, ni_id) VALUES (28.7, 1071, 1);
INSERT INTO public.tblingredientnutritionaninformation (amount, ingredient_id, ni_id) VALUES (21.4, 1071, 2);
INSERT INTO public.tblingredientnutritionaninformation (amount, ingredient_id, ni_id) VALUES (2.3, 1071, 3);
INSERT INTO public.tblingredient (ingredient_id,name) VALUES (1072,'Сыр Сулугуни');
INSERT INTO public.tblingredientnutritionaninformation (amount, ingredient_id, ni_id) VALUES (24.0, 1072, 1);
INSERT INTO public.tblingredientnutritionaninformation (amount, ingredient_id, ni_id) VALUES (20.0, 1072, 2);
INSERT INTO public.tblingredientnutritionaninformation (amount, ingredient_id, ni_id) VALUES (0.0, 1072, 3);
INSERT INTO public.tblingredient (ingredient_id,name) VALUES (1073,'Сыр сычужный');
INSERT INTO public.tblingredientnutritionaninformation (amount, ingredient_id, ni_id) VALUES (23.4, 1073, 1);
INSERT INTO public.tblingredientnutritionaninformation (amount, ingredient_id, ni_id) VALUES (22.0, 1073, 2);
INSERT INTO public.tblingredientnutritionaninformation (amount, ingredient_id, ni_id) VALUES (0.0, 1073, 3);
INSERT INTO public.tblingredient (ingredient_id,name) VALUES (1074,'Сыр Тильзитер');
INSERT INTO public.tblingredientnutritionaninformation (amount, ingredient_id, ni_id) VALUES (25.0, 1074, 1);
INSERT INTO public.tblingredientnutritionaninformation (amount, ingredient_id, ni_id) VALUES (27.8, 1074, 2);
INSERT INTO public.tblingredientnutritionaninformation (amount, ingredient_id, ni_id) VALUES (0.1, 1074, 3);
INSERT INTO public.tblingredient (ingredient_id,name) VALUES (1075,'Сыр Тофу');
INSERT INTO public.tblingredientnutritionaninformation (amount, ingredient_id, ni_id) VALUES (4.2, 1075, 1);
INSERT INTO public.tblingredientnutritionaninformation (amount, ingredient_id, ni_id) VALUES (8.1, 1075, 2);
INSERT INTO public.tblingredientnutritionaninformation (amount, ingredient_id, ni_id) VALUES (0.6, 1075, 3);
INSERT INTO public.tblingredient (ingredient_id,name) VALUES (1076,'Сыр Угличский');
INSERT INTO public.tblingredientnutritionaninformation (amount, ingredient_id, ni_id) VALUES (26.3, 1076, 1);
INSERT INTO public.tblingredientnutritionaninformation (amount, ingredient_id, ni_id) VALUES (25.8, 1076, 2);
INSERT INTO public.tblingredientnutritionaninformation (amount, ingredient_id, ni_id) VALUES (0.0, 1076, 3);
INSERT INTO public.tblingredient (ingredient_id,name) VALUES (1077,'Сыр Фавита');
INSERT INTO public.tblingredientnutritionaninformation (amount, ingredient_id, ni_id) VALUES (12.0, 1077, 1);
INSERT INTO public.tblingredientnutritionaninformation (amount, ingredient_id, ni_id) VALUES (14.0, 1077, 2);
INSERT INTO public.tblingredientnutritionaninformation (amount, ingredient_id, ni_id) VALUES (3.0, 1077, 3);
INSERT INTO public.tblingredient (ingredient_id,name) VALUES (1078,'Сыр Фермерский');
INSERT INTO public.tblingredientnutritionaninformation (amount, ingredient_id, ni_id) VALUES (14.1, 1078, 1);
INSERT INTO public.tblingredientnutritionaninformation (amount, ingredient_id, ni_id) VALUES (18.5, 1078, 2);
INSERT INTO public.tblingredientnutritionaninformation (amount, ingredient_id, ni_id) VALUES (1.5, 1078, 3);
INSERT INTO public.tblingredient (ingredient_id,name) VALUES (1079,'Сыр Фета');
INSERT INTO public.tblingredientnutritionaninformation (amount, ingredient_id, ni_id) VALUES (24.0, 1079, 1);
INSERT INTO public.tblingredientnutritionaninformation (amount, ingredient_id, ni_id) VALUES (17.0, 1079, 2);
INSERT INTO public.tblingredientnutritionaninformation (amount, ingredient_id, ni_id) VALUES (0.0, 1079, 3);
INSERT INTO public.tblingredient (ingredient_id,name) VALUES (1080,'Сыр Филадельфия');
INSERT INTO public.tblingredientnutritionaninformation (amount, ingredient_id, ni_id) VALUES (24.0, 1080, 1);
INSERT INTO public.tblingredientnutritionaninformation (amount, ingredient_id, ni_id) VALUES (5.4, 1080, 2);
INSERT INTO public.tblingredientnutritionaninformation (amount, ingredient_id, ni_id) VALUES (3.2, 1080, 3);
INSERT INTO public.tblingredient (ingredient_id,name) VALUES (1081,'Сыр Фонтина');
INSERT INTO public.tblingredientnutritionaninformation (amount, ingredient_id, ni_id) VALUES (31.1, 1081, 1);
INSERT INTO public.tblingredientnutritionaninformation (amount, ingredient_id, ni_id) VALUES (25.6, 1081, 2);
INSERT INTO public.tblingredientnutritionaninformation (amount, ingredient_id, ni_id) VALUES (1.6, 1081, 3);
INSERT INTO public.tblingredient (ingredient_id,name) VALUES (1082,'Сыр Холлендер');
INSERT INTO public.tblingredientnutritionaninformation (amount, ingredient_id, ni_id) VALUES (17.0, 1082, 1);
INSERT INTO public.tblingredientnutritionaninformation (amount, ingredient_id, ni_id) VALUES (28.0, 1082, 2);
INSERT INTO public.tblingredientnutritionaninformation (amount, ingredient_id, ni_id) VALUES (0.1, 1082, 3);
INSERT INTO public.tblingredient (ingredient_id,name) VALUES (1083,'Сыр Чанах');
INSERT INTO public.tblingredientnutritionaninformation (amount, ingredient_id, ni_id) VALUES (22.0, 1083, 1);
INSERT INTO public.tblingredientnutritionaninformation (amount, ingredient_id, ni_id) VALUES (19.5, 1083, 2);
INSERT INTO public.tblingredientnutritionaninformation (amount, ingredient_id, ni_id) VALUES (0.0, 1083, 3);
INSERT INTO public.tblingredient (ingredient_id,name) VALUES (1084,'Сыр Чеддер');
INSERT INTO public.tblingredientnutritionaninformation (amount, ingredient_id, ni_id) VALUES (32.0, 1084, 1);
INSERT INTO public.tblingredientnutritionaninformation (amount, ingredient_id, ni_id) VALUES (23.0, 1084, 2);
INSERT INTO public.tblingredientnutritionaninformation (amount, ingredient_id, ni_id) VALUES (0.0, 1084, 3);
INSERT INTO public.tblingredient (ingredient_id,name) VALUES (1085,'Сыр Чечил');
INSERT INTO public.tblingredientnutritionaninformation (amount, ingredient_id, ni_id) VALUES (22.8, 1085, 1);
INSERT INTO public.tblingredientnutritionaninformation (amount, ingredient_id, ni_id) VALUES (19.5, 1085, 2);
INSERT INTO public.tblingredientnutritionaninformation (amount, ingredient_id, ni_id) VALUES (1.9, 1085, 3);
INSERT INTO public.tblingredient (ingredient_id,name) VALUES (1086,'Сыр Чечил рассольный копчёный');
INSERT INTO public.tblingredientnutritionaninformation (amount, ingredient_id, ni_id) VALUES (26.0, 1086, 1);
INSERT INTO public.tblingredientnutritionaninformation (amount, ingredient_id, ni_id) VALUES (19.5, 1086, 2);
INSERT INTO public.tblingredientnutritionaninformation (amount, ingredient_id, ni_id) VALUES (2.2, 1086, 3);
INSERT INTO public.tblingredient (ingredient_id,name) VALUES (1087,'Сыр Швейцарский');
INSERT INTO public.tblingredientnutritionaninformation (amount, ingredient_id, ni_id) VALUES (31.8, 1087, 1);
INSERT INTO public.tblingredientnutritionaninformation (amount, ingredient_id, ni_id) VALUES (24.9, 1087, 2);
INSERT INTO public.tblingredientnutritionaninformation (amount, ingredient_id, ni_id) VALUES (0.0, 1087, 3);
INSERT INTO public.tblingredient (ingredient_id,name) VALUES (1088,'Сыр Эдам');
INSERT INTO public.tblingredientnutritionaninformation (amount, ingredient_id, ni_id) VALUES (26.0, 1088, 1);
INSERT INTO public.tblingredientnutritionaninformation (amount, ingredient_id, ni_id) VALUES (24.0, 1088, 2);
INSERT INTO public.tblingredientnutritionaninformation (amount, ingredient_id, ni_id) VALUES (0.0, 1088, 3);
INSERT INTO public.tblingredient (ingredient_id,name) VALUES (1089,'Сыр Эмменталь');
INSERT INTO public.tblingredientnutritionaninformation (amount, ingredient_id, ni_id) VALUES (29.7, 1089, 1);
INSERT INTO public.tblingredientnutritionaninformation (amount, ingredient_id, ni_id) VALUES (28.8, 1089, 2);
INSERT INTO public.tblingredientnutritionaninformation (amount, ingredient_id, ni_id) VALUES (0.1, 1089, 3);
INSERT INTO public.tblingredient (ingredient_id,name) VALUES (1090,'Сыр Эстонский');
INSERT INTO public.tblingredientnutritionaninformation (amount, ingredient_id, ni_id) VALUES (26.5, 1090, 1);
INSERT INTO public.tblingredientnutritionaninformation (amount, ingredient_id, ni_id) VALUES (26.0, 1090, 2);
INSERT INTO public.tblingredientnutritionaninformation (amount, ingredient_id, ni_id) VALUES (3.5, 1090, 3);
INSERT INTO public.tblingredient (ingredient_id,name) VALUES (1091,'Таймень');
INSERT INTO public.tblingredientnutritionaninformation (amount, ingredient_id, ni_id) VALUES (2.0, 1091, 1);
INSERT INTO public.tblingredientnutritionaninformation (amount, ingredient_id, ni_id) VALUES (17.5, 1091, 2);
INSERT INTO public.tblingredientnutritionaninformation (amount, ingredient_id, ni_id) VALUES (0.0, 1091, 3);
INSERT INTO public.tblingredient (ingredient_id,name) VALUES (1092,'Талкан пшеничный');
INSERT INTO public.tblingredientnutritionaninformation (amount, ingredient_id, ni_id) VALUES (1.3, 1092, 1);
INSERT INTO public.tblingredientnutritionaninformation (amount, ingredient_id, ni_id) VALUES (11.5, 1092, 2);
INSERT INTO public.tblingredientnutritionaninformation (amount, ingredient_id, ni_id) VALUES (64.0, 1092, 3);
INSERT INTO public.tblingredient (ingredient_id,name) VALUES (1093,'Тальятелле');
INSERT INTO public.tblingredientnutritionaninformation (amount, ingredient_id, ni_id) VALUES (2.2, 1093, 1);
INSERT INTO public.tblingredientnutritionaninformation (amount, ingredient_id, ni_id) VALUES (21.7, 1093, 2);
INSERT INTO public.tblingredientnutritionaninformation (amount, ingredient_id, ni_id) VALUES (63.3, 1093, 3);
INSERT INTO public.tblingredient (ingredient_id,name) VALUES (1094,'Тамарилло');
INSERT INTO public.tblingredientnutritionaninformation (amount, ingredient_id, ni_id) VALUES (0.0, 1094, 1);
INSERT INTO public.tblingredientnutritionaninformation (amount, ingredient_id, ni_id) VALUES (0.0, 1094, 2);
INSERT INTO public.tblingredientnutritionaninformation (amount, ingredient_id, ni_id) VALUES (12.5, 1094, 3);
INSERT INTO public.tblingredient (ingredient_id,name) VALUES (1095,'Тамариндовая паста');
INSERT INTO public.tblingredientnutritionaninformation (amount, ingredient_id, ni_id) VALUES (0.6, 1095, 1);
INSERT INTO public.tblingredientnutritionaninformation (amount, ingredient_id, ni_id) VALUES (2.8, 1095, 2);
INSERT INTO public.tblingredientnutritionaninformation (amount, ingredient_id, ni_id) VALUES (62.5, 1095, 3);
INSERT INTO public.tblingredient (ingredient_id,name) VALUES (1096,'Тандури масала');
INSERT INTO public.tblingredientnutritionaninformation (amount, ingredient_id, ni_id) VALUES (15.0, 1096, 1);
INSERT INTO public.tblingredientnutritionaninformation (amount, ingredient_id, ni_id) VALUES (15.0, 1096, 2);
INSERT INTO public.tblingredientnutritionaninformation (amount, ingredient_id, ni_id) VALUES (45.0, 1096, 3);
INSERT INTO public.tblingredient (ingredient_id,name) VALUES (1097,'Танжело');
INSERT INTO public.tblingredientnutritionaninformation (amount, ingredient_id, ni_id) VALUES (1.0, 1097, 1);
INSERT INTO public.tblingredientnutritionaninformation (amount, ingredient_id, ni_id) VALUES (1.0, 1097, 2);
INSERT INTO public.tblingredientnutritionaninformation (amount, ingredient_id, ni_id) VALUES (13.0, 1097, 3);
INSERT INTO public.tblingredient (ingredient_id,name) VALUES (1098,'Танжерин');
INSERT INTO public.tblingredientnutritionaninformation (amount, ingredient_id, ni_id) VALUES (0.3, 1098, 1);
INSERT INTO public.tblingredientnutritionaninformation (amount, ingredient_id, ni_id) VALUES (0.8, 1098, 2);
INSERT INTO public.tblingredientnutritionaninformation (amount, ingredient_id, ni_id) VALUES (11.5, 1098, 3);
INSERT INTO public.tblingredient (ingredient_id,name) VALUES (1099,'Тарань');
INSERT INTO public.tblingredientnutritionaninformation (amount, ingredient_id, ni_id) VALUES (2.0, 1099, 1);
INSERT INTO public.tblingredientnutritionaninformation (amount, ingredient_id, ni_id) VALUES (17.5, 1099, 2);
INSERT INTO public.tblingredientnutritionaninformation (amount, ingredient_id, ni_id) VALUES (0.0, 1099, 3);
INSERT INTO public.tblingredient (ingredient_id,name) VALUES (1100,'Тахина');
INSERT INTO public.tblingredientnutritionaninformation (amount, ingredient_id, ni_id) VALUES (62.0, 1100, 1);
INSERT INTO public.tblingredientnutritionaninformation (amount, ingredient_id, ni_id) VALUES (24.0, 1100, 2);
INSERT INTO public.tblingredientnutritionaninformation (amount, ingredient_id, ni_id) VALUES (10.0, 1100, 3);
INSERT INTO public.tblingredient (ingredient_id,name) VALUES (1101,'Творог 0% (обезжиренный)');
INSERT INTO public.tblingredientnutritionaninformation (amount, ingredient_id, ni_id) VALUES (0.0, 1101, 1);
INSERT INTO public.tblingredientnutritionaninformation (amount, ingredient_id, ni_id) VALUES (16.5, 1101, 2);
INSERT INTO public.tblingredientnutritionaninformation (amount, ingredient_id, ni_id) VALUES (1.3, 1101, 3);
INSERT INTO public.tblingredient (ingredient_id,name) VALUES (1102,'Творог 0.1%');
INSERT INTO public.tblingredientnutritionaninformation (amount, ingredient_id, ni_id) VALUES (0.1, 1102, 1);
INSERT INTO public.tblingredientnutritionaninformation (amount, ingredient_id, ni_id) VALUES (16.7, 1102, 2);
INSERT INTO public.tblingredientnutritionaninformation (amount, ingredient_id, ni_id) VALUES (2.0, 1102, 3);
INSERT INTO public.tblingredient (ingredient_id,name) VALUES (1103,'Творог 0.2%');
INSERT INTO public.tblingredientnutritionaninformation (amount, ingredient_id, ni_id) VALUES (0.2, 1103, 1);
INSERT INTO public.tblingredientnutritionaninformation (amount, ingredient_id, ni_id) VALUES (18.0, 1103, 2);
INSERT INTO public.tblingredientnutritionaninformation (amount, ingredient_id, ni_id) VALUES (1.8, 1103, 3);
INSERT INTO public.tblingredient (ingredient_id,name) VALUES (1104,'Творог 0.3%');
INSERT INTO public.tblingredientnutritionaninformation (amount, ingredient_id, ni_id) VALUES (0.3, 1104, 1);
INSERT INTO public.tblingredientnutritionaninformation (amount, ingredient_id, ni_id) VALUES (18.0, 1104, 2);
INSERT INTO public.tblingredientnutritionaninformation (amount, ingredient_id, ni_id) VALUES (3.3, 1104, 3);
INSERT INTO public.tblingredient (ingredient_id,name) VALUES (1105,'Творог 0.6% (маложирный)');
INSERT INTO public.tblingredientnutritionaninformation (amount, ingredient_id, ni_id) VALUES (0.6, 1105, 1);
INSERT INTO public.tblingredientnutritionaninformation (amount, ingredient_id, ni_id) VALUES (18.0, 1105, 2);
INSERT INTO public.tblingredientnutritionaninformation (amount, ingredient_id, ni_id) VALUES (1.8, 1105, 3);
INSERT INTO public.tblingredient (ingredient_id,name) VALUES (1106,'Творог 1%');
INSERT INTO public.tblingredientnutritionaninformation (amount, ingredient_id, ni_id) VALUES (1.0, 1106, 1);
INSERT INTO public.tblingredientnutritionaninformation (amount, ingredient_id, ni_id) VALUES (16.3, 1106, 2);
INSERT INTO public.tblingredientnutritionaninformation (amount, ingredient_id, ni_id) VALUES (1.3, 1106, 3);
INSERT INTO public.tblingredient (ingredient_id,name) VALUES (1107,'Творог 1.8% (нежирный)');
INSERT INTO public.tblingredientnutritionaninformation (amount, ingredient_id, ni_id) VALUES (1.8, 1107, 1);
INSERT INTO public.tblingredientnutritionaninformation (amount, ingredient_id, ni_id) VALUES (18.0, 1107, 2);
INSERT INTO public.tblingredientnutritionaninformation (amount, ingredient_id, ni_id) VALUES (3.3, 1107, 3);
INSERT INTO public.tblingredient (ingredient_id,name) VALUES (1108,'Творог 11%');
INSERT INTO public.tblingredientnutritionaninformation (amount, ingredient_id, ni_id) VALUES (11.0, 1108, 1);
INSERT INTO public.tblingredientnutritionaninformation (amount, ingredient_id, ni_id) VALUES (16.0, 1108, 2);
INSERT INTO public.tblingredientnutritionaninformation (amount, ingredient_id, ni_id) VALUES (1.0, 1108, 3);
INSERT INTO public.tblingredient (ingredient_id,name) VALUES (1109,'Творог 18% (жирный)');
INSERT INTO public.tblingredientnutritionaninformation (amount, ingredient_id, ni_id) VALUES (18.0, 1109, 1);
INSERT INTO public.tblingredientnutritionaninformation (amount, ingredient_id, ni_id) VALUES (14.0, 1109, 2);
INSERT INTO public.tblingredientnutritionaninformation (amount, ingredient_id, ni_id) VALUES (2.8, 1109, 3);
INSERT INTO public.tblingredient (ingredient_id,name) VALUES (1110,'Творог 2%');
INSERT INTO public.tblingredientnutritionaninformation (amount, ingredient_id, ni_id) VALUES (2.0, 1110, 1);
INSERT INTO public.tblingredientnutritionaninformation (amount, ingredient_id, ni_id) VALUES (18.0, 1110, 2);
INSERT INTO public.tblingredientnutritionaninformation (amount, ingredient_id, ni_id) VALUES (3.3, 1110, 3);
INSERT INTO public.tblingredient (ingredient_id,name) VALUES (1111,'Творог 4%');
INSERT INTO public.tblingredientnutritionaninformation (amount, ingredient_id, ni_id) VALUES (4.0, 1111, 1);
INSERT INTO public.tblingredientnutritionaninformation (amount, ingredient_id, ni_id) VALUES (15.7, 1111, 2);
INSERT INTO public.tblingredientnutritionaninformation (amount, ingredient_id, ni_id) VALUES (1.4, 1111, 3);
INSERT INTO public.tblingredient (ingredient_id,name) VALUES (1112,'Творог 5%');
INSERT INTO public.tblingredientnutritionaninformation (amount, ingredient_id, ni_id) VALUES (5.0, 1112, 1);
INSERT INTO public.tblingredientnutritionaninformation (amount, ingredient_id, ni_id) VALUES (17.2, 1112, 2);
INSERT INTO public.tblingredientnutritionaninformation (amount, ingredient_id, ni_id) VALUES (1.8, 1112, 3);
INSERT INTO public.tblingredient (ingredient_id,name) VALUES (1113,'Творог 8%');
INSERT INTO public.tblingredientnutritionaninformation (amount, ingredient_id, ni_id) VALUES (8.0, 1113, 1);
INSERT INTO public.tblingredientnutritionaninformation (amount, ingredient_id, ni_id) VALUES (15.0, 1113, 2);
INSERT INTO public.tblingredientnutritionaninformation (amount, ingredient_id, ni_id) VALUES (1.5, 1113, 3);
INSERT INTO public.tblingredient (ingredient_id,name) VALUES (1114,'Творог 9% (полужирный)');
INSERT INTO public.tblingredientnutritionaninformation (amount, ingredient_id, ni_id) VALUES (9.0, 1114, 1);
INSERT INTO public.tblingredientnutritionaninformation (amount, ingredient_id, ni_id) VALUES (16.7, 1114, 2);
INSERT INTO public.tblingredientnutritionaninformation (amount, ingredient_id, ni_id) VALUES (2.0, 1114, 3);
INSERT INTO public.tblingredient (ingredient_id,name) VALUES (1115,'Текила');
INSERT INTO public.tblingredientnutritionaninformation (amount, ingredient_id, ni_id) VALUES (0.3, 1115, 1);
INSERT INTO public.tblingredientnutritionaninformation (amount, ingredient_id, ni_id) VALUES (1.4, 1115, 2);
INSERT INTO public.tblingredientnutritionaninformation (amount, ingredient_id, ni_id) VALUES (24.0, 1115, 3);
INSERT INTO public.tblingredient (ingredient_id,name) VALUES (1116,'Телячий окорок');
INSERT INTO public.tblingredientnutritionaninformation (amount, ingredient_id, ni_id) VALUES (3.1, 1116, 1);
INSERT INTO public.tblingredientnutritionaninformation (amount, ingredient_id, ni_id) VALUES (19.9, 1116, 2);
INSERT INTO public.tblingredientnutritionaninformation (amount, ingredient_id, ni_id) VALUES (0.0, 1116, 3);
INSERT INTO public.tblingredient (ingredient_id,name) VALUES (1117,'Телячьи легкие');
INSERT INTO public.tblingredientnutritionaninformation (amount, ingredient_id, ni_id) VALUES (2.3, 1117, 1);
INSERT INTO public.tblingredientnutritionaninformation (amount, ingredient_id, ni_id) VALUES (16.3, 1117, 2);
INSERT INTO public.tblingredientnutritionaninformation (amount, ingredient_id, ni_id) VALUES (0.0, 1117, 3);
INSERT INTO public.tblingredient (ingredient_id,name) VALUES (1118,'Телячьи ребра');
INSERT INTO public.tblingredientnutritionaninformation (amount, ingredient_id, ni_id) VALUES (18.7, 1118, 1);
INSERT INTO public.tblingredientnutritionaninformation (amount, ingredient_id, ni_id) VALUES (16.3, 1118, 2);
INSERT INTO public.tblingredientnutritionaninformation (amount, ingredient_id, ni_id) VALUES (0.0, 1118, 3);
INSERT INTO public.tblingredient (ingredient_id,name) VALUES (1119,'Телячья лопатка');
INSERT INTO public.tblingredientnutritionaninformation (amount, ingredient_id, ni_id) VALUES (2.8, 1119, 1);
INSERT INTO public.tblingredientnutritionaninformation (amount, ingredient_id, ni_id) VALUES (19.9, 1119, 2);
INSERT INTO public.tblingredientnutritionaninformation (amount, ingredient_id, ni_id) VALUES (0.0, 1119, 3);
INSERT INTO public.tblingredient (ingredient_id,name) VALUES (1120,'Телячья мякоть');
INSERT INTO public.tblingredientnutritionaninformation (amount, ingredient_id, ni_id) VALUES (2.4, 1120, 1);
INSERT INTO public.tblingredientnutritionaninformation (amount, ingredient_id, ni_id) VALUES (20.5, 1120, 2);
INSERT INTO public.tblingredientnutritionaninformation (amount, ingredient_id, ni_id) VALUES (0.0, 1120, 3);
INSERT INTO public.tblingredient (ingredient_id,name) VALUES (1121,'Телячья печень');
INSERT INTO public.tblingredientnutritionaninformation (amount, ingredient_id, ni_id) VALUES (3.3, 1121, 1);
INSERT INTO public.tblingredientnutritionaninformation (amount, ingredient_id, ni_id) VALUES (19.2, 1121, 2);
INSERT INTO public.tblingredientnutritionaninformation (amount, ingredient_id, ni_id) VALUES (4.1, 1121, 3);
INSERT INTO public.tblingredient (ingredient_id,name) VALUES (1122,'Тёрн');
INSERT INTO public.tblingredientnutritionaninformation (amount, ingredient_id, ni_id) VALUES (0.3, 1122, 1);
INSERT INTO public.tblingredientnutritionaninformation (amount, ingredient_id, ni_id) VALUES (1.5, 1122, 2);
INSERT INTO public.tblingredientnutritionaninformation (amount, ingredient_id, ni_id) VALUES (9.4, 1122, 3);
INSERT INTO public.tblingredient (ingredient_id,name) VALUES (1123,'Терпуг');
INSERT INTO public.tblingredientnutritionaninformation (amount, ingredient_id, ni_id) VALUES (3.4, 1123, 1);
INSERT INTO public.tblingredientnutritionaninformation (amount, ingredient_id, ni_id) VALUES (17.8, 1123, 2);
INSERT INTO public.tblingredientnutritionaninformation (amount, ingredient_id, ni_id) VALUES (0.0, 1123, 3);
INSERT INTO public.tblingredient (ingredient_id,name) VALUES (1124,'Тетерев');
INSERT INTO public.tblingredientnutritionaninformation (amount, ingredient_id, ni_id) VALUES (20.0, 1124, 1);
INSERT INTO public.tblingredientnutritionaninformation (amount, ingredient_id, ni_id) VALUES (18.0, 1124, 2);
INSERT INTO public.tblingredientnutritionaninformation (amount, ingredient_id, ni_id) VALUES (0.5, 1124, 3);
INSERT INTO public.tblingredient (ingredient_id,name) VALUES (1125,'Теф');
INSERT INTO public.tblingredientnutritionaninformation (amount, ingredient_id, ni_id) VALUES (2.4, 1125, 1);
INSERT INTO public.tblingredientnutritionaninformation (amount, ingredient_id, ni_id) VALUES (13.3, 1125, 2);
INSERT INTO public.tblingredientnutritionaninformation (amount, ingredient_id, ni_id) VALUES (73.1, 1125, 3);
INSERT INTO public.tblingredient (ingredient_id,name) VALUES (1126,'Тиляпия');
INSERT INTO public.tblingredientnutritionaninformation (amount, ingredient_id, ni_id) VALUES (1.7, 1126, 1);
INSERT INTO public.tblingredientnutritionaninformation (amount, ingredient_id, ni_id) VALUES (20.1, 1126, 2);
INSERT INTO public.tblingredientnutritionaninformation (amount, ingredient_id, ni_id) VALUES (0.0, 1126, 3);
INSERT INTO public.tblingredient (ingredient_id,name) VALUES (1127,'Тимьян (чабрец)');
INSERT INTO public.tblingredientnutritionaninformation (amount, ingredient_id, ni_id) VALUES (1.7, 1127, 1);
INSERT INTO public.tblingredientnutritionaninformation (amount, ingredient_id, ni_id) VALUES (5.6, 1127, 2);
INSERT INTO public.tblingredientnutritionaninformation (amount, ingredient_id, ni_id) VALUES (10.5, 1127, 3);
INSERT INTO public.tblingredient (ingredient_id,name) VALUES (1128,'Тимьян сушеный');
INSERT INTO public.tblingredientnutritionaninformation (amount, ingredient_id, ni_id) VALUES (7.4, 1128, 1);
INSERT INTO public.tblingredientnutritionaninformation (amount, ingredient_id, ni_id) VALUES (9.1, 1128, 2);
INSERT INTO public.tblingredientnutritionaninformation (amount, ingredient_id, ni_id) VALUES (26.9, 1128, 3);
INSERT INTO public.tblingredient (ingredient_id,name) VALUES (1129,'Тмин');
INSERT INTO public.tblingredientnutritionaninformation (amount, ingredient_id, ni_id) VALUES (14.6, 1129, 1);
INSERT INTO public.tblingredientnutritionaninformation (amount, ingredient_id, ni_id) VALUES (19.8, 1129, 2);
INSERT INTO public.tblingredientnutritionaninformation (amount, ingredient_id, ni_id) VALUES (11.9, 1129, 3);
INSERT INTO public.tblingredient (ingredient_id,name) VALUES (1130,'Толокно');
INSERT INTO public.tblingredientnutritionaninformation (amount, ingredient_id, ni_id) VALUES (6.0, 1130, 1);
INSERT INTO public.tblingredientnutritionaninformation (amount, ingredient_id, ni_id) VALUES (12.5, 1130, 2);
INSERT INTO public.tblingredientnutritionaninformation (amount, ingredient_id, ni_id) VALUES (64.9, 1130, 3);
INSERT INTO public.tblingredient (ingredient_id,name) VALUES (1131,'Толстолобик белый свежий');
INSERT INTO public.tblingredientnutritionaninformation (amount, ingredient_id, ni_id) VALUES (0.9, 1131, 1);
INSERT INTO public.tblingredientnutritionaninformation (amount, ingredient_id, ni_id) VALUES (19.5, 1131, 2);
INSERT INTO public.tblingredientnutritionaninformation (amount, ingredient_id, ni_id) VALUES (0.2, 1131, 3);
INSERT INTO public.tblingredient (ingredient_id,name) VALUES (1132,'Томат (помидор)');
INSERT INTO public.tblingredientnutritionaninformation (amount, ingredient_id, ni_id) VALUES (0.2, 1132, 1);
INSERT INTO public.tblingredientnutritionaninformation (amount, ingredient_id, ni_id) VALUES (1.1, 1132, 2);
INSERT INTO public.tblingredientnutritionaninformation (amount, ingredient_id, ni_id) VALUES (3.7, 1132, 3);
INSERT INTO public.tblingredient (ingredient_id,name) VALUES (1133,'Томат вяленый');
INSERT INTO public.tblingredientnutritionaninformation (amount, ingredient_id, ni_id) VALUES (3.0, 1133, 1);
INSERT INTO public.tblingredientnutritionaninformation (amount, ingredient_id, ni_id) VALUES (14.1, 1133, 2);
INSERT INTO public.tblingredientnutritionaninformation (amount, ingredient_id, ni_id) VALUES (43.5, 1133, 3);
INSERT INTO public.tblingredient (ingredient_id,name) VALUES (1134,'Томат черри');
INSERT INTO public.tblingredientnutritionaninformation (amount, ingredient_id, ni_id) VALUES (0.1, 1134, 1);
INSERT INTO public.tblingredientnutritionaninformation (amount, ingredient_id, ni_id) VALUES (0.8, 1134, 2);
INSERT INTO public.tblingredientnutritionaninformation (amount, ingredient_id, ni_id) VALUES (2.8, 1134, 3);
INSERT INTO public.tblingredient (ingredient_id,name) VALUES (1135,'Томатная паста');
INSERT INTO public.tblingredientnutritionaninformation (amount, ingredient_id, ni_id) VALUES (0.3, 1135, 1);
INSERT INTO public.tblingredientnutritionaninformation (amount, ingredient_id, ni_id) VALUES (2.5, 1135, 2);
INSERT INTO public.tblingredientnutritionaninformation (amount, ingredient_id, ni_id) VALUES (16.7, 1135, 3);
INSERT INTO public.tblingredient (ingredient_id,name) VALUES (1136,'Томаты в собственном соку');
INSERT INTO public.tblingredientnutritionaninformation (amount, ingredient_id, ni_id) VALUES (0.5, 1136, 1);
INSERT INTO public.tblingredientnutritionaninformation (amount, ingredient_id, ni_id) VALUES (1.2, 1136, 2);
INSERT INTO public.tblingredientnutritionaninformation (amount, ingredient_id, ni_id) VALUES (3.6, 1136, 3);
INSERT INTO public.tblingredient (ingredient_id,name) VALUES (1137,'Топинамбур');
INSERT INTO public.tblingredientnutritionaninformation (amount, ingredient_id, ni_id) VALUES (0.1, 1137, 1);
INSERT INTO public.tblingredientnutritionaninformation (amount, ingredient_id, ni_id) VALUES (2.1, 1137, 2);
INSERT INTO public.tblingredientnutritionaninformation (amount, ingredient_id, ni_id) VALUES (12.8, 1137, 3);
INSERT INTO public.tblingredient (ingredient_id,name) VALUES (1138,'Тортилья кукурузная');
INSERT INTO public.tblingredientnutritionaninformation (amount, ingredient_id, ni_id) VALUES (2.8, 1138, 1);
INSERT INTO public.tblingredientnutritionaninformation (amount, ingredient_id, ni_id) VALUES (5.7, 1138, 2);
INSERT INTO public.tblingredientnutritionaninformation (amount, ingredient_id, ni_id) VALUES (44.6, 1138, 3);
INSERT INTO public.tblingredient (ingredient_id,name) VALUES (1139,'Тортилья пшеничная');
INSERT INTO public.tblingredientnutritionaninformation (amount, ingredient_id, ni_id) VALUES (8.3, 1139, 1);
INSERT INTO public.tblingredientnutritionaninformation (amount, ingredient_id, ni_id) VALUES (8.4, 1139, 2);
INSERT INTO public.tblingredientnutritionaninformation (amount, ingredient_id, ni_id) VALUES (54.6, 1139, 3);
INSERT INTO public.tblingredient (ingredient_id,name) VALUES (1140,'Травы итальянские');
INSERT INTO public.tblingredientnutritionaninformation (amount, ingredient_id, ni_id) VALUES (6.5, 1140, 1);
INSERT INTO public.tblingredientnutritionaninformation (amount, ingredient_id, ni_id) VALUES (12.4, 1140, 2);
INSERT INTO public.tblingredientnutritionaninformation (amount, ingredient_id, ni_id) VALUES (26.0, 1140, 3);
INSERT INTO public.tblingredient (ingredient_id,name) VALUES (1141,'Трепанг');
INSERT INTO public.tblingredientnutritionaninformation (amount, ingredient_id, ni_id) VALUES (0.6, 1141, 1);
INSERT INTO public.tblingredientnutritionaninformation (amount, ingredient_id, ni_id) VALUES (7.3, 1141, 2);
INSERT INTO public.tblingredientnutritionaninformation (amount, ingredient_id, ni_id) VALUES (0.0, 1141, 3);
INSERT INTO public.tblingredient (ingredient_id,name) VALUES (1142,'Треска (печень натуральная)');
INSERT INTO public.tblingredientnutritionaninformation (amount, ingredient_id, ni_id) VALUES (43.0, 1142, 1);
INSERT INTO public.tblingredientnutritionaninformation (amount, ingredient_id, ni_id) VALUES (9.0, 1142, 2);
INSERT INTO public.tblingredientnutritionaninformation (amount, ingredient_id, ni_id) VALUES (1.0, 1142, 3);
INSERT INTO public.tblingredient (ingredient_id,name) VALUES (1143,'Треска свежая');
INSERT INTO public.tblingredientnutritionaninformation (amount, ingredient_id, ni_id) VALUES (0.7, 1143, 1);
INSERT INTO public.tblingredientnutritionaninformation (amount, ingredient_id, ni_id) VALUES (17.7, 1143, 2);
INSERT INTO public.tblingredientnutritionaninformation (amount, ingredient_id, ni_id) VALUES (0.0, 1143, 3);
INSERT INTO public.tblingredient (ingredient_id,name) VALUES (1144,'Тридакна (морская цикада)');
INSERT INTO public.tblingredientnutritionaninformation (amount, ingredient_id, ni_id) VALUES (3.6, 1144, 1);
INSERT INTO public.tblingredientnutritionaninformation (amount, ingredient_id, ni_id) VALUES (16.7, 1144, 2);
INSERT INTO public.tblingredientnutritionaninformation (amount, ingredient_id, ni_id) VALUES (0.0, 1144, 3);
INSERT INTO public.tblingredient (ingredient_id,name) VALUES (1145,'Тритикале');
INSERT INTO public.tblingredientnutritionaninformation (amount, ingredient_id, ni_id) VALUES (2.1, 1145, 1);
INSERT INTO public.tblingredientnutritionaninformation (amount, ingredient_id, ni_id) VALUES (12.8, 1145, 2);
INSERT INTO public.tblingredientnutritionaninformation (amount, ingredient_id, ni_id) VALUES (54.5, 1145, 3);
INSERT INTO public.tblingredient (ingredient_id,name) VALUES (1146,'Трубач');
INSERT INTO public.tblingredientnutritionaninformation (amount, ingredient_id, ni_id) VALUES (0.4, 1146, 1);
INSERT INTO public.tblingredientnutritionaninformation (amount, ingredient_id, ni_id) VALUES (17.1, 1146, 2);
INSERT INTO public.tblingredientnutritionaninformation (amount, ingredient_id, ni_id) VALUES (2.8, 1146, 3);
INSERT INTO public.tblingredient (ingredient_id,name) VALUES (1147,'Трюфели свежие');
INSERT INTO public.tblingredientnutritionaninformation (amount, ingredient_id, ni_id) VALUES (0.5, 1147, 1);
INSERT INTO public.tblingredientnutritionaninformation (amount, ingredient_id, ni_id) VALUES (5.9, 1147, 2);
INSERT INTO public.tblingredientnutritionaninformation (amount, ingredient_id, ni_id) VALUES (5.3, 1147, 3);
INSERT INTO public.tblingredient (ingredient_id,name) VALUES (1148,'Тунец (стружка)');
INSERT INTO public.tblingredientnutritionaninformation (amount, ingredient_id, ni_id) VALUES (1.8, 1148, 1);
INSERT INTO public.tblingredientnutritionaninformation (amount, ingredient_id, ni_id) VALUES (81.2, 1148, 2);
INSERT INTO public.tblingredientnutritionaninformation (amount, ingredient_id, ni_id) VALUES (0.6, 1148, 3);
INSERT INTO public.tblingredient (ingredient_id,name) VALUES (1149,'Тунец в растительном масле');
INSERT INTO public.tblingredientnutritionaninformation (amount, ingredient_id, ni_id) VALUES (9.0, 1149, 1);
INSERT INTO public.tblingredientnutritionaninformation (amount, ingredient_id, ni_id) VALUES (27.1, 1149, 2);
INSERT INTO public.tblingredientnutritionaninformation (amount, ingredient_id, ni_id) VALUES (0.0, 1149, 3);
INSERT INTO public.tblingredient (ingredient_id,name) VALUES (1150,'Тунец в собственном соку');
INSERT INTO public.tblingredientnutritionaninformation (amount, ingredient_id, ni_id) VALUES (1.2, 1150, 1);
INSERT INTO public.tblingredientnutritionaninformation (amount, ingredient_id, ni_id) VALUES (21.0, 1150, 2);
INSERT INTO public.tblingredientnutritionaninformation (amount, ingredient_id, ni_id) VALUES (0.0, 1150, 3);
INSERT INTO public.tblingredient (ingredient_id,name) VALUES (1151,'Тунец свежий');
INSERT INTO public.tblingredientnutritionaninformation (amount, ingredient_id, ni_id) VALUES (1.0, 1151, 1);
INSERT INTO public.tblingredientnutritionaninformation (amount, ingredient_id, ni_id) VALUES (23.0, 1151, 2);
INSERT INTO public.tblingredientnutritionaninformation (amount, ingredient_id, ni_id) VALUES (0.0, 1151, 3);
INSERT INTO public.tblingredient (ingredient_id,name) VALUES (1152,'Турнепс');
INSERT INTO public.tblingredientnutritionaninformation (amount, ingredient_id, ni_id) VALUES (0.0, 1152, 1);
INSERT INTO public.tblingredientnutritionaninformation (amount, ingredient_id, ni_id) VALUES (1.0, 1152, 2);
INSERT INTO public.tblingredientnutritionaninformation (amount, ingredient_id, ni_id) VALUES (6.0, 1152, 3);
INSERT INTO public.tblingredient (ingredient_id,name) VALUES (1153,'Тыква');
INSERT INTO public.tblingredientnutritionaninformation (amount, ingredient_id, ni_id) VALUES (0.3, 1153, 1);
INSERT INTO public.tblingredientnutritionaninformation (amount, ingredient_id, ni_id) VALUES (1.3, 1153, 2);
INSERT INTO public.tblingredientnutritionaninformation (amount, ingredient_id, ni_id) VALUES (7.7, 1153, 3);
INSERT INTO public.tblingredient (ingredient_id,name) VALUES (1154,'Тысячелистник');
INSERT INTO public.tblingredientnutritionaninformation (amount, ingredient_id, ni_id) VALUES (0.0, 1154, 1);
INSERT INTO public.tblingredientnutritionaninformation (amount, ingredient_id, ni_id) VALUES (0.4, 1154, 2);
INSERT INTO public.tblingredientnutritionaninformation (amount, ingredient_id, ni_id) VALUES (5.0, 1154, 3);
INSERT INTO public.tblingredient (ingredient_id,name) VALUES (1155,'Тюлька');
INSERT INTO public.tblingredientnutritionaninformation (amount, ingredient_id, ni_id) VALUES (2.0, 1155, 1);
INSERT INTO public.tblingredientnutritionaninformation (amount, ingredient_id, ni_id) VALUES (17.5, 1155, 2);
INSERT INTO public.tblingredientnutritionaninformation (amount, ingredient_id, ni_id) VALUES (0.0, 1155, 3);
INSERT INTO public.tblingredient (ingredient_id,name) VALUES (1156,'Тюрбо');
INSERT INTO public.tblingredientnutritionaninformation (amount, ingredient_id, ni_id) VALUES (1.3, 1156, 1);
INSERT INTO public.tblingredientnutritionaninformation (amount, ingredient_id, ni_id) VALUES (18.2, 1156, 2);
INSERT INTO public.tblingredientnutritionaninformation (amount, ingredient_id, ni_id) VALUES (0.0, 1156, 3);
INSERT INTO public.tblingredient (ingredient_id,name) VALUES (1157,'Угорь морской свежий');
INSERT INTO public.tblingredientnutritionaninformation (amount, ingredient_id, ni_id) VALUES (1.9, 1157, 1);
INSERT INTO public.tblingredientnutritionaninformation (amount, ingredient_id, ni_id) VALUES (19.1, 1157, 2);
INSERT INTO public.tblingredientnutritionaninformation (amount, ingredient_id, ni_id) VALUES (0.0, 1157, 3);
INSERT INTO public.tblingredient (ingredient_id,name) VALUES (1158,'Удильщик');
INSERT INTO public.tblingredientnutritionaninformation (amount, ingredient_id, ni_id) VALUES (1.0, 1158, 1);
INSERT INTO public.tblingredientnutritionaninformation (amount, ingredient_id, ni_id) VALUES (14.8, 1158, 2);
INSERT INTO public.tblingredientnutritionaninformation (amount, ingredient_id, ni_id) VALUES (0.0, 1158, 3);
INSERT INTO public.tblingredient (ingredient_id,name) VALUES (1159,'Укроп');
INSERT INTO public.tblingredientnutritionaninformation (amount, ingredient_id, ni_id) VALUES (0.5, 1159, 1);
INSERT INTO public.tblingredientnutritionaninformation (amount, ingredient_id, ni_id) VALUES (2.5, 1159, 2);
INSERT INTO public.tblingredientnutritionaninformation (amount, ingredient_id, ni_id) VALUES (6.3, 1159, 3);
INSERT INTO public.tblingredient (ingredient_id,name) VALUES (1160,'Укроп сушеный');
INSERT INTO public.tblingredientnutritionaninformation (amount, ingredient_id, ni_id) VALUES (0.5, 1160, 1);
INSERT INTO public.tblingredientnutritionaninformation (amount, ingredient_id, ni_id) VALUES (2.5, 1160, 2);
INSERT INTO public.tblingredientnutritionaninformation (amount, ingredient_id, ni_id) VALUES (6.3, 1160, 3);
INSERT INTO public.tblingredient (ingredient_id,name) VALUES (1161,'Уксус бальзамический');
INSERT INTO public.tblingredientnutritionaninformation (amount, ingredient_id, ni_id) VALUES (0.0, 1161, 1);
INSERT INTO public.tblingredientnutritionaninformation (amount, ingredient_id, ni_id) VALUES (0.5, 1161, 2);
INSERT INTO public.tblingredientnutritionaninformation (amount, ingredient_id, ni_id) VALUES (17.0, 1161, 3);
INSERT INTO public.tblingredient (ingredient_id,name) VALUES (1162,'Уксус белый винный');
INSERT INTO public.tblingredientnutritionaninformation (amount, ingredient_id, ni_id) VALUES (0.0, 1162, 1);
INSERT INTO public.tblingredientnutritionaninformation (amount, ingredient_id, ni_id) VALUES (0.0, 1162, 2);
INSERT INTO public.tblingredientnutritionaninformation (amount, ingredient_id, ni_id) VALUES (5.9, 1162, 3);
INSERT INTO public.tblingredient (ingredient_id,name) VALUES (1163,'Уксус кокосовый');
INSERT INTO public.tblingredientnutritionaninformation (amount, ingredient_id, ni_id) VALUES (0.0, 1163, 1);
INSERT INTO public.tblingredientnutritionaninformation (amount, ingredient_id, ni_id) VALUES (0.0, 1163, 2);
INSERT INTO public.tblingredientnutritionaninformation (amount, ingredient_id, ni_id) VALUES (0.9, 1163, 3);
INSERT INTO public.tblingredient (ingredient_id,name) VALUES (1164,'Уксус рисовый');
INSERT INTO public.tblingredientnutritionaninformation (amount, ingredient_id, ni_id) VALUES (0.0, 1164, 1);
INSERT INTO public.tblingredientnutritionaninformation (amount, ingredient_id, ni_id) VALUES (0.3, 1164, 2);
INSERT INTO public.tblingredientnutritionaninformation (amount, ingredient_id, ni_id) VALUES (13.0, 1164, 3);
INSERT INTO public.tblingredient (ingredient_id,name) VALUES (1165,'Уксус столовый 9%');
INSERT INTO public.tblingredientnutritionaninformation (amount, ingredient_id, ni_id) VALUES (0.0, 1165, 1);
INSERT INTO public.tblingredientnutritionaninformation (amount, ingredient_id, ni_id) VALUES (0.0, 1165, 2);
INSERT INTO public.tblingredientnutritionaninformation (amount, ingredient_id, ni_id) VALUES (3.0, 1165, 3);
INSERT INTO public.tblingredient (ingredient_id,name) VALUES (1166,'Уксус яблочный 3%');
INSERT INTO public.tblingredientnutritionaninformation (amount, ingredient_id, ni_id) VALUES (0.0, 1166, 1);
INSERT INTO public.tblingredientnutritionaninformation (amount, ingredient_id, ni_id) VALUES (0.0, 1166, 2);
INSERT INTO public.tblingredientnutritionaninformation (amount, ingredient_id, ni_id) VALUES (2.3, 1166, 3);
INSERT INTO public.tblingredient (ingredient_id,name) VALUES (1167,'Уксус яблочный 5%');
INSERT INTO public.tblingredientnutritionaninformation (amount, ingredient_id, ni_id) VALUES (0.0, 1167, 1);
INSERT INTO public.tblingredientnutritionaninformation (amount, ingredient_id, ni_id) VALUES (0.0, 1167, 2);
INSERT INTO public.tblingredientnutritionaninformation (amount, ingredient_id, ni_id) VALUES (0.7, 1167, 3);
INSERT INTO public.tblingredient (ingredient_id,name) VALUES (1168,'Уксус яблочный 6%');
INSERT INTO public.tblingredientnutritionaninformation (amount, ingredient_id, ni_id) VALUES (0.0, 1168, 1);
INSERT INTO public.tblingredientnutritionaninformation (amount, ingredient_id, ni_id) VALUES (0.0, 1168, 2);
INSERT INTO public.tblingredientnutritionaninformation (amount, ingredient_id, ni_id) VALUES (7.2, 1168, 3);
INSERT INTO public.tblingredient (ingredient_id,name) VALUES (1169,'Уксусная эссенция 70%');
INSERT INTO public.tblingredientnutritionaninformation (amount, ingredient_id, ni_id) VALUES (0.0, 1169, 1);
INSERT INTO public.tblingredientnutritionaninformation (amount, ingredient_id, ni_id) VALUES (0.0, 1169, 2);
INSERT INTO public.tblingredientnutritionaninformation (amount, ingredient_id, ni_id) VALUES (0.0, 1169, 3);
INSERT INTO public.tblingredient (ingredient_id,name) VALUES (1170,'Улитка виноградная');
INSERT INTO public.tblingredientnutritionaninformation (amount, ingredient_id, ni_id) VALUES (1.4, 1170, 1);
INSERT INTO public.tblingredientnutritionaninformation (amount, ingredient_id, ni_id) VALUES (16.1, 1170, 2);
INSERT INTO public.tblingredientnutritionaninformation (amount, ingredient_id, ni_id) VALUES (2.0, 1170, 3);
INSERT INTO public.tblingredient (ingredient_id,name) VALUES (1171,'Урбеч из бразильского ореха');
INSERT INTO public.tblingredientnutritionaninformation (amount, ingredient_id, ni_id) VALUES (69.0, 1171, 1);
INSERT INTO public.tblingredientnutritionaninformation (amount, ingredient_id, ni_id) VALUES (18.0, 1171, 2);
INSERT INTO public.tblingredientnutritionaninformation (amount, ingredient_id, ni_id) VALUES (12.0, 1171, 3);
INSERT INTO public.tblingredient (ingredient_id,name) VALUES (1172,'Урбеч из кешью');
INSERT INTO public.tblingredientnutritionaninformation (amount, ingredient_id, ni_id) VALUES (53.6, 1172, 1);
INSERT INTO public.tblingredientnutritionaninformation (amount, ingredient_id, ni_id) VALUES (25.5, 1172, 2);
INSERT INTO public.tblingredientnutritionaninformation (amount, ingredient_id, ni_id) VALUES (22.0, 1172, 3);
INSERT INTO public.tblingredient (ingredient_id,name) VALUES (1173,'Урбеч из кунжута');
INSERT INTO public.tblingredientnutritionaninformation (amount, ingredient_id, ni_id) VALUES (48.7, 1173, 1);
INSERT INTO public.tblingredientnutritionaninformation (amount, ingredient_id, ni_id) VALUES (19.4, 1173, 2);
INSERT INTO public.tblingredientnutritionaninformation (amount, ingredient_id, ni_id) VALUES (12.2, 1173, 3);
INSERT INTO public.tblingredient (ingredient_id,name) VALUES (1174,'Урбеч из миндаля');
INSERT INTO public.tblingredientnutritionaninformation (amount, ingredient_id, ni_id) VALUES (53.7, 1174, 1);
INSERT INTO public.tblingredientnutritionaninformation (amount, ingredient_id, ni_id) VALUES (18.1, 1174, 2);
INSERT INTO public.tblingredientnutritionaninformation (amount, ingredient_id, ni_id) VALUES (13.0, 1174, 3);
INSERT INTO public.tblingredient (ingredient_id,name) VALUES (1175,'Урбеч из мякоти кокоса');
INSERT INTO public.tblingredientnutritionaninformation (amount, ingredient_id, ni_id) VALUES (33.5, 1175, 1);
INSERT INTO public.tblingredientnutritionaninformation (amount, ingredient_id, ni_id) VALUES (3.3, 1175, 2);
INSERT INTO public.tblingredientnutritionaninformation (amount, ingredient_id, ni_id) VALUES (6.2, 1175, 3);
INSERT INTO public.tblingredient (ingredient_id,name) VALUES (1176,'Урбеч из семян конопли Живой продукт');
INSERT INTO public.tblingredientnutritionaninformation (amount, ingredient_id, ni_id) VALUES (30.9, 1176, 1);
INSERT INTO public.tblingredientnutritionaninformation (amount, ingredient_id, ni_id) VALUES (30.6, 1176, 2);
INSERT INTO public.tblingredientnutritionaninformation (amount, ingredient_id, ni_id) VALUES (10.9, 1176, 3);
INSERT INTO public.tblingredient (ingredient_id,name) VALUES (1177,'Урбеч из семян льна');
INSERT INTO public.tblingredientnutritionaninformation (amount, ingredient_id, ni_id) VALUES (50.0, 1177, 1);
INSERT INTO public.tblingredientnutritionaninformation (amount, ingredient_id, ni_id) VALUES (25.5, 1177, 2);
INSERT INTO public.tblingredientnutritionaninformation (amount, ingredient_id, ni_id) VALUES (22.6, 1177, 3);
INSERT INTO public.tblingredient (ingredient_id,name) VALUES (1178,'Урбеч из семян мака');
INSERT INTO public.tblingredientnutritionaninformation (amount, ingredient_id, ni_id) VALUES (47.5, 1178, 1);
INSERT INTO public.tblingredientnutritionaninformation (amount, ingredient_id, ni_id) VALUES (17.5, 1178, 2);
INSERT INTO public.tblingredientnutritionaninformation (amount, ingredient_id, ni_id) VALUES (14.5, 1178, 3);
INSERT INTO public.tblingredient (ingredient_id,name) VALUES (1179,'Урюк');
INSERT INTO public.tblingredientnutritionaninformation (amount, ingredient_id, ni_id) VALUES (0.4, 1179, 1);
INSERT INTO public.tblingredientnutritionaninformation (amount, ingredient_id, ni_id) VALUES (5.0, 1179, 2);
INSERT INTO public.tblingredientnutritionaninformation (amount, ingredient_id, ni_id) VALUES (50.6, 1179, 3);
INSERT INTO public.tblingredient (ingredient_id,name) VALUES (1180,'Устрицы свежие');
INSERT INTO public.tblingredientnutritionaninformation (amount, ingredient_id, ni_id) VALUES (6.0, 1180, 1);
INSERT INTO public.tblingredientnutritionaninformation (amount, ingredient_id, ni_id) VALUES (14.0, 1180, 2);
INSERT INTO public.tblingredientnutritionaninformation (amount, ingredient_id, ni_id) VALUES (0.3, 1180, 3);
INSERT INTO public.tblingredient (ingredient_id,name) VALUES (1181,'Утиная грудка');
INSERT INTO public.tblingredientnutritionaninformation (amount, ingredient_id, ni_id) VALUES (9.0, 1181, 1);
INSERT INTO public.tblingredientnutritionaninformation (amount, ingredient_id, ni_id) VALUES (18.9, 1181, 2);
INSERT INTO public.tblingredientnutritionaninformation (amount, ingredient_id, ni_id) VALUES (2.0, 1181, 3);
INSERT INTO public.tblingredient (ingredient_id,name) VALUES (1182,'Утиная печень');
INSERT INTO public.tblingredientnutritionaninformation (amount, ingredient_id, ni_id) VALUES (38.0, 1182, 1);
INSERT INTO public.tblingredientnutritionaninformation (amount, ingredient_id, ni_id) VALUES (15.8, 1182, 2);
INSERT INTO public.tblingredientnutritionaninformation (amount, ingredient_id, ni_id) VALUES (0.0, 1182, 3);
INSERT INTO public.tblingredient (ingredient_id,name) VALUES (1183,'Утка');
INSERT INTO public.tblingredientnutritionaninformation (amount, ingredient_id, ni_id) VALUES (28.6, 1183, 1);
INSERT INTO public.tblingredientnutritionaninformation (amount, ingredient_id, ni_id) VALUES (13.5, 1183, 2);
INSERT INTO public.tblingredientnutritionaninformation (amount, ingredient_id, ni_id) VALUES (0.0, 1183, 3);
INSERT INTO public.tblingredient (ingredient_id,name) VALUES (1184,'Фазан');
INSERT INTO public.tblingredientnutritionaninformation (amount, ingredient_id, ni_id) VALUES (20.0, 1184, 1);
INSERT INTO public.tblingredientnutritionaninformation (amount, ingredient_id, ni_id) VALUES (18.0, 1184, 2);
INSERT INTO public.tblingredientnutritionaninformation (amount, ingredient_id, ni_id) VALUES (0.5, 1184, 3);
INSERT INTO public.tblingredient (ingredient_id,name) VALUES (1185,'Фарфалле');
INSERT INTO public.tblingredientnutritionaninformation (amount, ingredient_id, ni_id) VALUES (1.1, 1185, 1);
INSERT INTO public.tblingredientnutritionaninformation (amount, ingredient_id, ni_id) VALUES (10.4, 1185, 2);
INSERT INTO public.tblingredientnutritionaninformation (amount, ingredient_id, ni_id) VALUES (71.5, 1185, 3);
INSERT INTO public.tblingredient (ingredient_id,name) VALUES (1186,'Фасоль (ростки)');
INSERT INTO public.tblingredientnutritionaninformation (amount, ingredient_id, ni_id) VALUES (0.1, 1186, 1);
INSERT INTO public.tblingredientnutritionaninformation (amount, ingredient_id, ni_id) VALUES (1.5, 1186, 2);
INSERT INTO public.tblingredientnutritionaninformation (amount, ingredient_id, ni_id) VALUES (1.8, 1186, 3);
INSERT INTO public.tblingredient (ingredient_id,name) VALUES (1187,'Фасоль белая');
INSERT INTO public.tblingredientnutritionaninformation (amount, ingredient_id, ni_id) VALUES (1.8, 1187, 1);
INSERT INTO public.tblingredientnutritionaninformation (amount, ingredient_id, ni_id) VALUES (20.9, 1187, 2);
INSERT INTO public.tblingredientnutritionaninformation (amount, ingredient_id, ni_id) VALUES (64.0, 1187, 3);
INSERT INTO public.tblingredient (ingredient_id,name) VALUES (1188,'Фасоль белая консервированная');
INSERT INTO public.tblingredientnutritionaninformation (amount, ingredient_id, ni_id) VALUES (0.0, 1188, 1);
INSERT INTO public.tblingredientnutritionaninformation (amount, ingredient_id, ni_id) VALUES (6.7, 1188, 2);
INSERT INTO public.tblingredientnutritionaninformation (amount, ingredient_id, ni_id) VALUES (16.0, 1188, 3);
INSERT INTO public.tblingredient (ingredient_id,name) VALUES (1189,'Фасоль красная');
INSERT INTO public.tblingredientnutritionaninformation (amount, ingredient_id, ni_id) VALUES (1.6, 1189, 1);
INSERT INTO public.tblingredientnutritionaninformation (amount, ingredient_id, ni_id) VALUES (21.0, 1189, 2);
INSERT INTO public.tblingredientnutritionaninformation (amount, ingredient_id, ni_id) VALUES (52.7, 1189, 3);
INSERT INTO public.tblingredient (ingredient_id,name) VALUES (1190,'Фасоль красная консервированная');
INSERT INTO public.tblingredientnutritionaninformation (amount, ingredient_id, ni_id) VALUES (0.3, 1190, 1);
INSERT INTO public.tblingredientnutritionaninformation (amount, ingredient_id, ni_id) VALUES (6.7, 1190, 2);
INSERT INTO public.tblingredientnutritionaninformation (amount, ingredient_id, ni_id) VALUES (17.4, 1190, 3);
INSERT INTO public.tblingredient (ingredient_id,name) VALUES (1191,'Фасоль лимская');
INSERT INTO public.tblingredientnutritionaninformation (amount, ingredient_id, ni_id) VALUES (0.9, 1191, 1);
INSERT INTO public.tblingredientnutritionaninformation (amount, ingredient_id, ni_id) VALUES (6.8, 1191, 2);
INSERT INTO public.tblingredientnutritionaninformation (amount, ingredient_id, ni_id) VALUES (15.3, 1191, 3);
INSERT INTO public.tblingredient (ingredient_id,name) VALUES (1192,'Фасоль спаржевая');
INSERT INTO public.tblingredientnutritionaninformation (amount, ingredient_id, ni_id) VALUES (0.4, 1192, 1);
INSERT INTO public.tblingredientnutritionaninformation (amount, ingredient_id, ni_id) VALUES (2.8, 1192, 2);
INSERT INTO public.tblingredientnutritionaninformation (amount, ingredient_id, ni_id) VALUES (8.4, 1192, 3);
INSERT INTO public.tblingredient (ingredient_id,name) VALUES (1193,'Фасоль стручковая');
INSERT INTO public.tblingredientnutritionaninformation (amount, ingredient_id, ni_id) VALUES (0.2, 1193, 1);
INSERT INTO public.tblingredientnutritionaninformation (amount, ingredient_id, ni_id) VALUES (2.0, 1193, 2);
INSERT INTO public.tblingredientnutritionaninformation (amount, ingredient_id, ni_id) VALUES (3.6, 1193, 3);
INSERT INTO public.tblingredient (ingredient_id,name) VALUES (1194,'Фасоль стручковая консервированная');
INSERT INTO public.tblingredientnutritionaninformation (amount, ingredient_id, ni_id) VALUES (0.1, 1194, 1);
INSERT INTO public.tblingredientnutritionaninformation (amount, ingredient_id, ni_id) VALUES (1.2, 1194, 2);
INSERT INTO public.tblingredientnutritionaninformation (amount, ingredient_id, ni_id) VALUES (2.4, 1194, 3);
INSERT INTO public.tblingredient (ingredient_id,name) VALUES (1195,'Фасоль сухая');
INSERT INTO public.tblingredientnutritionaninformation (amount, ingredient_id, ni_id) VALUES (1.2, 1195, 1);
INSERT INTO public.tblingredientnutritionaninformation (amount, ingredient_id, ni_id) VALUES (21.1, 1195, 2);
INSERT INTO public.tblingredientnutritionaninformation (amount, ingredient_id, ni_id) VALUES (41.4, 1195, 3);
INSERT INTO public.tblingredient (ingredient_id,name) VALUES (1196,'Фасоль чёрная');
INSERT INTO public.tblingredientnutritionaninformation (amount, ingredient_id, ni_id) VALUES (0.5, 1196, 1);
INSERT INTO public.tblingredientnutritionaninformation (amount, ingredient_id, ni_id) VALUES (8.9, 1196, 2);
INSERT INTO public.tblingredientnutritionaninformation (amount, ingredient_id, ni_id) VALUES (23.7, 1196, 3);
INSERT INTO public.tblingredient (ingredient_id,name) VALUES (1197,'Фейхоа');
INSERT INTO public.tblingredientnutritionaninformation (amount, ingredient_id, ni_id) VALUES (1.0, 1197, 1);
INSERT INTO public.tblingredientnutritionaninformation (amount, ingredient_id, ni_id) VALUES (1.0, 1197, 2);
INSERT INTO public.tblingredientnutritionaninformation (amount, ingredient_id, ni_id) VALUES (11.0, 1197, 3);
INSERT INTO public.tblingredient (ingredient_id,name) VALUES (1198,'Фенхель');
INSERT INTO public.tblingredientnutritionaninformation (amount, ingredient_id, ni_id) VALUES (0.2, 1198, 1);
INSERT INTO public.tblingredientnutritionaninformation (amount, ingredient_id, ni_id) VALUES (1.2, 1198, 2);
INSERT INTO public.tblingredientnutritionaninformation (amount, ingredient_id, ni_id) VALUES (7.3, 1198, 3);
INSERT INTO public.tblingredient (ingredient_id,name) VALUES (1199,'Ферония (Деревянное яблоко)');
INSERT INTO public.tblingredientnutritionaninformation (amount, ingredient_id, ni_id) VALUES (0.2, 1199, 1);
INSERT INTO public.tblingredientnutritionaninformation (amount, ingredient_id, ni_id) VALUES (0.3, 1199, 2);
INSERT INTO public.tblingredientnutritionaninformation (amount, ingredient_id, ni_id) VALUES (12.0, 1199, 3);
INSERT INTO public.tblingredient (ingredient_id,name) VALUES (1200,'Фетучини');
INSERT INTO public.tblingredientnutritionaninformation (amount, ingredient_id, ni_id) VALUES (4.4, 1200, 1);
INSERT INTO public.tblingredientnutritionaninformation (amount, ingredient_id, ni_id) VALUES (14.1, 1200, 2);
INSERT INTO public.tblingredientnutritionaninformation (amount, ingredient_id, ni_id) VALUES (67.6, 1200, 3);
INSERT INTO public.tblingredient (ingredient_id,name) VALUES (1201,'Физалис');
INSERT INTO public.tblingredientnutritionaninformation (amount, ingredient_id, ni_id) VALUES (1.0, 1201, 1);
INSERT INTO public.tblingredientnutritionaninformation (amount, ingredient_id, ni_id) VALUES (1.0, 1201, 2);
INSERT INTO public.tblingredientnutritionaninformation (amount, ingredient_id, ni_id) VALUES (3.9, 1201, 3);
INSERT INTO public.tblingredient (ingredient_id,name) VALUES (1202,'Финики');
INSERT INTO public.tblingredientnutritionaninformation (amount, ingredient_id, ni_id) VALUES (0.5, 1202, 1);
INSERT INTO public.tblingredientnutritionaninformation (amount, ingredient_id, ni_id) VALUES (2.5, 1202, 2);
INSERT INTO public.tblingredientnutritionaninformation (amount, ingredient_id, ni_id) VALUES (69.2, 1202, 3);
INSERT INTO public.tblingredient (ingredient_id,name) VALUES (1203,'Фисташки');
INSERT INTO public.tblingredientnutritionaninformation (amount, ingredient_id, ni_id) VALUES (50.0, 1203, 1);
INSERT INTO public.tblingredientnutritionaninformation (amount, ingredient_id, ni_id) VALUES (20.0, 1203, 2);
INSERT INTO public.tblingredientnutritionaninformation (amount, ingredient_id, ni_id) VALUES (7.0, 1203, 3);
INSERT INTO public.tblingredient (ingredient_id,name) VALUES (1204,'Форель');
INSERT INTO public.tblingredientnutritionaninformation (amount, ingredient_id, ni_id) VALUES (2.1, 1204, 1);
INSERT INTO public.tblingredientnutritionaninformation (amount, ingredient_id, ni_id) VALUES (19.2, 1204, 2);
INSERT INTO public.tblingredientnutritionaninformation (amount, ingredient_id, ni_id) VALUES (0.0, 1204, 3);
INSERT INTO public.tblingredient (ingredient_id,name) VALUES (1205,'Фруктоза');
INSERT INTO public.tblingredientnutritionaninformation (amount, ingredient_id, ni_id) VALUES (0.0, 1205, 1);
INSERT INTO public.tblingredientnutritionaninformation (amount, ingredient_id, ni_id) VALUES (0.0, 1205, 2);
INSERT INTO public.tblingredientnutritionaninformation (amount, ingredient_id, ni_id) VALUES (99.8, 1205, 3);
INSERT INTO public.tblingredient (ingredient_id,name) VALUES (1206,'Фугу');
INSERT INTO public.tblingredientnutritionaninformation (amount, ingredient_id, ni_id) VALUES (1.6, 1206, 1);
INSERT INTO public.tblingredientnutritionaninformation (amount, ingredient_id, ni_id) VALUES (16.4, 1206, 2);
INSERT INTO public.tblingredientnutritionaninformation (amount, ingredient_id, ni_id) VALUES (0.0, 1206, 3);
INSERT INTO public.tblingredient (ingredient_id,name) VALUES (1207,'Фундук');
INSERT INTO public.tblingredientnutritionaninformation (amount, ingredient_id, ni_id) VALUES (66.9, 1207, 1);
INSERT INTO public.tblingredientnutritionaninformation (amount, ingredient_id, ni_id) VALUES (16.1, 1207, 2);
INSERT INTO public.tblingredientnutritionaninformation (amount, ingredient_id, ni_id) VALUES (9.9, 1207, 3);
INSERT INTO public.tblingredient (ingredient_id,name) VALUES (1208,'Фунчоза');
INSERT INTO public.tblingredientnutritionaninformation (amount, ingredient_id, ni_id) VALUES (0.5, 1208, 1);
INSERT INTO public.tblingredientnutritionaninformation (amount, ingredient_id, ni_id) VALUES (0.7, 1208, 2);
INSERT INTO public.tblingredientnutritionaninformation (amount, ingredient_id, ni_id) VALUES (84.0, 1208, 3);
INSERT INTO public.tblingredient (ingredient_id,name) VALUES (1209,'Хамон');
INSERT INTO public.tblingredientnutritionaninformation (amount, ingredient_id, ni_id) VALUES (16.1, 1209, 1);
INSERT INTO public.tblingredientnutritionaninformation (amount, ingredient_id, ni_id) VALUES (34.8, 1209, 2);
INSERT INTO public.tblingredientnutritionaninformation (amount, ingredient_id, ni_id) VALUES (1.3, 1209, 3);
INSERT INTO public.tblingredient (ingredient_id,name) VALUES (1210,'Ханшин');
INSERT INTO public.tblingredientnutritionaninformation (amount, ingredient_id, ni_id) VALUES (0.0, 1210, 1);
INSERT INTO public.tblingredientnutritionaninformation (amount, ingredient_id, ni_id) VALUES (0.1, 1210, 2);
INSERT INTO public.tblingredientnutritionaninformation (amount, ingredient_id, ni_id) VALUES (0.2, 1210, 3);
INSERT INTO public.tblingredient (ingredient_id,name) VALUES (1211,'Хариус');
INSERT INTO public.tblingredientnutritionaninformation (amount, ingredient_id, ni_id) VALUES (2.0, 1211, 1);
INSERT INTO public.tblingredientnutritionaninformation (amount, ingredient_id, ni_id) VALUES (17.5, 1211, 2);
INSERT INTO public.tblingredientnutritionaninformation (amount, ingredient_id, ni_id) VALUES (0.0, 1211, 3);
INSERT INTO public.tblingredient (ingredient_id,name) VALUES (1212,'Хек свежий');
INSERT INTO public.tblingredientnutritionaninformation (amount, ingredient_id, ni_id) VALUES (2.2, 1212, 1);
INSERT INTO public.tblingredientnutritionaninformation (amount, ingredient_id, ni_id) VALUES (16.6, 1212, 2);
INSERT INTO public.tblingredientnutritionaninformation (amount, ingredient_id, ni_id) VALUES (0.0, 1212, 3);
INSERT INTO public.tblingredient (ingredient_id,name) VALUES (1213,'Хикама');
INSERT INTO public.tblingredientnutritionaninformation (amount, ingredient_id, ni_id) VALUES (0.1, 1213, 1);
INSERT INTO public.tblingredientnutritionaninformation (amount, ingredient_id, ni_id) VALUES (0.7, 1213, 2);
INSERT INTO public.tblingredientnutritionaninformation (amount, ingredient_id, ni_id) VALUES (8.8, 1213, 3);
INSERT INTO public.tblingredient (ingredient_id,name) VALUES (1214,'Хлеб бездрожжевой из цельного зерна');
INSERT INTO public.tblingredientnutritionaninformation (amount, ingredient_id, ni_id) VALUES (2, 1214, 1);
INSERT INTO public.tblingredientnutritionaninformation (amount, ingredient_id, ni_id) VALUES (10, 1214, 2);
INSERT INTO public.tblingredientnutritionaninformation (amount, ingredient_id, ni_id) VALUES (51, 1214, 3);
INSERT INTO public.tblingredient (ingredient_id,name) VALUES (1215,'Хлеб Овсяный');
INSERT INTO public.tblingredientnutritionaninformation (amount, ingredient_id, ni_id) VALUES (3.2, 1215, 1);
INSERT INTO public.tblingredientnutritionaninformation (amount, ingredient_id, ni_id) VALUES (7.1, 1215, 2);
INSERT INTO public.tblingredientnutritionaninformation (amount, ingredient_id, ni_id) VALUES (40.8, 1215, 3);
INSERT INTO public.tblingredient (ingredient_id,name) VALUES (1216,'Хлеб Пшеничный');
INSERT INTO public.tblingredientnutritionaninformation (amount, ingredient_id, ni_id) VALUES (1.0, 1216, 1);
INSERT INTO public.tblingredientnutritionaninformation (amount, ingredient_id, ni_id) VALUES (8.1, 1216, 2);
INSERT INTO public.tblingredientnutritionaninformation (amount, ingredient_id, ni_id) VALUES (48.8, 1216, 3);
INSERT INTO public.tblingredient (ingredient_id,name) VALUES (1217,'Хлеб Ржано-пшеничный');
INSERT INTO public.tblingredientnutritionaninformation (amount, ingredient_id, ni_id) VALUES (3.4, 1217, 1);
INSERT INTO public.tblingredientnutritionaninformation (amount, ingredient_id, ni_id) VALUES (8.1, 1217, 2);
INSERT INTO public.tblingredientnutritionaninformation (amount, ingredient_id, ni_id) VALUES (42.2, 1217, 3);
INSERT INTO public.tblingredient (ingredient_id,name) VALUES (1218,'Хлеб Ржаной');
INSERT INTO public.tblingredientnutritionaninformation (amount, ingredient_id, ni_id) VALUES (3.0, 1218, 1);
INSERT INTO public.tblingredientnutritionaninformation (amount, ingredient_id, ni_id) VALUES (13.0, 1218, 2);
INSERT INTO public.tblingredientnutritionaninformation (amount, ingredient_id, ni_id) VALUES (40.0, 1218, 3);
INSERT INTO public.tblingredient (ingredient_id,name) VALUES (1219,'Хлеб с отрубями');
INSERT INTO public.tblingredientnutritionaninformation (amount, ingredient_id, ni_id) VALUES (1.3, 1219, 1);
INSERT INTO public.tblingredientnutritionaninformation (amount, ingredient_id, ni_id) VALUES (7.5, 1219, 2);
INSERT INTO public.tblingredientnutritionaninformation (amount, ingredient_id, ni_id) VALUES (45.2, 1219, 3);
INSERT INTO public.tblingredient (ingredient_id,name) VALUES (1220,'Хлеб с семечками');
INSERT INTO public.tblingredientnutritionaninformation (amount, ingredient_id, ni_id) VALUES (10.1, 1220, 1);
INSERT INTO public.tblingredientnutritionaninformation (amount, ingredient_id, ni_id) VALUES (10.5, 1220, 2);
INSERT INTO public.tblingredientnutritionaninformation (amount, ingredient_id, ni_id) VALUES (43.3, 1220, 3);
INSERT INTO public.tblingredient (ingredient_id,name) VALUES (1221,'Хлеб Чиабатта');
INSERT INTO public.tblingredientnutritionaninformation (amount, ingredient_id, ni_id) VALUES (3.8, 1221, 1);
INSERT INTO public.tblingredientnutritionaninformation (amount, ingredient_id, ni_id) VALUES (7.7, 1221, 2);
INSERT INTO public.tblingredientnutritionaninformation (amount, ingredient_id, ni_id) VALUES (47.8, 1221, 3);
INSERT INTO public.tblingredient (ingredient_id,name) VALUES (1222,'Хлебцы гречневые');
INSERT INTO public.tblingredientnutritionaninformation (amount, ingredient_id, ni_id) VALUES (3.0, 1222, 1);
INSERT INTO public.tblingredientnutritionaninformation (amount, ingredient_id, ni_id) VALUES (12.0, 1222, 2);
INSERT INTO public.tblingredientnutritionaninformation (amount, ingredient_id, ni_id) VALUES (52.0, 1222, 3);
INSERT INTO public.tblingredient (ingredient_id,name) VALUES (1223,'Хлебцы ржаные');
INSERT INTO public.tblingredientnutritionaninformation (amount, ingredient_id, ni_id) VALUES (2.7, 1223, 1);
INSERT INTO public.tblingredientnutritionaninformation (amount, ingredient_id, ni_id) VALUES (11.0, 1223, 2);
INSERT INTO public.tblingredientnutritionaninformation (amount, ingredient_id, ni_id) VALUES (58.0, 1223, 3);
INSERT INTO public.tblingredient (ingredient_id,name) VALUES (1224,'Хлебцы рисовые');
INSERT INTO public.tblingredientnutritionaninformation (amount, ingredient_id, ni_id) VALUES (1.0, 1224, 1);
INSERT INTO public.tblingredientnutritionaninformation (amount, ingredient_id, ni_id) VALUES (6.0, 1224, 2);
INSERT INTO public.tblingredientnutritionaninformation (amount, ingredient_id, ni_id) VALUES (69.0, 1224, 3);
INSERT INTO public.tblingredient (ingredient_id,name) VALUES (1225,'Хлебцы цельнозерновые');
INSERT INTO public.tblingredientnutritionaninformation (amount, ingredient_id, ni_id) VALUES (2.3, 1225, 1);
INSERT INTO public.tblingredientnutritionaninformation (amount, ingredient_id, ni_id) VALUES (10.1, 1225, 2);
INSERT INTO public.tblingredientnutritionaninformation (amount, ingredient_id, ni_id) VALUES (57.1, 1225, 3);
INSERT INTO public.tblingredient (ingredient_id,name) VALUES (1226,'Хлорелла в порошке');
INSERT INTO public.tblingredientnutritionaninformation (amount, ingredient_id, ni_id) VALUES (0.5, 1226, 1);
INSERT INTO public.tblingredientnutritionaninformation (amount, ingredient_id, ni_id) VALUES (66.6, 1226, 2);
INSERT INTO public.tblingredientnutritionaninformation (amount, ingredient_id, ni_id) VALUES (16.7, 1226, 3);
INSERT INTO public.tblingredient (ingredient_id,name) VALUES (1227,'Хмели-сунели');
INSERT INTO public.tblingredientnutritionaninformation (amount, ingredient_id, ni_id) VALUES (40.0, 1227, 1);
INSERT INTO public.tblingredientnutritionaninformation (amount, ingredient_id, ni_id) VALUES (5.0, 1227, 2);
INSERT INTO public.tblingredientnutritionaninformation (amount, ingredient_id, ni_id) VALUES (10.0, 1227, 3);
INSERT INTO public.tblingredient (ingredient_id,name) VALUES (1228,'Хоки');
INSERT INTO public.tblingredientnutritionaninformation (amount, ingredient_id, ni_id) VALUES (0.3, 1228, 1);
INSERT INTO public.tblingredientnutritionaninformation (amount, ingredient_id, ni_id) VALUES (19.2, 1228, 2);
INSERT INTO public.tblingredientnutritionaninformation (amount, ingredient_id, ni_id) VALUES (0.1, 1228, 3);
INSERT INTO public.tblingredient (ingredient_id,name) VALUES (1229,'Хоккигай');
INSERT INTO public.tblingredientnutritionaninformation (amount, ingredient_id, ni_id) VALUES (1.1, 1229, 1);
INSERT INTO public.tblingredientnutritionaninformation (amount, ingredient_id, ni_id) VALUES (16.7, 1229, 2);
INSERT INTO public.tblingredientnutritionaninformation (amount, ingredient_id, ni_id) VALUES (0.0, 1229, 3);
INSERT INTO public.tblingredient (ingredient_id,name) VALUES (1230,'Хрен');
INSERT INTO public.tblingredientnutritionaninformation (amount, ingredient_id, ni_id) VALUES (0.4, 1230, 1);
INSERT INTO public.tblingredientnutritionaninformation (amount, ingredient_id, ni_id) VALUES (3.2, 1230, 2);
INSERT INTO public.tblingredientnutritionaninformation (amount, ingredient_id, ni_id) VALUES (10.5, 1230, 3);
INSERT INTO public.tblingredient (ingredient_id,name) VALUES (1231,'Хрен сушеный');
INSERT INTO public.tblingredientnutritionaninformation (amount, ingredient_id, ni_id) VALUES (0.4, 1231, 1);
INSERT INTO public.tblingredientnutritionaninformation (amount, ingredient_id, ni_id) VALUES (3.2, 1231, 2);
INSERT INTO public.tblingredientnutritionaninformation (amount, ingredient_id, ni_id) VALUES (10.5, 1231, 3);
INSERT INTO public.tblingredient (ingredient_id,name) VALUES (1232,'Хурма');
INSERT INTO public.tblingredientnutritionaninformation (amount, ingredient_id, ni_id) VALUES (0.3, 1232, 1);
INSERT INTO public.tblingredientnutritionaninformation (amount, ingredient_id, ni_id) VALUES (0.5, 1232, 2);
INSERT INTO public.tblingredientnutritionaninformation (amount, ingredient_id, ni_id) VALUES (15.3, 1232, 3);
INSERT INTO public.tblingredient (ingredient_id,name) VALUES (1233,'Цабр');
INSERT INTO public.tblingredientnutritionaninformation (amount, ingredient_id, ni_id) VALUES (0.5, 1233, 1);
INSERT INTO public.tblingredientnutritionaninformation (amount, ingredient_id, ni_id) VALUES (0.7, 1233, 2);
INSERT INTO public.tblingredientnutritionaninformation (amount, ingredient_id, ni_id) VALUES (6.0, 1233, 3);
INSERT INTO public.tblingredient (ingredient_id,name) VALUES (1234,'Цедра апельсина');
INSERT INTO public.tblingredientnutritionaninformation (amount, ingredient_id, ni_id) VALUES (0.1, 1234, 1);
INSERT INTO public.tblingredientnutritionaninformation (amount, ingredient_id, ni_id) VALUES (0.9, 1234, 2);
INSERT INTO public.tblingredientnutritionaninformation (amount, ingredient_id, ni_id) VALUES (3.0, 1234, 3);
INSERT INTO public.tblingredient (ingredient_id,name) VALUES (1235,'Цедра грейпфрута');
INSERT INTO public.tblingredientnutritionaninformation (amount, ingredient_id, ni_id) VALUES (0.2, 1235, 1);
INSERT INTO public.tblingredientnutritionaninformation (amount, ingredient_id, ni_id) VALUES (0.7, 1235, 2);
INSERT INTO public.tblingredientnutritionaninformation (amount, ingredient_id, ni_id) VALUES (6.5, 1235, 3);
INSERT INTO public.tblingredient (ingredient_id,name) VALUES (1236,'Цедра лайма');
INSERT INTO public.tblingredientnutritionaninformation (amount, ingredient_id, ni_id) VALUES (0.1, 1236, 1);
INSERT INTO public.tblingredientnutritionaninformation (amount, ingredient_id, ni_id) VALUES (0.9, 1236, 2);
INSERT INTO public.tblingredientnutritionaninformation (amount, ingredient_id, ni_id) VALUES (3.0, 1236, 3);
INSERT INTO public.tblingredient (ingredient_id,name) VALUES (1237,'Цедра лимона');
INSERT INTO public.tblingredientnutritionaninformation (amount, ingredient_id, ni_id) VALUES (0.1, 1237, 1);
INSERT INTO public.tblingredientnutritionaninformation (amount, ingredient_id, ni_id) VALUES (0.9, 1237, 2);
INSERT INTO public.tblingredientnutritionaninformation (amount, ingredient_id, ni_id) VALUES (3.0, 1237, 3);
INSERT INTO public.tblingredient (ingredient_id,name) VALUES (1238,'Цесарка');
INSERT INTO public.tblingredientnutritionaninformation (amount, ingredient_id, ni_id) VALUES (2.5, 1238, 1);
INSERT INTO public.tblingredientnutritionaninformation (amount, ingredient_id, ni_id) VALUES (20.6, 1238, 2);
INSERT INTO public.tblingredientnutritionaninformation (amount, ingredient_id, ni_id) VALUES (0.0, 1238, 3);
INSERT INTO public.tblingredient (ingredient_id,name) VALUES (1239,'Цикорий');
INSERT INTO public.tblingredientnutritionaninformation (amount, ingredient_id, ni_id) VALUES (0.2, 1239, 1);
INSERT INTO public.tblingredientnutritionaninformation (amount, ingredient_id, ni_id) VALUES (1.7, 1239, 2);
INSERT INTO public.tblingredientnutritionaninformation (amount, ingredient_id, ni_id) VALUES (4.1, 1239, 3);
INSERT INTO public.tblingredient (ingredient_id,name) VALUES (1240,'Цикорий (корень)');
INSERT INTO public.tblingredientnutritionaninformation (amount, ingredient_id, ni_id) VALUES (0.0, 1240, 1);
INSERT INTO public.tblingredientnutritionaninformation (amount, ingredient_id, ni_id) VALUES (10.0, 1240, 2);
INSERT INTO public.tblingredientnutritionaninformation (amount, ingredient_id, ni_id) VALUES (50.0, 1240, 3);
INSERT INTO public.tblingredient (ingredient_id,name) VALUES (1241,'Ципуро');
INSERT INTO public.tblingredientnutritionaninformation (amount, ingredient_id, ni_id) VALUES (0.1, 1241, 1);
INSERT INTO public.tblingredientnutritionaninformation (amount, ingredient_id, ni_id) VALUES (0.1, 1241, 2);
INSERT INTO public.tblingredientnutritionaninformation (amount, ingredient_id, ni_id) VALUES (0.4, 1241, 3);
INSERT INTO public.tblingredient (ingredient_id,name) VALUES (1242,'Цитрон');
INSERT INTO public.tblingredientnutritionaninformation (amount, ingredient_id, ni_id) VALUES (0.1, 1242, 1);
INSERT INTO public.tblingredientnutritionaninformation (amount, ingredient_id, ni_id) VALUES (0.9, 1242, 2);
INSERT INTO public.tblingredientnutritionaninformation (amount, ingredient_id, ni_id) VALUES (3.0, 1242, 3);
INSERT INTO public.tblingredient (ingredient_id,name) VALUES (1243,'Цуккини');
INSERT INTO public.tblingredientnutritionaninformation (amount, ingredient_id, ni_id) VALUES (0.2, 1243, 1);
INSERT INTO public.tblingredientnutritionaninformation (amount, ingredient_id, ni_id) VALUES (1.5, 1243, 2);
INSERT INTO public.tblingredientnutritionaninformation (amount, ingredient_id, ni_id) VALUES (3.0, 1243, 3);
INSERT INTO public.tblingredient (ingredient_id,name) VALUES (1244,'Чабер садовый сушеный');
INSERT INTO public.tblingredientnutritionaninformation (amount, ingredient_id, ni_id) VALUES (5.9, 1244, 1);
INSERT INTO public.tblingredientnutritionaninformation (amount, ingredient_id, ni_id) VALUES (6.7, 1244, 2);
INSERT INTO public.tblingredientnutritionaninformation (amount, ingredient_id, ni_id) VALUES (23.0, 1244, 3);
INSERT INTO public.tblingredient (ingredient_id,name) VALUES (1245,'Чавыча');
INSERT INTO public.tblingredientnutritionaninformation (amount, ingredient_id, ni_id) VALUES (8.0, 1245, 1);
INSERT INTO public.tblingredientnutritionaninformation (amount, ingredient_id, ni_id) VALUES (19.1, 1245, 2);
INSERT INTO public.tblingredientnutritionaninformation (amount, ingredient_id, ni_id) VALUES (0.0, 1245, 3);
INSERT INTO public.tblingredient (ingredient_id,name) VALUES (1246,'Чай жёлтый сухой');
INSERT INTO public.tblingredientnutritionaninformation (amount, ingredient_id, ni_id) VALUES (5.1, 1246, 1);
INSERT INTO public.tblingredientnutritionaninformation (amount, ingredient_id, ni_id) VALUES (20.0, 1246, 2);
INSERT INTO public.tblingredientnutritionaninformation (amount, ingredient_id, ni_id) VALUES (4.0, 1246, 3);
INSERT INTO public.tblingredient (ingredient_id,name) VALUES (1247,'Чай зелёный');
INSERT INTO public.tblingredientnutritionaninformation (amount, ingredient_id, ni_id) VALUES (0.0, 1247, 1);
INSERT INTO public.tblingredientnutritionaninformation (amount, ingredient_id, ni_id) VALUES (0.0, 1247, 2);
INSERT INTO public.tblingredientnutritionaninformation (amount, ingredient_id, ni_id) VALUES (0.0, 1247, 3);
INSERT INTO public.tblingredient (ingredient_id,name) VALUES (1248,'Чай зелёный сухой');
INSERT INTO public.tblingredientnutritionaninformation (amount, ingredient_id, ni_id) VALUES (5.1, 1248, 1);
INSERT INTO public.tblingredientnutritionaninformation (amount, ingredient_id, ni_id) VALUES (20.0, 1248, 2);
INSERT INTO public.tblingredientnutritionaninformation (amount, ingredient_id, ni_id) VALUES (4.0, 1248, 3);
INSERT INTO public.tblingredient (ingredient_id,name) VALUES (1249,'Чай каркаде');
INSERT INTO public.tblingredientnutritionaninformation (amount, ingredient_id, ni_id) VALUES (0.0, 1249, 1);
INSERT INTO public.tblingredientnutritionaninformation (amount, ingredient_id, ni_id) VALUES (0.3, 1249, 2);
INSERT INTO public.tblingredientnutritionaninformation (amount, ingredient_id, ni_id) VALUES (0.6, 1249, 3);
INSERT INTO public.tblingredient (ingredient_id,name) VALUES (1250,'Чай каркаде сухой');
INSERT INTO public.tblingredientnutritionaninformation (amount, ingredient_id, ni_id) VALUES (0.1, 1250, 1);
INSERT INTO public.tblingredientnutritionaninformation (amount, ingredient_id, ni_id) VALUES (1.9, 1250, 2);
INSERT INTO public.tblingredientnutritionaninformation (amount, ingredient_id, ni_id) VALUES (12.3, 1250, 3);
INSERT INTO public.tblingredient (ingredient_id,name) VALUES (1251,'Чай красный сухой');
INSERT INTO public.tblingredientnutritionaninformation (amount, ingredient_id, ni_id) VALUES (5.1, 1251, 1);
INSERT INTO public.tblingredientnutritionaninformation (amount, ingredient_id, ni_id) VALUES (20.0, 1251, 2);
INSERT INTO public.tblingredientnutritionaninformation (amount, ingredient_id, ni_id) VALUES (6.9, 1251, 3);
INSERT INTO public.tblingredient (ingredient_id,name) VALUES (1252,'Чай масала сухой');
INSERT INTO public.tblingredientnutritionaninformation (amount, ingredient_id, ni_id) VALUES (15.0, 1252, 1);
INSERT INTO public.tblingredientnutritionaninformation (amount, ingredient_id, ni_id) VALUES (15.0, 1252, 2);
INSERT INTO public.tblingredientnutritionaninformation (amount, ingredient_id, ni_id) VALUES (45.0, 1252, 3);
INSERT INTO public.tblingredient (ingredient_id,name) VALUES (1253,'Чай матча сухой');
INSERT INTO public.tblingredientnutritionaninformation (amount, ingredient_id, ni_id) VALUES (0.1, 1253, 1);
INSERT INTO public.tblingredientnutritionaninformation (amount, ingredient_id, ni_id) VALUES (24.9, 1253, 2);
INSERT INTO public.tblingredientnutritionaninformation (amount, ingredient_id, ni_id) VALUES (51.1, 1253, 3);
INSERT INTO public.tblingredient (ingredient_id,name) VALUES (1254,'Чай молочный улун (оолонг) сухой');
INSERT INTO public.tblingredientnutritionaninformation (amount, ingredient_id, ni_id) VALUES (5.1, 1254, 1);
INSERT INTO public.tblingredientnutritionaninformation (amount, ingredient_id, ni_id) VALUES (20.1, 1254, 2);
INSERT INTO public.tblingredientnutritionaninformation (amount, ingredient_id, ni_id) VALUES (4.0, 1254, 3);
INSERT INTO public.tblingredient (ingredient_id,name) VALUES (1255,'Чай пуэр сухой');
INSERT INTO public.tblingredientnutritionaninformation (amount, ingredient_id, ni_id) VALUES (5.1, 1255, 1);
INSERT INTO public.tblingredientnutritionaninformation (amount, ingredient_id, ni_id) VALUES (20.0, 1255, 2);
INSERT INTO public.tblingredientnutritionaninformation (amount, ingredient_id, ni_id) VALUES (6.9, 1255, 3);
INSERT INTO public.tblingredient (ingredient_id,name) VALUES (1256,'Чай ройбос (ройбуш) сухой');
INSERT INTO public.tblingredientnutritionaninformation (amount, ingredient_id, ni_id) VALUES (0.8, 1256, 1);
INSERT INTO public.tblingredientnutritionaninformation (amount, ingredient_id, ni_id) VALUES (0.8, 1256, 2);
INSERT INTO public.tblingredientnutritionaninformation (amount, ingredient_id, ni_id) VALUES (1.2, 1256, 3);
INSERT INTO public.tblingredient (ingredient_id,name) VALUES (1257,'Чай ромашковый');
INSERT INTO public.tblingredientnutritionaninformation (amount, ingredient_id, ni_id) VALUES (0.0, 1257, 1);
INSERT INTO public.tblingredientnutritionaninformation (amount, ingredient_id, ni_id) VALUES (0.0, 1257, 2);
INSERT INTO public.tblingredientnutritionaninformation (amount, ingredient_id, ni_id) VALUES (0.2, 1257, 3);
INSERT INTO public.tblingredient (ingredient_id,name) VALUES (1258,'Чай связанный сухой');
INSERT INTO public.tblingredientnutritionaninformation (amount, ingredient_id, ni_id) VALUES (5.1, 1258, 1);
INSERT INTO public.tblingredientnutritionaninformation (amount, ingredient_id, ni_id) VALUES (20.0, 1258, 2);
INSERT INTO public.tblingredientnutritionaninformation (amount, ingredient_id, ni_id) VALUES (4.0, 1258, 3);
INSERT INTO public.tblingredient (ingredient_id,name) VALUES (1259,'Чай синий из цветов Klitoria Ternatea');
INSERT INTO public.tblingredientnutritionaninformation (amount, ingredient_id, ni_id) VALUES (0.0, 1259, 1);
INSERT INTO public.tblingredientnutritionaninformation (amount, ingredient_id, ni_id) VALUES (0.0, 1259, 2);
INSERT INTO public.tblingredientnutritionaninformation (amount, ingredient_id, ni_id) VALUES (9.0, 1259, 3);
INSERT INTO public.tblingredient (ingredient_id,name) VALUES (1260,'Чай чёрный байховый сухой');
INSERT INTO public.tblingredientnutritionaninformation (amount, ingredient_id, ni_id) VALUES (5.1, 1260, 1);
INSERT INTO public.tblingredientnutritionaninformation (amount, ingredient_id, ni_id) VALUES (20.0, 1260, 2);
INSERT INTO public.tblingredientnutritionaninformation (amount, ingredient_id, ni_id) VALUES (6.9, 1260, 3);
INSERT INTO public.tblingredient (ingredient_id,name) VALUES (1261,'Чай чёрный без сахара');
INSERT INTO public.tblingredientnutritionaninformation (amount, ingredient_id, ni_id) VALUES (0.0, 1261, 1);
INSERT INTO public.tblingredientnutritionaninformation (amount, ingredient_id, ni_id) VALUES (0.1, 1261, 2);
INSERT INTO public.tblingredientnutritionaninformation (amount, ingredient_id, ni_id) VALUES (0.0, 1261, 3);
INSERT INTO public.tblingredient (ingredient_id,name) VALUES (1262,'Чай чёрный с лимоном и сахаром');
INSERT INTO public.tblingredientnutritionaninformation (amount, ingredient_id, ni_id) VALUES (0.1, 1262, 1);
INSERT INTO public.tblingredientnutritionaninformation (amount, ingredient_id, ni_id) VALUES (0.2, 1262, 2);
INSERT INTO public.tblingredientnutritionaninformation (amount, ingredient_id, ni_id) VALUES (7.1, 1262, 3);
INSERT INTO public.tblingredient (ingredient_id,name) VALUES (1263,'Чай чёрный с молоком и сахаром');
INSERT INTO public.tblingredientnutritionaninformation (amount, ingredient_id, ni_id) VALUES (0.8, 1263, 1);
INSERT INTO public.tblingredientnutritionaninformation (amount, ingredient_id, ni_id) VALUES (0.7, 1263, 2);
INSERT INTO public.tblingredientnutritionaninformation (amount, ingredient_id, ni_id) VALUES (8.2, 1263, 3);
INSERT INTO public.tblingredient (ingredient_id,name) VALUES (1264,'Чайот (Мексиканский огурец)');
INSERT INTO public.tblingredientnutritionaninformation (amount, ingredient_id, ni_id) VALUES (0.1, 1264, 1);
INSERT INTO public.tblingredientnutritionaninformation (amount, ingredient_id, ni_id) VALUES (0.8, 1264, 2);
INSERT INTO public.tblingredientnutritionaninformation (amount, ingredient_id, ni_id) VALUES (2.8, 1264, 3);
INSERT INTO public.tblingredient (ingredient_id,name) VALUES (1265,'Чача');
INSERT INTO public.tblingredientnutritionaninformation (amount, ingredient_id, ni_id) VALUES (0.1, 1265, 1);
INSERT INTO public.tblingredientnutritionaninformation (amount, ingredient_id, ni_id) VALUES (0.1, 1265, 2);
INSERT INTO public.tblingredientnutritionaninformation (amount, ingredient_id, ni_id) VALUES (0.5, 1265, 3);
INSERT INTO public.tblingredient (ingredient_id,name) VALUES (1266,'Чемпедак');
INSERT INTO public.tblingredientnutritionaninformation (amount, ingredient_id, ni_id) VALUES (0.6, 1266, 1);
INSERT INTO public.tblingredientnutritionaninformation (amount, ingredient_id, ni_id) VALUES (2.1, 1266, 2);
INSERT INTO public.tblingredientnutritionaninformation (amount, ingredient_id, ni_id) VALUES (26.1, 1266, 3);
INSERT INTO public.tblingredient (ingredient_id,name) VALUES (1267,'Черемуха молотая');
INSERT INTO public.tblingredientnutritionaninformation (amount, ingredient_id, ni_id) VALUES (0.0, 1267, 1);
INSERT INTO public.tblingredientnutritionaninformation (amount, ingredient_id, ni_id) VALUES (8.4, 1267, 2);
INSERT INTO public.tblingredientnutritionaninformation (amount, ingredient_id, ni_id) VALUES (16.8, 1267, 3);
INSERT INTO public.tblingredient (ingredient_id,name) VALUES (1268,'Черемша');
INSERT INTO public.tblingredientnutritionaninformation (amount, ingredient_id, ni_id) VALUES (0.1, 1268, 1);
INSERT INTO public.tblingredientnutritionaninformation (amount, ingredient_id, ni_id) VALUES (2.4, 1268, 2);
INSERT INTO public.tblingredientnutritionaninformation (amount, ingredient_id, ni_id) VALUES (6.5, 1268, 3);
INSERT INTO public.tblingredient (ingredient_id,name) VALUES (1269,'Черешня');
INSERT INTO public.tblingredientnutritionaninformation (amount, ingredient_id, ni_id) VALUES (0.4, 1269, 1);
INSERT INTO public.tblingredientnutritionaninformation (amount, ingredient_id, ni_id) VALUES (1.1, 1269, 2);
INSERT INTO public.tblingredientnutritionaninformation (amount, ingredient_id, ni_id) VALUES (11.5, 1269, 3);
INSERT INTO public.tblingredient (ingredient_id,name) VALUES (1270,'Черимойя');
INSERT INTO public.tblingredientnutritionaninformation (amount, ingredient_id, ni_id) VALUES (0.6, 1270, 1);
INSERT INTO public.tblingredientnutritionaninformation (amount, ingredient_id, ni_id) VALUES (1.7, 1270, 2);
INSERT INTO public.tblingredientnutritionaninformation (amount, ingredient_id, ni_id) VALUES (15.4, 1270, 3);
INSERT INTO public.tblingredient (ingredient_id,name) VALUES (1271,'Черника');
INSERT INTO public.tblingredientnutritionaninformation (amount, ingredient_id, ni_id) VALUES (0.4, 1271, 1);
INSERT INTO public.tblingredientnutritionaninformation (amount, ingredient_id, ni_id) VALUES (1.1, 1271, 2);
INSERT INTO public.tblingredientnutritionaninformation (amount, ingredient_id, ni_id) VALUES (7.6, 1271, 3);
INSERT INTO public.tblingredient (ingredient_id,name) VALUES (1272,'Черноплодная рябина');
INSERT INTO public.tblingredientnutritionaninformation (amount, ingredient_id, ni_id) VALUES (0.2, 1272, 1);
INSERT INTO public.tblingredientnutritionaninformation (amount, ingredient_id, ni_id) VALUES (1.5, 1272, 2);
INSERT INTO public.tblingredientnutritionaninformation (amount, ingredient_id, ni_id) VALUES (10.9, 1272, 3);
INSERT INTO public.tblingredient (ingredient_id,name) VALUES (1273,'Чернослив');
INSERT INTO public.tblingredientnutritionaninformation (amount, ingredient_id, ni_id) VALUES (0.7, 1273, 1);
INSERT INTO public.tblingredientnutritionaninformation (amount, ingredient_id, ni_id) VALUES (2.3, 1273, 2);
INSERT INTO public.tblingredientnutritionaninformation (amount, ingredient_id, ni_id) VALUES (57.5, 1273, 3);
INSERT INTO public.tblingredient (ingredient_id,name) VALUES (1274,'Чернушки');
INSERT INTO public.tblingredientnutritionaninformation (amount, ingredient_id, ni_id) VALUES (0.3, 1274, 1);
INSERT INTO public.tblingredientnutritionaninformation (amount, ingredient_id, ni_id) VALUES (1.5, 1274, 2);
INSERT INTO public.tblingredientnutritionaninformation (amount, ingredient_id, ni_id) VALUES (0.1, 1274, 3);
INSERT INTO public.tblingredient (ingredient_id,name) VALUES (1275,'Чеснок');
INSERT INTO public.tblingredientnutritionaninformation (amount, ingredient_id, ni_id) VALUES (0.5, 1275, 1);
INSERT INTO public.tblingredientnutritionaninformation (amount, ingredient_id, ni_id) VALUES (6.5, 1275, 2);
INSERT INTO public.tblingredientnutritionaninformation (amount, ingredient_id, ni_id) VALUES (29.9, 1275, 3);
INSERT INTO public.tblingredient (ingredient_id,name) VALUES (1276,'Чеснок (стрелки)');
INSERT INTO public.tblingredientnutritionaninformation (amount, ingredient_id, ni_id) VALUES (0.1, 1276, 1);
INSERT INTO public.tblingredientnutritionaninformation (amount, ingredient_id, ni_id) VALUES (1.3, 1276, 2);
INSERT INTO public.tblingredientnutritionaninformation (amount, ingredient_id, ni_id) VALUES (3.4, 1276, 3);
INSERT INTO public.tblingredient (ingredient_id,name) VALUES (1277,'Чеснок сушеный');
INSERT INTO public.tblingredientnutritionaninformation (amount, ingredient_id, ni_id) VALUES (0.4, 1277, 1);
INSERT INTO public.tblingredientnutritionaninformation (amount, ingredient_id, ni_id) VALUES (16.0, 1277, 2);
INSERT INTO public.tblingredientnutritionaninformation (amount, ingredient_id, ni_id) VALUES (75.0, 1277, 3);
INSERT INTO public.tblingredient (ingredient_id,name) VALUES (1278,'Чехонь');
INSERT INTO public.tblingredientnutritionaninformation (amount, ingredient_id, ni_id) VALUES (2.0, 1278, 1);
INSERT INTO public.tblingredientnutritionaninformation (amount, ingredient_id, ni_id) VALUES (17.5, 1278, 2);
INSERT INTO public.tblingredientnutritionaninformation (amount, ingredient_id, ni_id) VALUES (0.0, 1278, 3);
INSERT INTO public.tblingredient (ingredient_id,name) VALUES (1279,'Чечевица (ростки)');
INSERT INTO public.tblingredientnutritionaninformation (amount, ingredient_id, ni_id) VALUES (0.6, 1279, 1);
INSERT INTO public.tblingredientnutritionaninformation (amount, ingredient_id, ni_id) VALUES (9.0, 1279, 2);
INSERT INTO public.tblingredientnutritionaninformation (amount, ingredient_id, ni_id) VALUES (22.1, 1279, 3);
INSERT INTO public.tblingredient (ingredient_id,name) VALUES (1280,'Чечевица красная');
INSERT INTO public.tblingredientnutritionaninformation (amount, ingredient_id, ni_id) VALUES (1.1, 1280, 1);
INSERT INTO public.tblingredientnutritionaninformation (amount, ingredient_id, ni_id) VALUES (21.6, 1280, 2);
INSERT INTO public.tblingredientnutritionaninformation (amount, ingredient_id, ni_id) VALUES (48.0, 1280, 3);
INSERT INTO public.tblingredient (ingredient_id,name) VALUES (1281,'Чечевица сушёная');
INSERT INTO public.tblingredientnutritionaninformation (amount, ingredient_id, ni_id) VALUES (1.5, 1281, 1);
INSERT INTO public.tblingredientnutritionaninformation (amount, ingredient_id, ni_id) VALUES (24.0, 1281, 2);
INSERT INTO public.tblingredientnutritionaninformation (amount, ingredient_id, ni_id) VALUES (42.7, 1281, 3);
INSERT INTO public.tblingredient (ingredient_id,name) VALUES (1282,'Чечевица зелёная');
INSERT INTO public.tblingredientnutritionaninformation (amount, ingredient_id, ni_id) VALUES (1.1, 1282, 1);
INSERT INTO public.tblingredientnutritionaninformation (amount, ingredient_id, ni_id) VALUES (24.0, 1282, 2);
INSERT INTO public.tblingredientnutritionaninformation (amount, ingredient_id, ni_id) VALUES (53.7, 1282, 3);
INSERT INTO public.tblingredient (ingredient_id,name) VALUES (1283,'Чир (щокур)');
INSERT INTO public.tblingredientnutritionaninformation (amount, ingredient_id, ni_id) VALUES (2.0, 1283, 1);
INSERT INTO public.tblingredientnutritionaninformation (amount, ingredient_id, ni_id) VALUES (17.5, 1283, 2);
INSERT INTO public.tblingredientnutritionaninformation (amount, ingredient_id, ni_id) VALUES (0.0, 1283, 3);
INSERT INTO public.tblingredient (ingredient_id,name) VALUES (1284,'Чукучан');
INSERT INTO public.tblingredientnutritionaninformation (amount, ingredient_id, ni_id) VALUES (2.3, 1284, 1);
INSERT INTO public.tblingredientnutritionaninformation (amount, ingredient_id, ni_id) VALUES (16.7, 1284, 2);
INSERT INTO public.tblingredientnutritionaninformation (amount, ingredient_id, ni_id) VALUES (0.0, 1284, 3);
INSERT INTO public.tblingredient (ingredient_id,name) VALUES (1285,'Чупа-чупа (Матизия сердечная)');
INSERT INTO public.tblingredientnutritionaninformation (amount, ingredient_id, ni_id) VALUES (0.3, 1285, 1);
INSERT INTO public.tblingredientnutritionaninformation (amount, ingredient_id, ni_id) VALUES (0.5, 1285, 2);
INSERT INTO public.tblingredientnutritionaninformation (amount, ingredient_id, ni_id) VALUES (15.2, 1285, 3);
INSERT INTO public.tblingredient (ingredient_id,name) VALUES (1286,'Шалфей');
INSERT INTO public.tblingredientnutritionaninformation (amount, ingredient_id, ni_id) VALUES (0.4, 1286, 1);
INSERT INTO public.tblingredientnutritionaninformation (amount, ingredient_id, ni_id) VALUES (3.7, 1286, 2);
INSERT INTO public.tblingredientnutritionaninformation (amount, ingredient_id, ni_id) VALUES (8.0, 1286, 3);
INSERT INTO public.tblingredient (ingredient_id,name) VALUES (1287,'Шалфей сушеный');
INSERT INTO public.tblingredientnutritionaninformation (amount, ingredient_id, ni_id) VALUES (12.8, 1287, 1);
INSERT INTO public.tblingredientnutritionaninformation (amount, ingredient_id, ni_id) VALUES (10.6, 1287, 2);
INSERT INTO public.tblingredientnutritionaninformation (amount, ingredient_id, ni_id) VALUES (20.4, 1287, 3);
INSERT INTO public.tblingredient (ingredient_id,name) VALUES (1288,'Шампанское');
INSERT INTO public.tblingredientnutritionaninformation (amount, ingredient_id, ni_id) VALUES (0.0, 1288, 1);
INSERT INTO public.tblingredientnutritionaninformation (amount, ingredient_id, ni_id) VALUES (0.2, 1288, 2);
INSERT INTO public.tblingredientnutritionaninformation (amount, ingredient_id, ni_id) VALUES (5.0, 1288, 3);
INSERT INTO public.tblingredient (ingredient_id,name) VALUES (1289,'Шампиньоны свежие');
INSERT INTO public.tblingredientnutritionaninformation (amount, ingredient_id, ni_id) VALUES (1.0, 1289, 1);
INSERT INTO public.tblingredientnutritionaninformation (amount, ingredient_id, ni_id) VALUES (4.3, 1289, 2);
INSERT INTO public.tblingredientnutritionaninformation (amount, ingredient_id, ni_id) VALUES (0.1, 1289, 3);
INSERT INTO public.tblingredient (ingredient_id,name) VALUES (1290,'Шампиньоны сушеные');
INSERT INTO public.tblingredientnutritionaninformation (amount, ingredient_id, ni_id) VALUES (4.5, 1290, 1);
INSERT INTO public.tblingredientnutritionaninformation (amount, ingredient_id, ni_id) VALUES (26.8, 1290, 2);
INSERT INTO public.tblingredientnutritionaninformation (amount, ingredient_id, ni_id) VALUES (30.0, 1290, 3);
INSERT INTO public.tblingredient (ingredient_id,name) VALUES (1291,'Шафран');
INSERT INTO public.tblingredientnutritionaninformation (amount, ingredient_id, ni_id) VALUES (5.9, 1291, 1);
INSERT INTO public.tblingredientnutritionaninformation (amount, ingredient_id, ni_id) VALUES (11.4, 1291, 2);
INSERT INTO public.tblingredientnutritionaninformation (amount, ingredient_id, ni_id) VALUES (65.4, 1291, 3);
INSERT INTO public.tblingredient (ingredient_id,name) VALUES (1292,'Шелковица');
INSERT INTO public.tblingredientnutritionaninformation (amount, ingredient_id, ni_id) VALUES (0.0, 1292, 1);
INSERT INTO public.tblingredientnutritionaninformation (amount, ingredient_id, ni_id) VALUES (0.7, 1292, 2);
INSERT INTO public.tblingredientnutritionaninformation (amount, ingredient_id, ni_id) VALUES (13.6, 1292, 3);
INSERT INTO public.tblingredient (ingredient_id,name) VALUES (1293,'Шелковица сушеная');
INSERT INTO public.tblingredientnutritionaninformation (amount, ingredient_id, ni_id) VALUES (2.5, 1293, 1);
INSERT INTO public.tblingredientnutritionaninformation (amount, ingredient_id, ni_id) VALUES (10.0, 1293, 2);
INSERT INTO public.tblingredientnutritionaninformation (amount, ingredient_id, ni_id) VALUES (77.5, 1293, 3);
INSERT INTO public.tblingredient (ingredient_id,name) VALUES (1294,'Шемая');
INSERT INTO public.tblingredientnutritionaninformation (amount, ingredient_id, ni_id) VALUES (2.0, 1294, 1);
INSERT INTO public.tblingredientnutritionaninformation (amount, ingredient_id, ni_id) VALUES (17.5, 1294, 2);
INSERT INTO public.tblingredientnutritionaninformation (amount, ingredient_id, ni_id) VALUES (0.0, 1294, 3);
INSERT INTO public.tblingredient (ingredient_id,name) VALUES (1295,'Шефердия серебристая');
INSERT INTO public.tblingredientnutritionaninformation (amount, ingredient_id, ni_id) VALUES (0.2, 1295, 1);
INSERT INTO public.tblingredientnutritionaninformation (amount, ingredient_id, ni_id) VALUES (0.5, 1295, 2);
INSERT INTO public.tblingredientnutritionaninformation (amount, ingredient_id, ni_id) VALUES (3.7, 1295, 3);
INSERT INTO public.tblingredient (ingredient_id,name) VALUES (1296,'Шиитаке свежие');
INSERT INTO public.tblingredientnutritionaninformation (amount, ingredient_id, ni_id) VALUES (0.5, 1296, 1);
INSERT INTO public.tblingredientnutritionaninformation (amount, ingredient_id, ni_id) VALUES (2.2, 1296, 2);
INSERT INTO public.tblingredientnutritionaninformation (amount, ingredient_id, ni_id) VALUES (6.8, 1296, 3);
INSERT INTO public.tblingredient (ingredient_id,name) VALUES (1297,'Шиитаке сушеные');
INSERT INTO public.tblingredientnutritionaninformation (amount, ingredient_id, ni_id) VALUES (0.0, 1297, 1);
INSERT INTO public.tblingredientnutritionaninformation (amount, ingredient_id, ni_id) VALUES (19.3, 1297, 2);
INSERT INTO public.tblingredientnutritionaninformation (amount, ingredient_id, ni_id) VALUES (63.4, 1297, 3);
INSERT INTO public.tblingredient (ingredient_id,name) VALUES (1298,'Шип');
INSERT INTO public.tblingredientnutritionaninformation (amount, ingredient_id, ni_id) VALUES (10.9, 1298, 1);
INSERT INTO public.tblingredientnutritionaninformation (amount, ingredient_id, ni_id) VALUES (16.4, 1298, 2);
INSERT INTO public.tblingredientnutritionaninformation (amount, ingredient_id, ni_id) VALUES (0.0, 1298, 3);
INSERT INTO public.tblingredient (ingredient_id,name) VALUES (1299,'Шиповник');
INSERT INTO public.tblingredientnutritionaninformation (amount, ingredient_id, ni_id) VALUES (0.0, 1299, 1);
INSERT INTO public.tblingredientnutritionaninformation (amount, ingredient_id, ni_id) VALUES (1.6, 1299, 2);
INSERT INTO public.tblingredientnutritionaninformation (amount, ingredient_id, ni_id) VALUES (14.0, 1299, 3);
INSERT INTO public.tblingredient (ingredient_id,name) VALUES (1300,'Шиповник сушёный');
INSERT INTO public.tblingredientnutritionaninformation (amount, ingredient_id, ni_id) VALUES (0.0, 1300, 1);
INSERT INTO public.tblingredientnutritionaninformation (amount, ingredient_id, ni_id) VALUES (3.4, 1300, 2);
INSERT INTO public.tblingredientnutritionaninformation (amount, ingredient_id, ni_id) VALUES (21.5, 1300, 3);
INSERT INTO public.tblingredient (ingredient_id,name) VALUES (1301,'Шишка сосновая молодая');
INSERT INTO public.tblingredientnutritionaninformation (amount, ingredient_id, ni_id) VALUES (0.2, 1301, 1);
INSERT INTO public.tblingredientnutritionaninformation (amount, ingredient_id, ni_id) VALUES (0.0, 1301, 2);
INSERT INTO public.tblingredientnutritionaninformation (amount, ingredient_id, ni_id) VALUES (2.0, 1301, 3);
INSERT INTO public.tblingredient (ingredient_id,name) VALUES (1302,'Шнапс');
INSERT INTO public.tblingredientnutritionaninformation (amount, ingredient_id, ni_id) VALUES (0.0, 1302, 1);
INSERT INTO public.tblingredientnutritionaninformation (amount, ingredient_id, ni_id) VALUES (0.0, 1302, 2);
INSERT INTO public.tblingredientnutritionaninformation (amount, ingredient_id, ni_id) VALUES (4.0, 1302, 3);
INSERT INTO public.tblingredient (ingredient_id,name) VALUES (1303,'Шнитт-лук');
INSERT INTO public.tblingredientnutritionaninformation (amount, ingredient_id, ni_id) VALUES (0.7, 1303, 1);
INSERT INTO public.tblingredientnutritionaninformation (amount, ingredient_id, ni_id) VALUES (3.3, 1303, 2);
INSERT INTO public.tblingredientnutritionaninformation (amount, ingredient_id, ni_id) VALUES (1.9, 1303, 3);
INSERT INTO public.tblingredient (ingredient_id,name) VALUES (1304,'Шоколад белый');
INSERT INTO public.tblingredientnutritionaninformation (amount, ingredient_id, ni_id) VALUES (30.4, 1304, 1);
INSERT INTO public.tblingredientnutritionaninformation (amount, ingredient_id, ni_id) VALUES (4.2, 1304, 2);
INSERT INTO public.tblingredientnutritionaninformation (amount, ingredient_id, ni_id) VALUES (62.2, 1304, 3);
INSERT INTO public.tblingredient (ingredient_id,name) VALUES (1305,'Шоколад горький');
INSERT INTO public.tblingredientnutritionaninformation (amount, ingredient_id, ni_id) VALUES (35.4, 1305, 1);
INSERT INTO public.tblingredientnutritionaninformation (amount, ingredient_id, ni_id) VALUES (6.2, 1305, 2);
INSERT INTO public.tblingredientnutritionaninformation (amount, ingredient_id, ni_id) VALUES (48.2, 1305, 3);
INSERT INTO public.tblingredient (ingredient_id,name) VALUES (1306,'Шпинат');
INSERT INTO public.tblingredientnutritionaninformation (amount, ingredient_id, ni_id) VALUES (0.3, 1306, 1);
INSERT INTO public.tblingredientnutritionaninformation (amount, ingredient_id, ni_id) VALUES (2.9, 1306, 2);
INSERT INTO public.tblingredientnutritionaninformation (amount, ingredient_id, ni_id) VALUES (2.0, 1306, 3);
INSERT INTO public.tblingredient (ingredient_id,name) VALUES (1307,'Щавель');
INSERT INTO public.tblingredientnutritionaninformation (amount, ingredient_id, ni_id) VALUES (0.3, 1307, 1);
INSERT INTO public.tblingredientnutritionaninformation (amount, ingredient_id, ni_id) VALUES (1.5, 1307, 2);
INSERT INTO public.tblingredientnutritionaninformation (amount, ingredient_id, ni_id) VALUES (2.9, 1307, 3);
INSERT INTO public.tblingredient (ingredient_id,name) VALUES (1308,'Щука свежая');
INSERT INTO public.tblingredientnutritionaninformation (amount, ingredient_id, ni_id) VALUES (0.8, 1308, 1);
INSERT INTO public.tblingredientnutritionaninformation (amount, ingredient_id, ni_id) VALUES (18.4, 1308, 2);
INSERT INTO public.tblingredientnutritionaninformation (amount, ingredient_id, ni_id) VALUES (0.0, 1308, 3);
INSERT INTO public.tblingredient (ingredient_id,name) VALUES (1309,'Щука фаршированная');
INSERT INTO public.tblingredientnutritionaninformation (amount, ingredient_id, ni_id) VALUES (6.0, 1309, 1);
INSERT INTO public.tblingredientnutritionaninformation (amount, ingredient_id, ni_id) VALUES (13.3, 1309, 2);
INSERT INTO public.tblingredientnutritionaninformation (amount, ingredient_id, ni_id) VALUES (8.4, 1309, 3);
INSERT INTO public.tblingredient (ingredient_id,name) VALUES (1310,'Эндивий');
INSERT INTO public.tblingredientnutritionaninformation (amount, ingredient_id, ni_id) VALUES (0.2, 1310, 1);
INSERT INTO public.tblingredientnutritionaninformation (amount, ingredient_id, ni_id) VALUES (1.3, 1310, 2);
INSERT INTO public.tblingredientnutritionaninformation (amount, ingredient_id, ni_id) VALUES (0.3, 1310, 3);
INSERT INTO public.tblingredient (ingredient_id,name) VALUES (1311,'Эринги');
INSERT INTO public.tblingredientnutritionaninformation (amount, ingredient_id, ni_id) VALUES (0.4, 1311, 1);
INSERT INTO public.tblingredientnutritionaninformation (amount, ingredient_id, ni_id) VALUES (3.3, 1311, 2);
INSERT INTO public.tblingredientnutritionaninformation (amount, ingredient_id, ni_id) VALUES (4.2, 1311, 3);
INSERT INTO public.tblingredient (ingredient_id,name) VALUES (1312,'Эстрагон');
INSERT INTO public.tblingredientnutritionaninformation (amount, ingredient_id, ni_id) VALUES (0.0, 1312, 1);
INSERT INTO public.tblingredientnutritionaninformation (amount, ingredient_id, ni_id) VALUES (1.5, 1312, 2);
INSERT INTO public.tblingredientnutritionaninformation (amount, ingredient_id, ni_id) VALUES (5.0, 1312, 3);
INSERT INTO public.tblingredient (ingredient_id,name) VALUES (1313,'Эстрагон сушеный');
INSERT INTO public.tblingredientnutritionaninformation (amount, ingredient_id, ni_id) VALUES (7.2, 1313, 1);
INSERT INTO public.tblingredientnutritionaninformation (amount, ingredient_id, ni_id) VALUES (22.7, 1313, 2);
INSERT INTO public.tblingredientnutritionaninformation (amount, ingredient_id, ni_id) VALUES (42.8, 1313, 3);
INSERT INTO public.tblingredient (ingredient_id,name) VALUES (1314,'Яблоки сушёные');
INSERT INTO public.tblingredientnutritionaninformation (amount, ingredient_id, ni_id) VALUES (0.1, 1314, 1);
INSERT INTO public.tblingredientnutritionaninformation (amount, ingredient_id, ni_id) VALUES (2.2, 1314, 2);
INSERT INTO public.tblingredientnutritionaninformation (amount, ingredient_id, ni_id) VALUES (59.0, 1314, 3);
INSERT INTO public.tblingredient (ingredient_id,name) VALUES (1315,'Яблоко');
INSERT INTO public.tblingredientnutritionaninformation (amount, ingredient_id, ni_id) VALUES (0.4, 1315, 1);
INSERT INTO public.tblingredientnutritionaninformation (amount, ingredient_id, ni_id) VALUES (0.4, 1315, 2);
INSERT INTO public.tblingredientnutritionaninformation (amount, ingredient_id, ni_id) VALUES (9.8, 1315, 3);
INSERT INTO public.tblingredient (ingredient_id,name) VALUES (1316,'Ягнёнок (каре)');
INSERT INTO public.tblingredientnutritionaninformation (amount, ingredient_id, ni_id) VALUES (14.1, 1316, 1);
INSERT INTO public.tblingredientnutritionaninformation (amount, ingredient_id, ni_id) VALUES (16.2, 1316, 2);
INSERT INTO public.tblingredientnutritionaninformation (amount, ingredient_id, ni_id) VALUES (0.0, 1316, 3);
INSERT INTO public.tblingredient (ingredient_id,name) VALUES (1317,'Ягнёнок (нога)');
INSERT INTO public.tblingredientnutritionaninformation (amount, ingredient_id, ni_id) VALUES (5.1, 1317, 1);
INSERT INTO public.tblingredientnutritionaninformation (amount, ingredient_id, ni_id) VALUES (20.6, 1317, 2);
INSERT INTO public.tblingredientnutritionaninformation (amount, ingredient_id, ni_id) VALUES (0.0, 1317, 3);
INSERT INTO public.tblingredient (ingredient_id,name) VALUES (1318,'Ягнятина');
INSERT INTO public.tblingredientnutritionaninformation (amount, ingredient_id, ni_id) VALUES (14.1, 1318, 1);
INSERT INTO public.tblingredientnutritionaninformation (amount, ingredient_id, ni_id) VALUES (16.2, 1318, 2);
INSERT INTO public.tblingredientnutritionaninformation (amount, ingredient_id, ni_id) VALUES (0.0, 1318, 3);
INSERT INTO public.tblingredient (ingredient_id,name) VALUES (1319,'Ягоды годжи сушеные');
INSERT INTO public.tblingredientnutritionaninformation (amount, ingredient_id, ni_id) VALUES (2.6, 1319, 1);
INSERT INTO public.tblingredientnutritionaninformation (amount, ingredient_id, ni_id) VALUES (11.1, 1319, 2);
INSERT INTO public.tblingredientnutritionaninformation (amount, ingredient_id, ni_id) VALUES (53.4, 1319, 3);
INSERT INTO public.tblingredient (ingredient_id,name) VALUES (1320,'Ядро конопли');
INSERT INTO public.tblingredientnutritionaninformation (amount, ingredient_id, ni_id) VALUES (41.0, 1320, 1);
INSERT INTO public.tblingredientnutritionaninformation (amount, ingredient_id, ni_id) VALUES (30.0, 1320, 2);
INSERT INTO public.tblingredientnutritionaninformation (amount, ingredient_id, ni_id) VALUES (10.7, 1320, 3);
INSERT INTO public.tblingredient (ingredient_id,name) VALUES (1321,'Язык морской');
INSERT INTO public.tblingredientnutritionaninformation (amount, ingredient_id, ni_id) VALUES (5.2, 1321, 1);
INSERT INTO public.tblingredientnutritionaninformation (amount, ingredient_id, ni_id) VALUES (10.3, 1321, 2);
INSERT INTO public.tblingredientnutritionaninformation (amount, ingredient_id, ni_id) VALUES (0.0, 1321, 3);
INSERT INTO public.tblingredient (ingredient_id,name) VALUES (1322,'Язь свежий');
INSERT INTO public.tblingredientnutritionaninformation (amount, ingredient_id, ni_id) VALUES (1.0, 1322, 1);
INSERT INTO public.tblingredientnutritionaninformation (amount, ingredient_id, ni_id) VALUES (18.2, 1322, 2);
INSERT INTO public.tblingredientnutritionaninformation (amount, ingredient_id, ni_id) VALUES (0.0, 1322, 3);
INSERT INTO public.tblingredient (ingredient_id,name) VALUES (1323,'Яйцо гусиное');
INSERT INTO public.tblingredientnutritionaninformation (amount, ingredient_id, ni_id) VALUES (13.3, 1323, 1);
INSERT INTO public.tblingredientnutritionaninformation (amount, ingredient_id, ni_id) VALUES (13.9, 1323, 2);
INSERT INTO public.tblingredientnutritionaninformation (amount, ingredient_id, ni_id) VALUES (1.4, 1323, 3);
INSERT INTO public.tblingredient (ingredient_id,name) VALUES (1324,'Яйцо индюшиное');
INSERT INTO public.tblingredientnutritionaninformation (amount, ingredient_id, ni_id) VALUES (11.7, 1324, 1);
INSERT INTO public.tblingredientnutritionaninformation (amount, ingredient_id, ni_id) VALUES (13.1, 1324, 2);
INSERT INTO public.tblingredientnutritionaninformation (amount, ingredient_id, ni_id) VALUES (0.7, 1324, 3);
INSERT INTO public.tblingredient (ingredient_id,name) VALUES (1325,'Яйцо куриное');
INSERT INTO public.tblingredientnutritionaninformation (amount, ingredient_id, ni_id) VALUES (10.9, 1325, 1);
INSERT INTO public.tblingredientnutritionaninformation (amount, ingredient_id, ni_id) VALUES (12.7, 1325, 2);
INSERT INTO public.tblingredientnutritionaninformation (amount, ingredient_id, ni_id) VALUES (0.7, 1325, 3);
INSERT INTO public.tblingredient (ingredient_id,name) VALUES (1326,'Яйцо перепелиное');
INSERT INTO public.tblingredientnutritionaninformation (amount, ingredient_id, ni_id) VALUES (13.1, 1326, 1);
INSERT INTO public.tblingredientnutritionaninformation (amount, ingredient_id, ni_id) VALUES (11.9, 1326, 2);
INSERT INTO public.tblingredientnutritionaninformation (amount, ingredient_id, ni_id) VALUES (0.6, 1326, 3);
INSERT INTO public.tblingredient (ingredient_id,name) VALUES (1327,'Яйцо страусиное');
INSERT INTO public.tblingredientnutritionaninformation (amount, ingredient_id, ni_id) VALUES (11.7, 1327, 1);
INSERT INTO public.tblingredientnutritionaninformation (amount, ingredient_id, ni_id) VALUES (12.2, 1327, 2);
INSERT INTO public.tblingredientnutritionaninformation (amount, ingredient_id, ni_id) VALUES (0.7, 1327, 3);
INSERT INTO public.tblingredient (ingredient_id,name) VALUES (1328,'Яйцо утиное');
INSERT INTO public.tblingredientnutritionaninformation (amount, ingredient_id, ni_id) VALUES (14.5, 1328, 1);
INSERT INTO public.tblingredientnutritionaninformation (amount, ingredient_id, ni_id) VALUES (13.3, 1328, 2);
INSERT INTO public.tblingredientnutritionaninformation (amount, ingredient_id, ni_id) VALUES (0.1, 1328, 3);
INSERT INTO public.tblingredient (ingredient_id,name) VALUES (1329,'Яйцо черепашье');
INSERT INTO public.tblingredientnutritionaninformation (amount, ingredient_id, ni_id) VALUES (12.0, 1329, 1);
INSERT INTO public.tblingredientnutritionaninformation (amount, ingredient_id, ni_id) VALUES (10.0, 1329, 2);
INSERT INTO public.tblingredientnutritionaninformation (amount, ingredient_id, ni_id) VALUES (0.8, 1329, 3);
INSERT INTO public.tblingredient (ingredient_id,name) VALUES (1330,'Якон');
INSERT INTO public.tblingredientnutritionaninformation (amount, ingredient_id, ni_id) VALUES (0.1, 1330, 1);
INSERT INTO public.tblingredientnutritionaninformation (amount, ingredient_id, ni_id) VALUES (2.1, 1330, 2);
INSERT INTO public.tblingredientnutritionaninformation (amount, ingredient_id, ni_id) VALUES (12.8, 1330, 3);
INSERT INTO public.tblingredient (ingredient_id,name) VALUES (1331,'Ямс');
INSERT INTO public.tblingredientnutritionaninformation (amount, ingredient_id, ni_id) VALUES (0.2, 1331, 1);
INSERT INTO public.tblingredientnutritionaninformation (amount, ingredient_id, ni_id) VALUES (1.5, 1331, 2);
INSERT INTO public.tblingredientnutritionaninformation (amount, ingredient_id, ni_id) VALUES (23.8, 1331, 3);
INSERT INTO public.tblingredient (ingredient_id,name) VALUES (1332,'Ячменная крупа');
INSERT INTO public.tblingredientnutritionaninformation (amount, ingredient_id, ni_id) VALUES (1.3, 1332, 1);
INSERT INTO public.tblingredientnutritionaninformation (amount, ingredient_id, ni_id) VALUES (10.0, 1332, 2);
INSERT INTO public.tblingredientnutritionaninformation (amount, ingredient_id, ni_id) VALUES (71.7, 1332, 3);
INSERT INTO public.tblingredient (ingredient_id,name) VALUES (1333,'Ячневая крупа');
INSERT INTO public.tblingredientnutritionaninformation (amount, ingredient_id, ni_id) VALUES (1.3, 1333, 1);
INSERT INTO public.tblingredientnutritionaninformation (amount, ingredient_id, ni_id) VALUES (10.4, 1333, 2);
INSERT INTO public.tblingredientnutritionaninformation (amount, ingredient_id, ni_id) VALUES (66.3, 1333, 3);
INSERT INTO public.tblingredient (ingredient_id,name) VALUES (1334,'Морковь');
INSERT INTO public.tblingredientnutritionaninformation (amount, ingredient_id, ni_id) VALUES (0.2, 613, 1);
INSERT INTO public.tblingredientnutritionaninformation (amount, ingredient_id, ni_id) VALUES (0.9, 613, 2);
INSERT INTO public.tblingredientnutritionaninformation (amount, ingredient_id, ni_id) VALUES (6.8, 613, 3);
SELECT setval('public.tblingredient_ingredient_id_seq', max(ingredient_id)) FROM public.tblingredient;
SELECT setval('public.tblingredientnutritionaninformation_rni_id_seq', max(rni_id)) FROM public.tblingredientnutritionaninformation;


INSERT INTO tblrecipe(name,description,instructions,cooktime,imagepath,rating,level_id,cuisine_id)
VALUES ('Фахитас с курицей и фасолью','Фахитас с курицей и фасолью',
        'В разогретом масле обжариваем нарезанный болгарский перец, добавляем нарезанное кубиками куриное филе, слегка обжариваем, солим, добавляем нарезанный перец чили и консервированную в соусе чили фасоль, закрываем крышкой и тушим до готовности в течение 10 минут. Подаем с лавашом и сметаной.',
        30,'',5,1,3);
INSERT INTO tblrecipefoodcategory(recipe_id, food_category_id) VALUES (1,5);
INSERT INTO tblrecipecourse(recipe_id, course_id) VALUES (1,2);
INSERT INTO tblrecipemeals(recipe_id, meal_id) VALUES (1,2);
INSERT INTO tblrecipemeals(recipe_id, meal_id) VALUES (1,3);
INSERT INTO tblrecipeingredient(amount, ingredient_id, measurement_id, recipe_id) VALUES (3,747,3,1);
INSERT INTO tblrecipeingredient(amount, ingredient_id, measurement_id, recipe_id) VALUES (1000,429,1,1);
INSERT INTO tblrecipeingredient(amount, ingredient_id, measurement_id, recipe_id) VALUES (4,754,3,1);
INSERT INTO tblrecipeingredient(amount, ingredient_id, measurement_id, recipe_id) VALUES (0,939,1,1);
INSERT INTO tblrecipeingredient(amount, ingredient_id, measurement_id, recipe_id) VALUES (800,1190,1,1);
INSERT INTO tblrecipeingredient(amount, ingredient_id, measurement_id, recipe_id) VALUES (0,550,1,1);

INSERT INTO tblrecipe(name,description,instructions,cooktime,imagepath,rating,level_id,cuisine_id)
VALUES ('Курица в сметанно-горчичном соусе','Курица в сметанно-горчичном соусе',
'1. Нарезаем курицу на кубики среднего размера.
2. Обжариваем ее на разогретой сковородке в подсолнечном масле.
Я, как правило обжариваю ее до появления золотистого цвета. На это уходит в среднем 10-15 минут. Не надо спешить и жарить на большом огне, пусть лучше она медленно приобретает золотистый цвет, зато лучше прогреется за это время
3. Когда курица обжарилась, добавляем муку.
Хорошенько перемешиваем курицу вместе с мукой, и жарим еще какое-то время, 2-3 минутки.
4. Добавляем кипяченную воду. Она должна быть только что вскипевшей.
Хорошо перемешиваем все содержимое нашей сковородки, чтобы мука растворилась в воде и не осталось комочков. Должен получиться белесоватый однородный соус.
5. Теперь добавляем сметану и хорошо все перемешиваем.
6. И наконец, изюминка моего рецепта - французская горчица. Ее еще иногда называют дижонской. Ее главная особенность - наличие горчичных зернышек. Ее вкус может быть от сладковатого, до очень острого. Я использую чаще всего французскую горчицу фирмы Heinz, потому что она очень ароматная и острая.
Добавляем такую горчицу к нашей курочке.
И хорошо все перемешиваем.
7. Накрываем крышкой и тушим до готовности курицы. Если в процессе тушения соус выпаривается и вам кажется, что его маловато, можно добавить немного сливок 10% жирности.
8. Готовую курицу лучше всего подавать с рисом или картофельным пюре',
        30,'',5,1,1);
INSERT INTO tblrecipefoodcategory(recipe_id, food_category_id) VALUES (2,5);
INSERT INTO tblrecipecourse(recipe_id, course_id) VALUES (2,2);
INSERT INTO tblrecipemeals(recipe_id, meal_id) VALUES (2,2);
INSERT INTO tblrecipemeals(recipe_id, meal_id) VALUES (2,3);
INSERT INTO tblrecipeingredient(amount, ingredient_id, measurement_id, recipe_id) VALUES (400,429,1,2);
INSERT INTO tblrecipeingredient(amount, ingredient_id, measurement_id, recipe_id) VALUES (4,550,4,2);
INSERT INTO tblrecipeingredient(amount, ingredient_id, measurement_id, recipe_id) VALUES (3,915,4,2);
INSERT INTO tblrecipeingredient(amount, ingredient_id, measurement_id, recipe_id) VALUES (1,191,4,2);
INSERT INTO tblrecipeingredient(amount, ingredient_id, measurement_id, recipe_id) VALUES (1,648,4,2);
INSERT INTO tblrecipeingredient(amount, ingredient_id, measurement_id, recipe_id) VALUES (0,939,1,2);
INSERT INTO tblrecipeingredient(amount, ingredient_id, measurement_id, recipe_id) VALUES (0,753,1,2);

INSERT INTO tblrecipe(name,description,instructions,cooktime,imagepath,rating,level_id,cuisine_id)
VALUES ('Курица брокколи','Курица брокколи',
'1. Нарезаем курицу на кубики среднего размера.
2. Обжариваем ее на разогретой сковородке в подсолнечном масле.
Я, как правило обжариваю ее до появления золотистого цвета. На это уходит в среднем 10-15 минут. Не надо спешить и жарить на большом огне, пусть лучше она медленно приобретает золотистый цвет, зато лучше прогреется за это время
3. Добавить нарезанную морковь, соль, перец - 10 мин.
4. Добавить брокколи - 10 мин ',
30,'',5,1,1);
INSERT INTO tblrecipefoodcategory(recipe_id, food_category_id) VALUES (3,5);
INSERT INTO tblrecipecourse(recipe_id, course_id) VALUES (3,2);
INSERT INTO tblrecipemeals(recipe_id, meal_id) VALUES (3,2);
INSERT INTO tblrecipemeals(recipe_id, meal_id) VALUES (3,3);
INSERT INTO tblrecipeingredient(amount, ingredient_id, measurement_id, recipe_id) VALUES (400,429,1,3);
INSERT INTO tblrecipeingredient(amount, ingredient_id, measurement_id, recipe_id) VALUES (2,1334,3,3);
INSERT INTO tblrecipeingredient(amount, ingredient_id, measurement_id, recipe_id) VALUES (400,321,1,3);
INSERT INTO tblrecipeingredient(amount, ingredient_id, measurement_id, recipe_id) VALUES (0,939,1,3);
INSERT INTO tblrecipeingredient(amount, ingredient_id, measurement_id, recipe_id) VALUES (0,753,1,3);

INSERT INTO tblrecipe(name,description,instructions,cooktime,imagepath,rating,level_id,cuisine_id)
VALUES ('Творожок с бананом (серек)','Творожок с бананом (серек)',
        'Взбить творок с бананом при помощи блендера, после добавить чернику',
        5,'',5,1,1);
INSERT INTO tblrecipefoodcategory(recipe_id, food_category_id) VALUES (4,1);
INSERT INTO tblrecipecourse(recipe_id, course_id) VALUES (4,5);
INSERT INTO tblrecipemeals(recipe_id, meal_id) VALUES (4,1);
INSERT INTO tblrecipeingredient(amount, ingredient_id, measurement_id, recipe_id) VALUES (200,1112,1,4);
INSERT INTO tblrecipeingredient(amount, ingredient_id, measurement_id, recipe_id) VALUES (1,63,3,4);
INSERT INTO tblrecipeingredient(amount, ingredient_id, measurement_id, recipe_id) VALUES (25,1271,1,4);

INSERT INTO tblrecipe(name,description,instructions,cooktime,imagepath,rating,level_id,cuisine_id)
VALUES ('Ленивая овсянка','Ленивая овсянка',
        'Измельчить банан, добавить овсянку, йогурт. Перемешать и добавить чернику. Оставить на 2 часа в холодильнике',
        120,'',4,2,1);
INSERT INTO tblrecipefoodcategory(recipe_id, food_category_id) VALUES (5,1);
INSERT INTO tblrecipecourse(recipe_id, course_id) VALUES (5,5);
INSERT INTO tblrecipemeals(recipe_id, meal_id) VALUES (5,1);
INSERT INTO tblrecipeingredient(amount, ingredient_id, measurement_id, recipe_id) VALUES (80,681,1,5);
INSERT INTO tblrecipeingredient(amount, ingredient_id, measurement_id, recipe_id) VALUES (1,63,3,5);
INSERT INTO tblrecipeingredient(amount, ingredient_id, measurement_id, recipe_id) VALUES (100,301,1,5);
INSERT INTO tblrecipeingredient(amount, ingredient_id, measurement_id, recipe_id) VALUES (25,1271,1,5);

INSERT INTO tblrecipe(name,description,instructions,cooktime,imagepath,rating,level_id,cuisine_id)
VALUES ('Омлет','Омлет',
        'Взбить яйца и молоко. На сковороде растопить масло, добавить полученную смесь. Готовить 7 мин на медленном огне.',
        10,'',3,1,1);
INSERT INTO tblrecipefoodcategory(recipe_id, food_category_id) VALUES (6,5);
INSERT INTO tblrecipecourse(recipe_id, course_id) VALUES (6,2);
INSERT INTO tblrecipemeals(recipe_id, meal_id) VALUES (6,1);
INSERT INTO tblrecipeingredient(amount, ingredient_id, measurement_id, recipe_id) VALUES (30,596,2,6);
INSERT INTO tblrecipeingredient(amount, ingredient_id, measurement_id, recipe_id) VALUES (2,1325,3,6);
INSERT INTO tblrecipeingredient(amount, ingredient_id, measurement_id, recipe_id) VALUES (2,554,1,6);

INSERT INTO mng_menu (menu_id) values(default) ;
INSERT INTO mng_mealrecipe(meal_id, menu_id) VALUES (1, 1);
INSERT INTO mng_mealreciperecipe(mealrecipe_id, recipe_id) VALUES (1,1);

INSERT INTO mng_dailymenu (date, menu_id) VALUES (now(),1);
